{
    "wallTime": 1,
    "cpuTime": 1,
    "truncated": false,
    "executionModel": "stateless",
    "outcome": "ok",
    "scriptTags": [
        "cf:service=grupo-eye-staff"
    ],
    "scriptVersion": {
        "id": "fb2c0e9d-b543-44b0-9bce-1c046366e454"
    },
    "scriptName": "grupo-eye-staff",
    "diagnosticsChannelEvents": [],
    "exceptions": [],
    "logs": [
        {
            "message": [
                "RESEND_API_KEY no configurado"
            ],
            "level": "error",
            "timestamp": 1782505680481
        }
    ],
    "eventTimestamp": 1782505680480,
    "event": {
        "request": {
            "url": "https://eye-staff.app/api/public/test-birthday-report",
            "method": "POST",
            "headers": {
                "accept": "*/*",
                "accept-encoding": "gzip, br",
                "cf-connecting-ip": "188.86.247.78",
                "cf-ipcountry": "ES",
                "cf-ray": "a11ef4b6ff70d943",
                "cf-visitor": "{\"scheme\":\"https\"}",
                "connection": "Keep-Alive",
                "content-length": "0",
                "host": "eye-staff.app",
                "user-agent": "curl/8.7.1",
                "x-forwarded-proto": "https",
                "x-real-ip": "188.86.247.78"
            },
            "cf": {
                "httpProtocol": "HTTP/2",
                "requestPriority": "weight=16;exclusive=0;group=0;group-weight=0",
                "edgeRequestKeepAliveStatus": 1,
                "requestHeaderNames": {},
                "clientTcpRtt": 7,
                "clientQuicRtt": 0,
                "colo": "MAD",
                "asn": 12430,
                "asOrganization": "VODAFONE ESPANA, S.A.U",
                "country": "ES",
                "isEUCountry": "1",
                "city": "Madrid",
                "continent": "EU",
                "region": "Madrid",
                "regionCode": "MD",
                "timezone": "Europe/Madrid",
                "longitude": "-3.70256",
                "latitude": "40.4165",
                "postalCode": "28004",
                "tlsVersion": "TLSv1.3",
                "tlsCipher": "AEAD-CHACHA20-POLY1305-SHA256",
                "tlsClientRandom": "kcCh52iaBPHOgIBIxx3NxmYSfaUAaDGdW5zFyQf55mg=",
                "tlsClientCiphersSha1": "eDGmD1H99AwNYzOR+7eoGLo6eLU=",
                "tlsClientExtensionsSha1": "Ub+nUmIm1U57hdNSUph0R+kx9Gc=",
                "tlsClientExtensionsSha1Le": "NMNf2YIpLBhtroOEBooGFi+jtJ8=",
                "tlsExportedAuthenticator": {
                    "clientHandshake": "1c5087fce734c2efa2f3991d5c86857f3c30f0152255f9c694507faea416e715",
                    "serverHandshake": "0db61def7ea494fc474b4da0acf67baad81eb8bab0e4867cdb7bea8d28cc62ed",
                    "clientFinished": "8fb31f06b9b9288981ee32c368d77c92396fad565c134e077c54a895cfcc515f",
                    "serverFinished": "22d3c35e005bc51f26dd2cd69361f7692593b70fc62a9bc30cdf69aa1ba5aea1"
                },
                "tlsClientHelloLength": "314",
                "tlsClientAuth": {
                    "certPresented": "0",
                    "certVerified": "NONE",
                    "certRevoked": "0",
                    "certIssuerDN": "",
                    "certSubjectDN": "",
                    "certIssuerDNRFC2253": "",
                    "certSubjectDNRFC2253": "",
                    "certIssuerDNLegacy": "",
                    "certSubjectDNLegacy": "",
                    "certSerial": "",
                    "certIssuerSerial": "",
                    "certSKI": "",
                    "certIssuerSKI": "",
                    "certFingerprintSHA1": "",
                    "certFingerprintSHA256": "",
                    "certNotBefore": "",
                    "certNotAfter": "",
                    "certRFC9440": "",
                    "certRFC9440TooLarge": false,
                    "certChainRFC9440": "",
                    "certChainRFC9440TooLarge": false
                },
                "verifiedBotCategory": "",
                "edgeL4": {
                    "deliveryRate": 448737
                }
            }
        },
        "response": {
            "status": 200
        }
    }
}
{
    "wallTime": 554,
    "cpuTime": 1,
    "truncated": false,
    "executionModel": "stateless",
    "outcome": "ok",
    "scriptTags": [
        "cf:service=grupo-eye-staff"
    ],
    "scriptVersion": {
        "id": "fb2c0e9d-b543-44b0-9bce-1c046366e454"
    },
    "scriptName": "grupo-eye-staff",
    "diagnosticsChannelEvents": [],
    "exceptions": [],
    "logs": [
        {
            "message": [
                "[CRON] Revisando notificaciones para 2026-06-26 16:28..."
            ],
            "level": "log",
            "timestamp": 1782505695016
        }
    ],
    "eventTimestamp": 1782505695014,
    "event": {
        "cron": "* * * * *",
        "scheduledTime": 1782505694000
    }
}
{
    "wallTime": 219,
    "cpuTime": 3,
    "truncated": false,
    "executionModel": "stateless",
    "outcome": "ok",
    "scriptTags": [
        "cf:service=grupo-eye-staff"
    ],
    "scriptVersion": {
        "id": "f02b4c45-05aa-4949-932b-6c920d5311c0"
    },
    "scriptName": "grupo-eye-staff",
    "diagnosticsChannelEvents": [],
    "exceptions": [],
    "logs": [
        {
            "message": [
                "[CRON] Revisando notificaciones para 2026-06-26 16:29..."
            ],
            "level": "log",
            "timestamp": 1782505755143
        }
    ],
    "eventTimestamp": 1782505755014,
    "event": {
        "cron": "* * * * *",
        "scheduledTime": 1782505754000
    }
}
{
    "wallTime": 112,
    "cpuTime": 3,
    "truncated": false,
    "executionModel": "stateless",
    "outcome": "ok",
    "scriptTags": [
        "cf:service=grupo-eye-staff"
    ],
    "scriptVersion": {
        "id": "f02b4c45-05aa-4949-932b-6c920d5311c0"
    },
    "scriptName": "grupo-eye-staff",
    "diagnosticsChannelEvents": [],
    "exceptions": [],
    "logs": [],
    "eventTimestamp": 1782505776036,
    "event": {
        "request": {
            "url": "https://eye-staff.app/api/staff/live-locations?t=1782505775891",
            "method": "GET",
            "headers": {
                "accept": "*/*",
                "accept-encoding": "gzip, br",
                "accept-language": "es-ES,es;q=0.9,en;q=0.8",
                "authorization": "REDACTED",
                "cache-control": "no-cache",
                "cf-connecting-ip": "188.86.247.78",
                "cf-ipcountry": "ES",
                "cf-ray": "a11ef70c1ccfc69e",
                "cf-visitor": "{\"scheme\":\"https\"}",
                "connection": "Keep-Alive",
                "content-type": "application/json",
                "host": "eye-staff.app",
                "pragma": "no-cache",
                "priority": "u=1, i",
                "referer": "https://eye-staff.app/",
                "sec-ch-ua": "\"Google Chrome\";v=\"149\", \"Chromium\";v=\"149\", \"Not)A;Brand\";v=\"24\"",
                "sec-ch-ua-mobile": "?0",
                "sec-ch-ua-platform": "\"macOS\"",
                "sec-fetch-dest": "empty",
                "sec-fetch-mode": "cors",
                "sec-fetch-site": "same-origin",
                "user-agent": "Mozilla/5.0 (Macintosh; Intel Mac OS X 10_15_7) AppleWebKit/537.36 (KHTML, like Gecko) Chrome/149.0.0.0 Safari/537.36",
                "x-forwarded-proto": "https",
                "x-real-ip": "188.86.247.78",
                "x-web-session-id": "1778900541741"
            },
            "cf": {
                "httpProtocol": "HTTP/3",
                "clientAcceptEncoding": "gzip, deflate, br",
                "requestPriority": "",
                "edgeRequestKeepAliveStatus": 1,
                "requestHeaderNames": {},
                "clientTcpRtt": 0,
                "clientQuicRtt": 8,
                "colo": "MAD",
                "asn": 12430,
                "asOrganization": "VODAFONE ESPANA, S.A.U",
                "country": "ES",
                "isEUCountry": "1",
                "city": "Madrid",
                "continent": "EU",
                "region": "Madrid",
                "regionCode": "MD",
                "timezone": "Europe/Madrid",
                "longitude": "-3.70256",
                "latitude": "40.4165",
                "postalCode": "28004",
                "tlsVersion": "TLSv1.3",
                "tlsCipher": "AEAD-AES128-GCM-SHA256",
                "tlsClientRandom": "MTR/VrdDTsWwLk6+a6medcGuTgM46+l+PN7QJbUzssY=",
                "tlsClientCiphersSha1": "3HTt3+R/6BL3zeALJDSq0pR1yOQ=",
                "tlsClientExtensionsSha1": "93pnLPs+ozaBzpwu7mDnjA2PRo4=",
                "tlsClientExtensionsSha1Le": "X7qkEoKDVK/pSQ7uCMMewQmugQQ=",
                "tlsClientHelloLength": "1740",
                "tlsClientAuth": {
                    "certPresented": "0",
                    "certVerified": "NONE",
                    "certRevoked": "0",
                    "certIssuerDN": "",
                    "certSubjectDN": "",
                    "certIssuerDNRFC2253": "",
                    "certSubjectDNRFC2253": "",
                    "certIssuerDNLegacy": "",
                    "certSubjectDNLegacy": "",
                    "certSerial": "",
                    "certIssuerSerial": "",
                    "certSKI": "",
                    "certIssuerSKI": "",
                    "certFingerprintSHA1": "",
                    "certFingerprintSHA256": "",
                    "certNotBefore": "",
                    "certNotAfter": "",
                    "certRFC9440": "",
                    "certRFC9440TooLarge": false,
                    "certChainRFC9440": "",
                    "certChainRFC9440TooLarge": false
                },
                "verifiedBotCategory": "",
                "edgeL4": {
                    "deliveryRate": 173744
                }
            }
        },
        "response": {
            "status": 200
        }
    }
}
{
    "wallTime": 421,
    "cpuTime": 12,
    "truncated": false,
    "executionModel": "stateless",
    "outcome": "ok",
    "scriptTags": [
        "cf:service=grupo-eye-staff"
    ],
    "scriptVersion": {
        "id": "f02b4c45-05aa-4949-932b-6c920d5311c0"
    },
    "scriptName": "grupo-eye-staff",
    "diagnosticsChannelEvents": [],
    "exceptions": [],
    "logs": [],
    "eventTimestamp": 1782505776035,
    "event": {
        "request": {
            "url": "https://eye-staff.app/api/sessions/active?t=1782505775892",
            "method": "GET",
            "headers": {
                "accept": "*/*",
                "accept-encoding": "gzip, br",
                "accept-language": "es-ES,es;q=0.9,en;q=0.8",
                "authorization": "REDACTED",
                "cache-control": "no-cache",
                "cf-connecting-ip": "188.86.247.78",
                "cf-ipcountry": "ES",
                "cf-ray": "a11ef70c1cd0c69e",
                "cf-visitor": "{\"scheme\":\"https\"}",
                "connection": "Keep-Alive",
                "content-type": "application/json",
                "host": "eye-staff.app",
                "pragma": "no-cache",
                "priority": "u=1, i",
                "referer": "https://eye-staff.app/",
                "sec-ch-ua": "\"Google Chrome\";v=\"149\", \"Chromium\";v=\"149\", \"Not)A;Brand\";v=\"24\"",
                "sec-ch-ua-mobile": "?0",
                "sec-ch-ua-platform": "\"macOS\"",
                "sec-fetch-dest": "empty",
                "sec-fetch-mode": "cors",
                "sec-fetch-site": "same-origin",
                "user-agent": "Mozilla/5.0 (Macintosh; Intel Mac OS X 10_15_7) AppleWebKit/537.36 (KHTML, like Gecko) Chrome/149.0.0.0 Safari/537.36",
                "x-forwarded-proto": "https",
                "x-real-ip": "188.86.247.78",
                "x-web-session-id": "1778900541741"
            },
            "cf": {
                "httpProtocol": "HTTP/3",
                "clientAcceptEncoding": "gzip, deflate, br",
                "requestPriority": "",
                "edgeRequestKeepAliveStatus": 1,
                "requestHeaderNames": {},
                "clientTcpRtt": 0,
                "clientQuicRtt": 8,
                "colo": "MAD",
                "asn": 12430,
                "asOrganization": "VODAFONE ESPANA, S.A.U",
                "country": "ES",
                "isEUCountry": "1",
                "city": "Madrid",
                "continent": "EU",
                "region": "Madrid",
                "regionCode": "MD",
                "timezone": "Europe/Madrid",
                "longitude": "-3.70256",
                "latitude": "40.4165",
                "postalCode": "28004",
                "tlsVersion": "TLSv1.3",
                "tlsCipher": "AEAD-AES128-GCM-SHA256",
                "tlsClientRandom": "MTR/VrdDTsWwLk6+a6medcGuTgM46+l+PN7QJbUzssY=",
                "tlsClientCiphersSha1": "3HTt3+R/6BL3zeALJDSq0pR1yOQ=",
                "tlsClientExtensionsSha1": "93pnLPs+ozaBzpwu7mDnjA2PRo4=",
                "tlsClientExtensionsSha1Le": "X7qkEoKDVK/pSQ7uCMMewQmugQQ=",
                "tlsClientHelloLength": "1740",
                "tlsClientAuth": {
                    "certPresented": "0",
                    "certVerified": "NONE",
                    "certRevoked": "0",
                    "certIssuerDN": "",
                    "certSubjectDN": "",
                    "certIssuerDNRFC2253": "",
                    "certSubjectDNRFC2253": "",
                    "certIssuerDNLegacy": "",
                    "certSubjectDNLegacy": "",
                    "certSerial": "",
                    "certIssuerSerial": "",
                    "certSKI": "",
                    "certIssuerSKI": "",
                    "certFingerprintSHA1": "",
                    "certFingerprintSHA256": "",
                    "certNotBefore": "",
                    "certNotAfter": "",
                    "certRFC9440": "",
                    "certRFC9440TooLarge": false,
                    "certChainRFC9440": "",
                    "certChainRFC9440TooLarge": false
                },
                "verifiedBotCategory": "",
                "edgeL4": {
                    "deliveryRate": 173744
                }
            }
        },
        "response": {
            "status": 200
        }
    }
}
{
    "wallTime": 904,
    "cpuTime": 9,
    "truncated": false,
    "executionModel": "stateless",
    "outcome": "ok",
    "scriptTags": [
        "cf:service=grupo-eye-staff"
    ],
    "scriptVersion": {
        "id": "f02b4c45-05aa-4949-932b-6c920d5311c0"
    },
    "scriptName": "grupo-eye-staff",
    "diagnosticsChannelEvents": [],
    "exceptions": [],
    "logs": [],
    "eventTimestamp": 1782505776644,
    "event": {
        "request": {
            "url": "https://eye-staff.app/api/sessions/concluded?t=1782505776542",
            "method": "GET",
            "headers": {
                "accept": "*/*",
                "accept-encoding": "gzip, br",
                "accept-language": "es-ES,es;q=0.9,en;q=0.8",
                "authorization": "REDACTED",
                "cache-control": "no-cache",
                "cf-connecting-ip": "188.86.247.78",
                "cf-ipcountry": "ES",
                "cf-ray": "a11ef70ffd72c69e",
                "cf-visitor": "{\"scheme\":\"https\"}",
                "connection": "Keep-Alive",
                "content-type": "application/json",
                "host": "eye-staff.app",
                "pragma": "no-cache",
                "priority": "u=1, i",
                "referer": "https://eye-staff.app/",
                "sec-ch-ua": "\"Google Chrome\";v=\"149\", \"Chromium\";v=\"149\", \"Not)A;Brand\";v=\"24\"",
                "sec-ch-ua-mobile": "?0",
                "sec-ch-ua-platform": "\"macOS\"",
                "sec-fetch-dest": "empty",
                "sec-fetch-mode": "cors",
                "sec-fetch-site": "same-origin",
                "user-agent": "Mozilla/5.0 (Macintosh; Intel Mac OS X 10_15_7) AppleWebKit/537.36 (KHTML, like Gecko) Chrome/149.0.0.0 Safari/537.36",
                "x-forwarded-proto": "https",
                "x-real-ip": "188.86.247.78",
                "x-web-session-id": "1778900541741"
            },
            "cf": {
                "httpProtocol": "HTTP/3",
                "clientAcceptEncoding": "gzip, deflate, br",
                "requestPriority": "",
                "edgeRequestKeepAliveStatus": 1,
                "requestHeaderNames": {},
                "clientTcpRtt": 0,
                "clientQuicRtt": 20,
                "colo": "MAD",
                "asn": 12430,
                "asOrganization": "VODAFONE ESPANA, S.A.U",
                "country": "ES",
                "isEUCountry": "1",
                "city": "Madrid",
                "continent": "EU",
                "region": "Madrid",
                "regionCode": "MD",
                "timezone": "Europe/Madrid",
                "longitude": "-3.70256",
                "latitude": "40.4165",
                "postalCode": "28004",
                "tlsVersion": "TLSv1.3",
                "tlsCipher": "AEAD-AES128-GCM-SHA256",
                "tlsClientRandom": "MTR/VrdDTsWwLk6+a6medcGuTgM46+l+PN7QJbUzssY=",
                "tlsClientCiphersSha1": "3HTt3+R/6BL3zeALJDSq0pR1yOQ=",
                "tlsClientExtensionsSha1": "93pnLPs+ozaBzpwu7mDnjA2PRo4=",
                "tlsClientExtensionsSha1Le": "X7qkEoKDVK/pSQ7uCMMewQmugQQ=",
                "tlsClientHelloLength": "1740",
                "tlsClientAuth": {
                    "certPresented": "0",
                    "certVerified": "NONE",
                    "certRevoked": "0",
                    "certIssuerDN": "",
                    "certSubjectDN": "",
                    "certIssuerDNRFC2253": "",
                    "certSubjectDNRFC2253": "",
                    "certIssuerDNLegacy": "",
                    "certSubjectDNLegacy": "",
                    "certSerial": "",
                    "certIssuerSerial": "",
                    "certSKI": "",
                    "certIssuerSKI": "",
                    "certFingerprintSHA1": "",
                    "certFingerprintSHA256": "",
                    "certNotBefore": "",
                    "certNotAfter": "",
                    "certRFC9440": "",
                    "certRFC9440TooLarge": false,
                    "certChainRFC9440": "",
                    "certChainRFC9440TooLarge": false
                },
                "verifiedBotCategory": "",
                "edgeL4": {
                    "deliveryRate": 173744
                }
            }
        },
        "response": {
            "status": 200
        }
    }
}
{
    "wallTime": 38,
    "cpuTime": 1,
    "truncated": false,
    "executionModel": "stateless",
    "outcome": "ok",
    "scriptTags": [
        "cf:service=grupo-eye-staff"
    ],
    "scriptVersion": {
        "id": "f02b4c45-05aa-4949-932b-6c920d5311c0"
    },
    "scriptName": "grupo-eye-staff",
    "diagnosticsChannelEvents": [],
    "exceptions": [],
    "logs": [],
    "eventTimestamp": 1782505777571,
    "event": {
        "request": {
            "url": "https://eye-staff.app/api/presupuestos?t=1782505777468",
            "method": "GET",
            "headers": {
                "accept": "*/*",
                "accept-encoding": "gzip, br",
                "accept-language": "es-ES,es;q=0.9,en;q=0.8",
                "authorization": "REDACTED",
                "cache-control": "no-cache",
                "cf-connecting-ip": "188.86.247.78",
                "cf-ipcountry": "ES",
                "cf-ray": "a11ef715ce51c69e",
                "cf-visitor": "{\"scheme\":\"https\"}",
                "connection": "Keep-Alive",
                "content-type": "application/json",
                "host": "eye-staff.app",
                "pragma": "no-cache",
                "priority": "u=1, i",
                "referer": "https://eye-staff.app/",
                "sec-ch-ua": "\"Google Chrome\";v=\"149\", \"Chromium\";v=\"149\", \"Not)A;Brand\";v=\"24\"",
                "sec-ch-ua-mobile": "?0",
                "sec-ch-ua-platform": "\"macOS\"",
                "sec-fetch-dest": "empty",
                "sec-fetch-mode": "cors",
                "sec-fetch-site": "same-origin",
                "user-agent": "Mozilla/5.0 (Macintosh; Intel Mac OS X 10_15_7) AppleWebKit/537.36 (KHTML, like Gecko) Chrome/149.0.0.0 Safari/537.36",
                "x-forwarded-proto": "https",
                "x-real-ip": "188.86.247.78",
                "x-web-session-id": "1778900541741"
            },
            "cf": {
                "httpProtocol": "HTTP/3",
                "clientAcceptEncoding": "gzip, deflate, br",
                "requestPriority": "",
                "edgeRequestKeepAliveStatus": 1,
                "requestHeaderNames": {},
                "clientTcpRtt": 0,
                "clientQuicRtt": 18,
                "colo": "MAD",
                "asn": 12430,
                "asOrganization": "VODAFONE ESPANA, S.A.U",
                "country": "ES",
                "isEUCountry": "1",
                "city": "Madrid",
                "continent": "EU",
                "region": "Madrid",
                "regionCode": "MD",
                "timezone": "Europe/Madrid",
                "longitude": "-3.70256",
                "latitude": "40.4165",
                "postalCode": "28004",
                "tlsVersion": "TLSv1.3",
                "tlsCipher": "AEAD-AES128-GCM-SHA256",
                "tlsClientRandom": "MTR/VrdDTsWwLk6+a6medcGuTgM46+l+PN7QJbUzssY=",
                "tlsClientCiphersSha1": "3HTt3+R/6BL3zeALJDSq0pR1yOQ=",
                "tlsClientExtensionsSha1": "93pnLPs+ozaBzpwu7mDnjA2PRo4=",
                "tlsClientExtensionsSha1Le": "X7qkEoKDVK/pSQ7uCMMewQmugQQ=",
                "tlsClientHelloLength": "1740",
                "tlsClientAuth": {
                    "certPresented": "0",
                    "certVerified": "NONE",
                    "certRevoked": "0",
                    "certIssuerDN": "",
                    "certSubjectDN": "",
                    "certIssuerDNRFC2253": "",
                    "certSubjectDNRFC2253": "",
                    "certIssuerDNLegacy": "",
                    "certSubjectDNLegacy": "",
                    "certSerial": "",
                    "certIssuerSerial": "",
                    "certSKI": "",
                    "certIssuerSKI": "",
                    "certFingerprintSHA1": "",
                    "certFingerprintSHA256": "",
                    "certNotBefore": "",
                    "certNotAfter": "",
                    "certRFC9440": "",
                    "certRFC9440TooLarge": false,
                    "certChainRFC9440": "",
                    "certChainRFC9440TooLarge": false
                },
                "verifiedBotCategory": "",
                "edgeL4": {
                    "deliveryRate": 308281
                }
            }
        },
        "response": {
            "status": 200
        }
    }
}
{
    "wallTime": 1484,
    "cpuTime": 15,
    "truncated": false,
    "executionModel": "stateless",
    "outcome": "ok",
    "scriptTags": [
        "cf:service=grupo-eye-staff"
    ],
    "scriptVersion": {
        "id": "f02b4c45-05aa-4949-932b-6c920d5311c0"
    },
    "scriptName": "grupo-eye-staff",
    "diagnosticsChannelEvents": [],
    "exceptions": [],
    "logs": [],
    "eventTimestamp": 1782505776035,
    "event": {
        "request": {
            "url": "https://eye-staff.app/api/chat/conversations",
            "method": "GET",
            "headers": {
                "accept": "*/*",
                "accept-encoding": "gzip, br",
                "accept-language": "es-ES,es;q=0.9,en;q=0.8",
                "authorization": "REDACTED",
                "cf-connecting-ip": "188.86.247.78",
                "cf-ipcountry": "ES",
                "cf-ray": "a11ef70c1ccec69e",
                "cf-visitor": "{\"scheme\":\"https\"}",
                "connection": "Keep-Alive",
                "host": "eye-staff.app",
                "priority": "u=1, i",
                "referer": "https://eye-staff.app/",
                "sec-ch-ua": "\"Google Chrome\";v=\"149\", \"Chromium\";v=\"149\", \"Not)A;Brand\";v=\"24\"",
                "sec-ch-ua-mobile": "?0",
                "sec-ch-ua-platform": "\"macOS\"",
                "sec-fetch-dest": "empty",
                "sec-fetch-mode": "cors",
                "sec-fetch-site": "same-origin",
                "user-agent": "Mozilla/5.0 (Macintosh; Intel Mac OS X 10_15_7) AppleWebKit/537.36 (KHTML, like Gecko) Chrome/149.0.0.0 Safari/537.36",
                "x-forwarded-proto": "https",
                "x-real-ip": "188.86.247.78"
            },
            "cf": {
                "httpProtocol": "HTTP/3",
                "clientAcceptEncoding": "gzip, deflate, br",
                "requestPriority": "",
                "edgeRequestKeepAliveStatus": 1,
                "requestHeaderNames": {},
                "clientTcpRtt": 0,
                "clientQuicRtt": 8,
                "colo": "MAD",
                "asn": 12430,
                "asOrganization": "VODAFONE ESPANA, S.A.U",
                "country": "ES",
                "isEUCountry": "1",
                "city": "Madrid",
                "continent": "EU",
                "region": "Madrid",
                "regionCode": "MD",
                "timezone": "Europe/Madrid",
                "longitude": "-3.70256",
                "latitude": "40.4165",
                "postalCode": "28004",
                "tlsVersion": "TLSv1.3",
                "tlsCipher": "AEAD-AES128-GCM-SHA256",
                "tlsClientRandom": "MTR/VrdDTsWwLk6+a6medcGuTgM46+l+PN7QJbUzssY=",
                "tlsClientCiphersSha1": "3HTt3+R/6BL3zeALJDSq0pR1yOQ=",
                "tlsClientExtensionsSha1": "93pnLPs+ozaBzpwu7mDnjA2PRo4=",
                "tlsClientExtensionsSha1Le": "X7qkEoKDVK/pSQ7uCMMewQmugQQ=",
                "tlsClientHelloLength": "1740",
                "tlsClientAuth": {
                    "certPresented": "0",
                    "certVerified": "NONE",
                    "certRevoked": "0",
                    "certIssuerDN": "",
                    "certSubjectDN": "",
                    "certIssuerDNRFC2253": "",
                    "certSubjectDNRFC2253": "",
                    "certIssuerDNLegacy": "",
                    "certSubjectDNLegacy": "",
                    "certSerial": "",
                    "certIssuerSerial": "",
                    "certSKI": "",
                    "certIssuerSKI": "",
                    "certFingerprintSHA1": "",
                    "certFingerprintSHA256": "",
                    "certNotBefore": "",
                    "certNotAfter": "",
                    "certRFC9440": "",
                    "certRFC9440TooLarge": false,
                    "certChainRFC9440": "",
                    "certChainRFC9440TooLarge": false
                },
                "verifiedBotCategory": "",
                "edgeL4": {
                    "deliveryRate": 173744
                }
            }
        },
        "response": {
            "status": 200
        }
    }
}
{
    "wallTime": 85,
    "cpuTime": 2,
    "truncated": false,
    "executionModel": "stateless",
    "outcome": "ok",
    "scriptTags": [
        "cf:service=grupo-eye-staff"
    ],
    "scriptVersion": {
        "id": "f02b4c45-05aa-4949-932b-6c920d5311c0"
    },
    "scriptName": "grupo-eye-staff",
    "diagnosticsChannelEvents": [],
    "exceptions": [],
    "logs": [],
    "eventTimestamp": 1782505777634,
    "event": {
        "request": {
            "url": "https://eye-staff.app/api/vehicles/active?session_id=146&t=1782505777530",
            "method": "GET",
            "headers": {
                "accept": "*/*",
                "accept-encoding": "gzip, br",
                "accept-language": "es-ES,es;q=0.9,en;q=0.8",
                "authorization": "REDACTED",
                "cache-control": "no-cache",
                "cf-connecting-ip": "188.86.247.78",
                "cf-ipcountry": "ES",
                "cf-ray": "a11ef7162e6fc69e",
                "cf-visitor": "{\"scheme\":\"https\"}",
                "connection": "Keep-Alive",
                "content-type": "application/json",
                "host": "eye-staff.app",
                "pragma": "no-cache",
                "priority": "u=1, i",
                "referer": "https://eye-staff.app/",
                "sec-ch-ua": "\"Google Chrome\";v=\"149\", \"Chromium\";v=\"149\", \"Not)A;Brand\";v=\"24\"",
                "sec-ch-ua-mobile": "?0",
                "sec-ch-ua-platform": "\"macOS\"",
                "sec-fetch-dest": "empty",
                "sec-fetch-mode": "cors",
                "sec-fetch-site": "same-origin",
                "user-agent": "Mozilla/5.0 (Macintosh; Intel Mac OS X 10_15_7) AppleWebKit/537.36 (KHTML, like Gecko) Chrome/149.0.0.0 Safari/537.36",
                "x-forwarded-proto": "https",
                "x-real-ip": "188.86.247.78",
                "x-web-session-id": "1778900541741"
            },
            "cf": {
                "httpProtocol": "HTTP/3",
                "clientAcceptEncoding": "gzip, deflate, br",
                "requestPriority": "",
                "edgeRequestKeepAliveStatus": 1,
                "requestHeaderNames": {},
                "clientTcpRtt": 0,
                "clientQuicRtt": 14,
                "colo": "MAD",
                "asn": 12430,
                "asOrganization": "VODAFONE ESPANA, S.A.U",
                "country": "ES",
                "isEUCountry": "1",
                "city": "Madrid",
                "continent": "EU",
                "region": "Madrid",
                "regionCode": "MD",
                "timezone": "Europe/Madrid",
                "longitude": "-3.70256",
                "latitude": "40.4165",
                "postalCode": "28004",
                "tlsVersion": "TLSv1.3",
                "tlsCipher": "AEAD-AES128-GCM-SHA256",
                "tlsClientRandom": "MTR/VrdDTsWwLk6+a6medcGuTgM46+l+PN7QJbUzssY=",
                "tlsClientCiphersSha1": "3HTt3+R/6BL3zeALJDSq0pR1yOQ=",
                "tlsClientExtensionsSha1": "93pnLPs+ozaBzpwu7mDnjA2PRo4=",
                "tlsClientExtensionsSha1Le": "X7qkEoKDVK/pSQ7uCMMewQmugQQ=",
                "tlsClientHelloLength": "1740",
                "tlsClientAuth": {
                    "certPresented": "0",
                    "certVerified": "NONE",
                    "certRevoked": "0",
                    "certIssuerDN": "",
                    "certSubjectDN": "",
                    "certIssuerDNRFC2253": "",
                    "certSubjectDNRFC2253": "",
                    "certIssuerDNLegacy": "",
                    "certSubjectDNLegacy": "",
                    "certSerial": "",
                    "certIssuerSerial": "",
                    "certSKI": "",
                    "certIssuerSKI": "",
                    "certFingerprintSHA1": "",
                    "certFingerprintSHA256": "",
                    "certNotBefore": "",
                    "certNotAfter": "",
                    "certRFC9440": "",
                    "certRFC9440TooLarge": false,
                    "certChainRFC9440": "",
                    "certChainRFC9440TooLarge": false
                },
                "verifiedBotCategory": "",
                "edgeL4": {
                    "deliveryRate": 468518
                }
            }
        },
        "response": {
            "status": 200
        }
    }
}
{
    "wallTime": 94,
    "cpuTime": 2,
    "truncated": false,
    "executionModel": "stateless",
    "outcome": "ok",
    "scriptTags": [
        "cf:service=grupo-eye-staff"
    ],
    "scriptVersion": {
        "id": "f02b4c45-05aa-4949-932b-6c920d5311c0"
    },
    "scriptName": "grupo-eye-staff",
    "diagnosticsChannelEvents": [],
    "exceptions": [],
    "logs": [],
    "eventTimestamp": 1782505779883,
    "event": {
        "request": {
            "url": "https://eye-staff.app/api/my-permissions?t=1782505779783",
            "method": "GET",
            "headers": {
                "accept": "*/*",
                "accept-encoding": "gzip, br",
                "accept-language": "es-ES,es;q=0.9,en;q=0.8",
                "authorization": "REDACTED",
                "cache-control": "no-cache",
                "cf-connecting-ip": "188.86.247.78",
                "cf-ipcountry": "ES",
                "cf-ray": "a11ef72438b2c69e",
                "cf-visitor": "{\"scheme\":\"https\"}",
                "connection": "Keep-Alive",
                "content-type": "application/json",
                "host": "eye-staff.app",
                "pragma": "no-cache",
                "priority": "u=1, i",
                "referer": "https://eye-staff.app/",
                "sec-ch-ua": "\"Google Chrome\";v=\"149\", \"Chromium\";v=\"149\", \"Not)A;Brand\";v=\"24\"",
                "sec-ch-ua-mobile": "?0",
                "sec-ch-ua-platform": "\"macOS\"",
                "sec-fetch-dest": "empty",
                "sec-fetch-mode": "cors",
                "sec-fetch-site": "same-origin",
                "user-agent": "Mozilla/5.0 (Macintosh; Intel Mac OS X 10_15_7) AppleWebKit/537.36 (KHTML, like Gecko) Chrome/149.0.0.0 Safari/537.36",
                "x-forwarded-proto": "https",
                "x-real-ip": "188.86.247.78",
                "x-web-session-id": "1778900541741"
            },
            "cf": {
                "httpProtocol": "HTTP/3",
                "clientAcceptEncoding": "gzip, deflate, br",
                "requestPriority": "",
                "edgeRequestKeepAliveStatus": 1,
                "requestHeaderNames": {},
                "clientTcpRtt": 0,
                "clientQuicRtt": 8,
                "colo": "MAD",
                "asn": 12430,
                "asOrganization": "VODAFONE ESPANA, S.A.U",
                "country": "ES",
                "isEUCountry": "1",
                "city": "Madrid",
                "continent": "EU",
                "region": "Madrid",
                "regionCode": "MD",
                "timezone": "Europe/Madrid",
                "longitude": "-3.70256",
                "latitude": "40.4165",
                "postalCode": "28004",
                "tlsVersion": "TLSv1.3",
                "tlsCipher": "AEAD-AES128-GCM-SHA256",
                "tlsClientRandom": "MTR/VrdDTsWwLk6+a6medcGuTgM46+l+PN7QJbUzssY=",
                "tlsClientCiphersSha1": "3HTt3+R/6BL3zeALJDSq0pR1yOQ=",
                "tlsClientExtensionsSha1": "93pnLPs+ozaBzpwu7mDnjA2PRo4=",
                "tlsClientExtensionsSha1Le": "X7qkEoKDVK/pSQ7uCMMewQmugQQ=",
                "tlsClientHelloLength": "1740",
                "tlsClientAuth": {
                    "certPresented": "0",
                    "certVerified": "NONE",
                    "certRevoked": "0",
                    "certIssuerDN": "",
                    "certSubjectDN": "",
                    "certIssuerDNRFC2253": "",
                    "certSubjectDNRFC2253": "",
                    "certIssuerDNLegacy": "",
                    "certSubjectDNLegacy": "",
                    "certSerial": "",
                    "certIssuerSerial": "",
                    "certSKI": "",
                    "certIssuerSKI": "",
                    "certFingerprintSHA1": "",
                    "certFingerprintSHA256": "",
                    "certNotBefore": "",
                    "certNotAfter": "",
                    "certRFC9440": "",
                    "certRFC9440TooLarge": false,
                    "certChainRFC9440": "",
                    "certChainRFC9440TooLarge": false
                },
                "verifiedBotCategory": "",
                "edgeL4": {
                    "deliveryRate": 10983653
                }
            }
        },
        "response": {
            "status": 200
        }
    }
}
{
    "wallTime": 136,
    "cpuTime": 1,
    "truncated": false,
    "executionModel": "stateless",
    "outcome": "ok",
    "scriptTags": [
        "cf:service=grupo-eye-staff"
    ],
    "scriptVersion": {
        "id": "f02b4c45-05aa-4949-932b-6c920d5311c0"
    },
    "scriptName": "grupo-eye-staff",
    "diagnosticsChannelEvents": [],
    "exceptions": [],
    "logs": [],
    "eventTimestamp": 1782505779885,
    "event": {
        "request": {
            "url": "https://eye-staff.app/api/staff/live-locations?t=1782505779784",
            "method": "GET",
            "headers": {
                "accept": "*/*",
                "accept-encoding": "gzip, br",
                "accept-language": "es-ES,es;q=0.9,en;q=0.8",
                "authorization": "REDACTED",
                "cache-control": "no-cache",
                "cf-connecting-ip": "188.86.247.78",
                "cf-ipcountry": "ES",
                "cf-ray": "a11ef72438b4c69e",
                "cf-visitor": "{\"scheme\":\"https\"}",
                "connection": "Keep-Alive",
                "content-type": "application/json",
                "host": "eye-staff.app",
                "pragma": "no-cache",
                "priority": "u=1, i",
                "referer": "https://eye-staff.app/",
                "sec-ch-ua": "\"Google Chrome\";v=\"149\", \"Chromium\";v=\"149\", \"Not)A;Brand\";v=\"24\"",
                "sec-ch-ua-mobile": "?0",
                "sec-ch-ua-platform": "\"macOS\"",
                "sec-fetch-dest": "empty",
                "sec-fetch-mode": "cors",
                "sec-fetch-site": "same-origin",
                "user-agent": "Mozilla/5.0 (Macintosh; Intel Mac OS X 10_15_7) AppleWebKit/537.36 (KHTML, like Gecko) Chrome/149.0.0.0 Safari/537.36",
                "x-forwarded-proto": "https",
                "x-real-ip": "188.86.247.78",
                "x-web-session-id": "1778900541741"
            },
            "cf": {
                "httpProtocol": "HTTP/3",
                "clientAcceptEncoding": "gzip, deflate, br",
                "requestPriority": "",
                "edgeRequestKeepAliveStatus": 1,
                "requestHeaderNames": {},
                "clientTcpRtt": 0,
                "clientQuicRtt": 8,
                "colo": "MAD",
                "asn": 12430,
                "asOrganization": "VODAFONE ESPANA, S.A.U",
                "country": "ES",
                "isEUCountry": "1",
                "city": "Madrid",
                "continent": "EU",
                "region": "Madrid",
                "regionCode": "MD",
                "timezone": "Europe/Madrid",
                "longitude": "-3.70256",
                "latitude": "40.4165",
                "postalCode": "28004",
                "tlsVersion": "TLSv1.3",
                "tlsCipher": "AEAD-AES128-GCM-SHA256",
                "tlsClientRandom": "MTR/VrdDTsWwLk6+a6medcGuTgM46+l+PN7QJbUzssY=",
                "tlsClientCiphersSha1": "3HTt3+R/6BL3zeALJDSq0pR1yOQ=",
                "tlsClientExtensionsSha1": "93pnLPs+ozaBzpwu7mDnjA2PRo4=",
                "tlsClientExtensionsSha1Le": "X7qkEoKDVK/pSQ7uCMMewQmugQQ=",
                "tlsClientHelloLength": "1740",
                "tlsClientAuth": {
                    "certPresented": "0",
                    "certVerified": "NONE",
                    "certRevoked": "0",
                    "certIssuerDN": "",
                    "certSubjectDN": "",
                    "certIssuerDNRFC2253": "",
                    "certSubjectDNRFC2253": "",
                    "certIssuerDNLegacy": "",
                    "certSubjectDNLegacy": "",
                    "certSerial": "",
                    "certIssuerSerial": "",
                    "certSKI": "",
                    "certIssuerSKI": "",
                    "certFingerprintSHA1": "",
                    "certFingerprintSHA256": "",
                    "certNotBefore": "",
                    "certNotAfter": "",
                    "certRFC9440": "",
                    "certRFC9440TooLarge": false,
                    "certChainRFC9440": "",
                    "certChainRFC9440TooLarge": false
                },
                "verifiedBotCategory": "",
                "edgeL4": {
                    "deliveryRate": 10983653
                }
            }
        },
        "response": {
            "status": 200
        }
    }
}
{
    "wallTime": 1350,
    "cpuTime": 14,
    "truncated": false,
    "executionModel": "stateless",
    "outcome": "ok",
    "scriptTags": [
        "cf:service=grupo-eye-staff"
    ],
    "scriptVersion": {
        "id": "f02b4c45-05aa-4949-932b-6c920d5311c0"
    },
    "scriptName": "grupo-eye-staff",
    "diagnosticsChannelEvents": [],
    "exceptions": [],
    "logs": [],
    "eventTimestamp": 1782505779884,
    "event": {
        "request": {
            "url": "https://eye-staff.app/api/settings?t=1782505779783",
            "method": "GET",
            "headers": {
                "accept": "*/*",
                "accept-encoding": "gzip, br",
                "accept-language": "es-ES,es;q=0.9,en;q=0.8",
                "authorization": "REDACTED",
                "cache-control": "no-cache",
                "cf-connecting-ip": "188.86.247.78",
                "cf-ipcountry": "ES",
                "cf-ray": "a11ef72438b3c69e",
                "cf-visitor": "{\"scheme\":\"https\"}",
                "connection": "Keep-Alive",
                "content-type": "application/json",
                "host": "eye-staff.app",
                "pragma": "no-cache",
                "priority": "u=1, i",
                "referer": "https://eye-staff.app/",
                "sec-ch-ua": "\"Google Chrome\";v=\"149\", \"Chromium\";v=\"149\", \"Not)A;Brand\";v=\"24\"",
                "sec-ch-ua-mobile": "?0",
                "sec-ch-ua-platform": "\"macOS\"",
                "sec-fetch-dest": "empty",
                "sec-fetch-mode": "cors",
                "sec-fetch-site": "same-origin",
                "user-agent": "Mozilla/5.0 (Macintosh; Intel Mac OS X 10_15_7) AppleWebKit/537.36 (KHTML, like Gecko) Chrome/149.0.0.0 Safari/537.36",
                "x-forwarded-proto": "https",
                "x-real-ip": "188.86.247.78",
                "x-web-session-id": "1778900541741"
            },
            "cf": {
                "httpProtocol": "HTTP/3",
                "clientAcceptEncoding": "gzip, deflate, br",
                "requestPriority": "",
                "edgeRequestKeepAliveStatus": 1,
                "requestHeaderNames": {},
                "clientTcpRtt": 0,
                "clientQuicRtt": 8,
                "colo": "MAD",
                "asn": 12430,
                "asOrganization": "VODAFONE ESPANA, S.A.U",
                "country": "ES",
                "isEUCountry": "1",
                "city": "Madrid",
                "continent": "EU",
                "region": "Madrid",
                "regionCode": "MD",
                "timezone": "Europe/Madrid",
                "longitude": "-3.70256",
                "latitude": "40.4165",
                "postalCode": "28004",
                "tlsVersion": "TLSv1.3",
                "tlsCipher": "AEAD-AES128-GCM-SHA256",
                "tlsClientRandom": "MTR/VrdDTsWwLk6+a6medcGuTgM46+l+PN7QJbUzssY=",
                "tlsClientCiphersSha1": "3HTt3+R/6BL3zeALJDSq0pR1yOQ=",
                "tlsClientExtensionsSha1": "93pnLPs+ozaBzpwu7mDnjA2PRo4=",
                "tlsClientExtensionsSha1Le": "X7qkEoKDVK/pSQ7uCMMewQmugQQ=",
                "tlsClientHelloLength": "1740",
                "tlsClientAuth": {
                    "certPresented": "0",
                    "certVerified": "NONE",
                    "certRevoked": "0",
                    "certIssuerDN": "",
                    "certSubjectDN": "",
                    "certIssuerDNRFC2253": "",
                    "certSubjectDNRFC2253": "",
                    "certIssuerDNLegacy": "",
                    "certSubjectDNLegacy": "",
                    "certSerial": "",
                    "certIssuerSerial": "",
                    "certSKI": "",
                    "certIssuerSKI": "",
                    "certFingerprintSHA1": "",
                    "certFingerprintSHA256": "",
                    "certNotBefore": "",
                    "certNotAfter": "",
                    "certRFC9440": "",
                    "certRFC9440TooLarge": false,
                    "certChainRFC9440": "",
                    "certChainRFC9440TooLarge": false
                },
                "verifiedBotCategory": "",
                "edgeL4": {
                    "deliveryRate": 10983653
                }
            }
        },
        "response": {
            "status": 200
        }
    }
}
{
    "wallTime": 386,
    "cpuTime": 3,
    "truncated": false,
    "executionModel": "stateless",
    "outcome": "ok",
    "scriptTags": [
        "cf:service=grupo-eye-staff"
    ],
    "scriptVersion": {
        "id": "f02b4c45-05aa-4949-932b-6c920d5311c0"
    },
    "scriptName": "grupo-eye-staff",
    "diagnosticsChannelEvents": [],
    "exceptions": [],
    "logs": [],
    "eventTimestamp": 1782505781251,
    "event": {
        "request": {
            "url": "https://eye-staff.app/api/sessions/active?t=1782505781151",
            "method": "GET",
            "headers": {
                "accept": "*/*",
                "accept-encoding": "gzip, br",
                "accept-language": "es-ES,es;q=0.9,en;q=0.8",
                "authorization": "REDACTED",
                "cache-control": "no-cache",
                "cf-connecting-ip": "188.86.247.78",
                "cf-ipcountry": "ES",
                "cf-ray": "a11ef72cca80c69e",
                "cf-visitor": "{\"scheme\":\"https\"}",
                "connection": "Keep-Alive",
                "content-type": "application/json",
                "host": "eye-staff.app",
                "pragma": "no-cache",
                "priority": "u=1, i",
                "referer": "https://eye-staff.app/",
                "sec-ch-ua": "\"Google Chrome\";v=\"149\", \"Chromium\";v=\"149\", \"Not)A;Brand\";v=\"24\"",
                "sec-ch-ua-mobile": "?0",
                "sec-ch-ua-platform": "\"macOS\"",
                "sec-fetch-dest": "empty",
                "sec-fetch-mode": "cors",
                "sec-fetch-site": "same-origin",
                "user-agent": "Mozilla/5.0 (Macintosh; Intel Mac OS X 10_15_7) AppleWebKit/537.36 (KHTML, like Gecko) Chrome/149.0.0.0 Safari/537.36",
                "x-forwarded-proto": "https",
                "x-real-ip": "188.86.247.78",
                "x-web-session-id": "1778900541741"
            },
            "cf": {
                "httpProtocol": "HTTP/3",
                "clientAcceptEncoding": "gzip, deflate, br",
                "requestPriority": "",
                "edgeRequestKeepAliveStatus": 1,
                "requestHeaderNames": {},
                "clientTcpRtt": 0,
                "clientQuicRtt": 10,
                "colo": "MAD",
                "asn": 12430,
                "asOrganization": "VODAFONE ESPANA, S.A.U",
                "country": "ES",
                "isEUCountry": "1",
                "city": "Madrid",
                "continent": "EU",
                "region": "Madrid",
                "regionCode": "MD",
                "timezone": "Europe/Madrid",
                "longitude": "-3.70256",
                "latitude": "40.4165",
                "postalCode": "28004",
                "tlsVersion": "TLSv1.3",
                "tlsCipher": "AEAD-AES128-GCM-SHA256",
                "tlsClientRandom": "MTR/VrdDTsWwLk6+a6medcGuTgM46+l+PN7QJbUzssY=",
                "tlsClientCiphersSha1": "3HTt3+R/6BL3zeALJDSq0pR1yOQ=",
                "tlsClientExtensionsSha1": "93pnLPs+ozaBzpwu7mDnjA2PRo4=",
                "tlsClientExtensionsSha1Le": "X7qkEoKDVK/pSQ7uCMMewQmugQQ=",
                "tlsClientHelloLength": "1740",
                "tlsClientAuth": {
                    "certPresented": "0",
                    "certVerified": "NONE",
                    "certRevoked": "0",
                    "certIssuerDN": "",
                    "certSubjectDN": "",
                    "certIssuerDNRFC2253": "",
                    "certSubjectDNRFC2253": "",
                    "certIssuerDNLegacy": "",
                    "certSubjectDNLegacy": "",
                    "certSerial": "",
                    "certIssuerSerial": "",
                    "certSKI": "",
                    "certIssuerSKI": "",
                    "certFingerprintSHA1": "",
                    "certFingerprintSHA256": "",
                    "certNotBefore": "",
                    "certNotAfter": "",
                    "certRFC9440": "",
                    "certRFC9440TooLarge": false,
                    "certChainRFC9440": "",
                    "certChainRFC9440TooLarge": false
                },
                "verifiedBotCategory": "",
                "edgeL4": {
                    "deliveryRate": 10983653
                }
            }
        },
        "response": {
            "status": 200
        }
    }
}
{
    "wallTime": 1386,
    "cpuTime": 12,
    "truncated": false,
    "executionModel": "stateless",
    "outcome": "ok",
    "scriptTags": [
        "cf:service=grupo-eye-staff"
    ],
    "scriptVersion": {
        "id": "f02b4c45-05aa-4949-932b-6c920d5311c0"
    },
    "scriptName": "grupo-eye-staff",
    "diagnosticsChannelEvents": [],
    "exceptions": [],
    "logs": [],
    "eventTimestamp": 1782505780887,
    "event": {
        "request": {
            "url": "https://eye-staff.app/api/chat/conversations",
            "method": "GET",
            "headers": {
                "accept": "*/*",
                "accept-encoding": "gzip, br",
                "accept-language": "es-ES,es;q=0.9,en;q=0.8",
                "authorization": "REDACTED",
                "cf-connecting-ip": "188.86.247.78",
                "cf-ipcountry": "ES",
                "cf-ray": "a11ef72a8a2fc69e",
                "cf-visitor": "{\"scheme\":\"https\"}",
                "connection": "Keep-Alive",
                "host": "eye-staff.app",
                "priority": "u=1, i",
                "referer": "https://eye-staff.app/",
                "sec-ch-ua": "\"Google Chrome\";v=\"149\", \"Chromium\";v=\"149\", \"Not)A;Brand\";v=\"24\"",
                "sec-ch-ua-mobile": "?0",
                "sec-ch-ua-platform": "\"macOS\"",
                "sec-fetch-dest": "empty",
                "sec-fetch-mode": "cors",
                "sec-fetch-site": "same-origin",
                "user-agent": "Mozilla/5.0 (Macintosh; Intel Mac OS X 10_15_7) AppleWebKit/537.36 (KHTML, like Gecko) Chrome/149.0.0.0 Safari/537.36",
                "x-forwarded-proto": "https",
                "x-real-ip": "188.86.247.78"
            },
            "cf": {
                "httpProtocol": "HTTP/3",
                "clientAcceptEncoding": "gzip, deflate, br",
                "requestPriority": "",
                "edgeRequestKeepAliveStatus": 1,
                "requestHeaderNames": {},
                "clientTcpRtt": 0,
                "clientQuicRtt": 11,
                "colo": "MAD",
                "asn": 12430,
                "asOrganization": "VODAFONE ESPANA, S.A.U",
                "country": "ES",
                "isEUCountry": "1",
                "city": "Madrid",
                "continent": "EU",
                "region": "Madrid",
                "regionCode": "MD",
                "timezone": "Europe/Madrid",
                "longitude": "-3.70256",
                "latitude": "40.4165",
                "postalCode": "28004",
                "tlsVersion": "TLSv1.3",
                "tlsCipher": "AEAD-AES128-GCM-SHA256",
                "tlsClientRandom": "MTR/VrdDTsWwLk6+a6medcGuTgM46+l+PN7QJbUzssY=",
                "tlsClientCiphersSha1": "3HTt3+R/6BL3zeALJDSq0pR1yOQ=",
                "tlsClientExtensionsSha1": "93pnLPs+ozaBzpwu7mDnjA2PRo4=",
                "tlsClientExtensionsSha1Le": "X7qkEoKDVK/pSQ7uCMMewQmugQQ=",
                "tlsClientHelloLength": "1740",
                "tlsClientAuth": {
                    "certPresented": "0",
                    "certVerified": "NONE",
                    "certRevoked": "0",
                    "certIssuerDN": "",
                    "certSubjectDN": "",
                    "certIssuerDNRFC2253": "",
                    "certSubjectDNRFC2253": "",
                    "certIssuerDNLegacy": "",
                    "certSubjectDNLegacy": "",
                    "certSerial": "",
                    "certIssuerSerial": "",
                    "certSKI": "",
                    "certIssuerSKI": "",
                    "certFingerprintSHA1": "",
                    "certFingerprintSHA256": "",
                    "certNotBefore": "",
                    "certNotAfter": "",
                    "certRFC9440": "",
                    "certRFC9440TooLarge": false,
                    "certChainRFC9440": "",
                    "certChainRFC9440TooLarge": false
                },
                "verifiedBotCategory": "",
                "edgeL4": {
                    "deliveryRate": 10983653
                }
            }
        },
        "response": {
            "status": 200
        }
    }
}
{
    "wallTime": 933,
    "cpuTime": 8,
    "truncated": false,
    "executionModel": "stateless",
    "outcome": "ok",
    "scriptTags": [
        "cf:service=grupo-eye-staff"
    ],
    "scriptVersion": {
        "id": "f02b4c45-05aa-4949-932b-6c920d5311c0"
    },
    "scriptName": "grupo-eye-staff",
    "diagnosticsChannelEvents": [],
    "exceptions": [],
    "logs": [],
    "eventTimestamp": 1782505781654,
    "event": {
        "request": {
            "url": "https://eye-staff.app/api/sessions/concluded?t=1782505781554",
            "method": "GET",
            "headers": {
                "accept": "*/*",
                "accept-encoding": "gzip, br",
                "accept-language": "es-ES,es;q=0.9,en;q=0.8",
                "authorization": "REDACTED",
                "cache-control": "no-cache",
                "cf-connecting-ip": "188.86.247.78",
                "cf-ipcountry": "ES",
                "cf-ray": "a11ef72f5acdc69e",
                "cf-visitor": "{\"scheme\":\"https\"}",
                "connection": "Keep-Alive",
                "content-type": "application/json",
                "host": "eye-staff.app",
                "pragma": "no-cache",
                "priority": "u=1, i",
                "referer": "https://eye-staff.app/",
                "sec-ch-ua": "\"Google Chrome\";v=\"149\", \"Chromium\";v=\"149\", \"Not)A;Brand\";v=\"24\"",
                "sec-ch-ua-mobile": "?0",
                "sec-ch-ua-platform": "\"macOS\"",
                "sec-fetch-dest": "empty",
                "sec-fetch-mode": "cors",
                "sec-fetch-site": "same-origin",
                "user-agent": "Mozilla/5.0 (Macintosh; Intel Mac OS X 10_15_7) AppleWebKit/537.36 (KHTML, like Gecko) Chrome/149.0.0.0 Safari/537.36",
                "x-forwarded-proto": "https",
                "x-real-ip": "188.86.247.78",
                "x-web-session-id": "1778900541741"
            },
            "cf": {
                "httpProtocol": "HTTP/3",
                "clientAcceptEncoding": "gzip, deflate, br",
                "requestPriority": "",
                "edgeRequestKeepAliveStatus": 1,
                "requestHeaderNames": {},
                "clientTcpRtt": 0,
                "clientQuicRtt": 9,
                "colo": "MAD",
                "asn": 12430,
                "asOrganization": "VODAFONE ESPANA, S.A.U",
                "country": "ES",
                "isEUCountry": "1",
                "city": "Madrid",
                "continent": "EU",
                "region": "Madrid",
                "regionCode": "MD",
                "timezone": "Europe/Madrid",
                "longitude": "-3.70256",
                "latitude": "40.4165",
                "postalCode": "28004",
                "tlsVersion": "TLSv1.3",
                "tlsCipher": "AEAD-AES128-GCM-SHA256",
                "tlsClientRandom": "MTR/VrdDTsWwLk6+a6medcGuTgM46+l+PN7QJbUzssY=",
                "tlsClientCiphersSha1": "3HTt3+R/6BL3zeALJDSq0pR1yOQ=",
                "tlsClientExtensionsSha1": "93pnLPs+ozaBzpwu7mDnjA2PRo4=",
                "tlsClientExtensionsSha1Le": "X7qkEoKDVK/pSQ7uCMMewQmugQQ=",
                "tlsClientHelloLength": "1740",
                "tlsClientAuth": {
                    "certPresented": "0",
                    "certVerified": "NONE",
                    "certRevoked": "0",
                    "certIssuerDN": "",
                    "certSubjectDN": "",
                    "certIssuerDNRFC2253": "",
                    "certSubjectDNRFC2253": "",
                    "certIssuerDNLegacy": "",
                    "certSubjectDNLegacy": "",
                    "certSerial": "",
                    "certIssuerSerial": "",
                    "certSKI": "",
                    "certIssuerSKI": "",
                    "certFingerprintSHA1": "",
                    "certFingerprintSHA256": "",
                    "certNotBefore": "",
                    "certNotAfter": "",
                    "certRFC9440": "",
                    "certRFC9440TooLarge": false,
                    "certChainRFC9440": "",
                    "certChainRFC9440TooLarge": false
                },
                "verifiedBotCategory": "",
                "edgeL4": {
                    "deliveryRate": 10983653
                }
            }
        },
        "response": {
            "status": 200
        }
    }
}
{
    "wallTime": 40,
    "cpuTime": 0,
    "truncated": false,
    "executionModel": "stateless",
    "outcome": "ok",
    "scriptTags": [
        "cf:service=grupo-eye-staff"
    ],
    "scriptVersion": {
        "id": "f02b4c45-05aa-4949-932b-6c920d5311c0"
    },
    "scriptName": "grupo-eye-staff",
    "diagnosticsChannelEvents": [],
    "exceptions": [],
    "logs": [],
    "eventTimestamp": 1782505782687,
    "event": {
        "request": {
            "url": "https://eye-staff.app/api/presupuestos?t=1782505782585",
            "method": "GET",
            "headers": {
                "accept": "*/*",
                "accept-encoding": "gzip, br",
                "accept-language": "es-ES,es;q=0.9,en;q=0.8",
                "authorization": "REDACTED",
                "cache-control": "no-cache",
                "cf-connecting-ip": "188.86.247.78",
                "cf-ipcountry": "ES",
                "cf-ray": "a11ef735bbe6c69e",
                "cf-visitor": "{\"scheme\":\"https\"}",
                "connection": "Keep-Alive",
                "content-type": "application/json",
                "host": "eye-staff.app",
                "pragma": "no-cache",
                "priority": "u=1, i",
                "referer": "https://eye-staff.app/",
                "sec-ch-ua": "\"Google Chrome\";v=\"149\", \"Chromium\";v=\"149\", \"Not)A;Brand\";v=\"24\"",
                "sec-ch-ua-mobile": "?0",
                "sec-ch-ua-platform": "\"macOS\"",
                "sec-fetch-dest": "empty",
                "sec-fetch-mode": "cors",
                "sec-fetch-site": "same-origin",
                "user-agent": "Mozilla/5.0 (Macintosh; Intel Mac OS X 10_15_7) AppleWebKit/537.36 (KHTML, like Gecko) Chrome/149.0.0.0 Safari/537.36",
                "x-forwarded-proto": "https",
                "x-real-ip": "188.86.247.78",
                "x-web-session-id": "1778900541741"
            },
            "cf": {
                "httpProtocol": "HTTP/3",
                "clientAcceptEncoding": "gzip, deflate, br",
                "requestPriority": "",
                "edgeRequestKeepAliveStatus": 1,
                "requestHeaderNames": {},
                "clientTcpRtt": 0,
                "clientQuicRtt": 20,
                "colo": "MAD",
                "asn": 12430,
                "asOrganization": "VODAFONE ESPANA, S.A.U",
                "country": "ES",
                "isEUCountry": "1",
                "city": "Madrid",
                "continent": "EU",
                "region": "Madrid",
                "regionCode": "MD",
                "timezone": "Europe/Madrid",
                "longitude": "-3.70256",
                "latitude": "40.4165",
                "postalCode": "28004",
                "tlsVersion": "TLSv1.3",
                "tlsCipher": "AEAD-AES128-GCM-SHA256",
                "tlsClientRandom": "MTR/VrdDTsWwLk6+a6medcGuTgM46+l+PN7QJbUzssY=",
                "tlsClientCiphersSha1": "3HTt3+R/6BL3zeALJDSq0pR1yOQ=",
                "tlsClientExtensionsSha1": "93pnLPs+ozaBzpwu7mDnjA2PRo4=",
                "tlsClientExtensionsSha1Le": "X7qkEoKDVK/pSQ7uCMMewQmugQQ=",
                "tlsClientHelloLength": "1740",
                "tlsClientAuth": {
                    "certPresented": "0",
                    "certVerified": "NONE",
                    "certRevoked": "0",
                    "certIssuerDN": "",
                    "certSubjectDN": "",
                    "certIssuerDNRFC2253": "",
                    "certSubjectDNRFC2253": "",
                    "certIssuerDNLegacy": "",
                    "certSubjectDNLegacy": "",
                    "certSerial": "",
                    "certIssuerSerial": "",
                    "certSKI": "",
                    "certIssuerSKI": "",
                    "certFingerprintSHA1": "",
                    "certFingerprintSHA256": "",
                    "certNotBefore": "",
                    "certNotAfter": "",
                    "certRFC9440": "",
                    "certRFC9440TooLarge": false,
                    "certChainRFC9440": "",
                    "certChainRFC9440TooLarge": false
                },
                "verifiedBotCategory": "",
                "edgeL4": {
                    "deliveryRate": 10983653
                }
            }
        },
        "response": {
            "status": 200
        }
    }
}
{
    "wallTime": 102,
    "cpuTime": 1,
    "truncated": false,
    "executionModel": "stateless",
    "outcome": "ok",
    "scriptTags": [
        "cf:service=grupo-eye-staff"
    ],
    "scriptVersion": {
        "id": "f02b4c45-05aa-4949-932b-6c920d5311c0"
    },
    "scriptName": "grupo-eye-staff",
    "diagnosticsChannelEvents": [],
    "exceptions": [],
    "logs": [],
    "eventTimestamp": 1782505782743,
    "event": {
        "request": {
            "url": "https://eye-staff.app/api/vehicles/active?session_id=146&t=1782505782643",
            "method": "GET",
            "headers": {
                "accept": "*/*",
                "accept-encoding": "gzip, br",
                "accept-language": "es-ES,es;q=0.9,en;q=0.8",
                "authorization": "REDACTED",
                "cache-control": "no-cache",
                "cf-connecting-ip": "188.86.247.78",
                "cf-ipcountry": "ES",
                "cf-ray": "a11ef7361bf6c69e",
                "cf-visitor": "{\"scheme\":\"https\"}",
                "connection": "Keep-Alive",
                "content-type": "application/json",
                "host": "eye-staff.app",
                "pragma": "no-cache",
                "priority": "u=1, i",
                "referer": "https://eye-staff.app/",
                "sec-ch-ua": "\"Google Chrome\";v=\"149\", \"Chromium\";v=\"149\", \"Not)A;Brand\";v=\"24\"",
                "sec-ch-ua-mobile": "?0",
                "sec-ch-ua-platform": "\"macOS\"",
                "sec-fetch-dest": "empty",
                "sec-fetch-mode": "cors",
                "sec-fetch-site": "same-origin",
                "user-agent": "Mozilla/5.0 (Macintosh; Intel Mac OS X 10_15_7) AppleWebKit/537.36 (KHTML, like Gecko) Chrome/149.0.0.0 Safari/537.36",
                "x-forwarded-proto": "https",
                "x-real-ip": "188.86.247.78",
                "x-web-session-id": "1778900541741"
            },
            "cf": {
                "httpProtocol": "HTTP/3",
                "clientAcceptEncoding": "gzip, deflate, br",
                "requestPriority": "",
                "edgeRequestKeepAliveStatus": 1,
                "requestHeaderNames": {},
                "clientTcpRtt": 0,
                "clientQuicRtt": 18,
                "colo": "MAD",
                "asn": 12430,
                "asOrganization": "VODAFONE ESPANA, S.A.U",
                "country": "ES",
                "isEUCountry": "1",
                "city": "Madrid",
                "continent": "EU",
                "region": "Madrid",
                "regionCode": "MD",
                "timezone": "Europe/Madrid",
                "longitude": "-3.70256",
                "latitude": "40.4165",
                "postalCode": "28004",
                "tlsVersion": "TLSv1.3",
                "tlsCipher": "AEAD-AES128-GCM-SHA256",
                "tlsClientRandom": "MTR/VrdDTsWwLk6+a6medcGuTgM46+l+PN7QJbUzssY=",
                "tlsClientCiphersSha1": "3HTt3+R/6BL3zeALJDSq0pR1yOQ=",
                "tlsClientExtensionsSha1": "93pnLPs+ozaBzpwu7mDnjA2PRo4=",
                "tlsClientExtensionsSha1Le": "X7qkEoKDVK/pSQ7uCMMewQmugQQ=",
                "tlsClientHelloLength": "1740",
                "tlsClientAuth": {
                    "certPresented": "0",
                    "certVerified": "NONE",
                    "certRevoked": "0",
                    "certIssuerDN": "",
                    "certSubjectDN": "",
                    "certIssuerDNRFC2253": "",
                    "certSubjectDNRFC2253": "",
                    "certIssuerDNLegacy": "",
                    "certSubjectDNLegacy": "",
                    "certSerial": "",
                    "certIssuerSerial": "",
                    "certSKI": "",
                    "certIssuerSKI": "",
                    "certFingerprintSHA1": "",
                    "certFingerprintSHA256": "",
                    "certNotBefore": "",
                    "certNotAfter": "",
                    "certRFC9440": "",
                    "certRFC9440TooLarge": false,
                    "certChainRFC9440": "",
                    "certChainRFC9440TooLarge": false
                },
                "verifiedBotCategory": "",
                "edgeL4": {
                    "deliveryRate": 10983653
                }
            }
        },
        "response": {
            "status": 200
        }
    }
}
{
    "wallTime": 163,
    "cpuTime": 6,
    "truncated": false,
    "executionModel": "stateless",
    "outcome": "ok",
    "scriptTags": [
        "cf:service=grupo-eye-staff"
    ],
    "scriptVersion": {
        "id": "f02b4c45-05aa-4949-932b-6c920d5311c0"
    },
    "scriptName": "grupo-eye-staff",
    "diagnosticsChannelEvents": [],
    "exceptions": [],
    "logs": [],
    "eventTimestamp": 1782505782975,
    "event": {
        "request": {
            "url": "https://eye-staff.app/api/staff?t=1782505782873",
            "method": "GET",
            "headers": {
                "accept": "*/*",
                "accept-encoding": "gzip, br",
                "accept-language": "es-ES,es;q=0.9,en;q=0.8",
                "authorization": "REDACTED",
                "cache-control": "no-cache",
                "cf-connecting-ip": "188.86.247.78",
                "cf-ipcountry": "ES",
                "cf-ray": "a11ef7378c30c69e",
                "cf-visitor": "{\"scheme\":\"https\"}",
                "connection": "Keep-Alive",
                "content-type": "application/json",
                "host": "eye-staff.app",
                "pragma": "no-cache",
                "priority": "u=1, i",
                "referer": "https://eye-staff.app/",
                "sec-ch-ua": "\"Google Chrome\";v=\"149\", \"Chromium\";v=\"149\", \"Not)A;Brand\";v=\"24\"",
                "sec-ch-ua-mobile": "?0",
                "sec-ch-ua-platform": "\"macOS\"",
                "sec-fetch-dest": "empty",
                "sec-fetch-mode": "cors",
                "sec-fetch-site": "same-origin",
                "user-agent": "Mozilla/5.0 (Macintosh; Intel Mac OS X 10_15_7) AppleWebKit/537.36 (KHTML, like Gecko) Chrome/149.0.0.0 Safari/537.36",
                "x-forwarded-proto": "https",
                "x-real-ip": "188.86.247.78",
                "x-web-session-id": "1778900541741"
            },
            "cf": {
                "httpProtocol": "HTTP/3",
                "clientAcceptEncoding": "gzip, deflate, br",
                "requestPriority": "",
                "edgeRequestKeepAliveStatus": 1,
                "requestHeaderNames": {},
                "clientTcpRtt": 0,
                "clientQuicRtt": 17,
                "colo": "MAD",
                "asn": 12430,
                "asOrganization": "VODAFONE ESPANA, S.A.U",
                "country": "ES",
                "isEUCountry": "1",
                "city": "Madrid",
                "continent": "EU",
                "region": "Madrid",
                "regionCode": "MD",
                "timezone": "Europe/Madrid",
                "longitude": "-3.70256",
                "latitude": "40.4165",
                "postalCode": "28004",
                "tlsVersion": "TLSv1.3",
                "tlsCipher": "AEAD-AES128-GCM-SHA256",
                "tlsClientRandom": "MTR/VrdDTsWwLk6+a6medcGuTgM46+l+PN7QJbUzssY=",
                "tlsClientCiphersSha1": "3HTt3+R/6BL3zeALJDSq0pR1yOQ=",
                "tlsClientExtensionsSha1": "93pnLPs+ozaBzpwu7mDnjA2PRo4=",
                "tlsClientExtensionsSha1Le": "X7qkEoKDVK/pSQ7uCMMewQmugQQ=",
                "tlsClientHelloLength": "1740",
                "tlsClientAuth": {
                    "certPresented": "0",
                    "certVerified": "NONE",
                    "certRevoked": "0",
                    "certIssuerDN": "",
                    "certSubjectDN": "",
                    "certIssuerDNRFC2253": "",
                    "certSubjectDNRFC2253": "",
                    "certIssuerDNLegacy": "",
                    "certSubjectDNLegacy": "",
                    "certSerial": "",
                    "certIssuerSerial": "",
                    "certSKI": "",
                    "certIssuerSKI": "",
                    "certFingerprintSHA1": "",
                    "certFingerprintSHA256": "",
                    "certNotBefore": "",
                    "certNotAfter": "",
                    "certRFC9440": "",
                    "certRFC9440TooLarge": false,
                    "certChainRFC9440": "",
                    "certChainRFC9440TooLarge": false
                },
                "verifiedBotCategory": "",
                "edgeL4": {
                    "deliveryRate": 10983653
                }
            }
        },
        "response": {
            "status": 200
        }
    }
}
{
    "wallTime": 131,
    "cpuTime": 3,
    "truncated": false,
    "executionModel": "stateless",
    "outcome": "ok",
    "scriptTags": [
        "cf:service=grupo-eye-staff"
    ],
    "scriptVersion": {
        "id": "f02b4c45-05aa-4949-932b-6c920d5311c0"
    },
    "scriptName": "grupo-eye-staff",
    "diagnosticsChannelEvents": [],
    "exceptions": [],
    "logs": [],
    "eventTimestamp": 1782505783171,
    "event": {
        "request": {
            "url": "https://eye-staff.app/api/admin/report-subscriptions?t=1782505783069",
            "method": "GET",
            "headers": {
                "accept": "*/*",
                "accept-encoding": "gzip, br",
                "accept-language": "es-ES,es;q=0.9,en;q=0.8",
                "authorization": "REDACTED",
                "cache-control": "no-cache",
                "cf-connecting-ip": "188.86.247.78",
                "cf-ipcountry": "ES",
                "cf-ray": "a11ef738cc67c69e",
                "cf-visitor": "{\"scheme\":\"https\"}",
                "connection": "Keep-Alive",
                "content-type": "application/json",
                "host": "eye-staff.app",
                "pragma": "no-cache",
                "priority": "u=1, i",
                "referer": "https://eye-staff.app/",
                "sec-ch-ua": "\"Google Chrome\";v=\"149\", \"Chromium\";v=\"149\", \"Not)A;Brand\";v=\"24\"",
                "sec-ch-ua-mobile": "?0",
                "sec-ch-ua-platform": "\"macOS\"",
                "sec-fetch-dest": "empty",
                "sec-fetch-mode": "cors",
                "sec-fetch-site": "same-origin",
                "user-agent": "Mozilla/5.0 (Macintosh; Intel Mac OS X 10_15_7) AppleWebKit/537.36 (KHTML, like Gecko) Chrome/149.0.0.0 Safari/537.36",
                "x-forwarded-proto": "https",
                "x-real-ip": "188.86.247.78",
                "x-web-session-id": "1778900541741"
            },
            "cf": {
                "httpProtocol": "HTTP/3",
                "clientAcceptEncoding": "gzip, deflate, br",
                "requestPriority": "",
                "edgeRequestKeepAliveStatus": 1,
                "requestHeaderNames": {},
                "clientTcpRtt": 0,
                "clientQuicRtt": 14,
                "colo": "MAD",
                "asn": 12430,
                "asOrganization": "VODAFONE ESPANA, S.A.U",
                "country": "ES",
                "isEUCountry": "1",
                "city": "Madrid",
                "continent": "EU",
                "region": "Madrid",
                "regionCode": "MD",
                "timezone": "Europe/Madrid",
                "longitude": "-3.70256",
                "latitude": "40.4165",
                "postalCode": "28004",
                "tlsVersion": "TLSv1.3",
                "tlsCipher": "AEAD-AES128-GCM-SHA256",
                "tlsClientRandom": "MTR/VrdDTsWwLk6+a6medcGuTgM46+l+PN7QJbUzssY=",
                "tlsClientCiphersSha1": "3HTt3+R/6BL3zeALJDSq0pR1yOQ=",
                "tlsClientExtensionsSha1": "93pnLPs+ozaBzpwu7mDnjA2PRo4=",
                "tlsClientExtensionsSha1Le": "X7qkEoKDVK/pSQ7uCMMewQmugQQ=",
                "tlsClientHelloLength": "1740",
                "tlsClientAuth": {
                    "certPresented": "0",
                    "certVerified": "NONE",
                    "certRevoked": "0",
                    "certIssuerDN": "",
                    "certSubjectDN": "",
                    "certIssuerDNRFC2253": "",
                    "certSubjectDNRFC2253": "",
                    "certIssuerDNLegacy": "",
                    "certSubjectDNLegacy": "",
                    "certSerial": "",
                    "certIssuerSerial": "",
                    "certSKI": "",
                    "certIssuerSKI": "",
                    "certFingerprintSHA1": "",
                    "certFingerprintSHA256": "",
                    "certNotBefore": "",
                    "certNotAfter": "",
                    "certRFC9440": "",
                    "certRFC9440TooLarge": false,
                    "certChainRFC9440": "",
                    "certChainRFC9440TooLarge": false
                },
                "verifiedBotCategory": "",
                "edgeL4": {
                    "deliveryRate": 10983653
                }
            }
        },
        "response": {
            "status": 200
        }
    }
}
{
    "wallTime": 1387,
    "cpuTime": 14,
    "truncated": false,
    "executionModel": "stateless",
    "outcome": "ok",
    "scriptTags": [
        "cf:service=grupo-eye-staff"
    ],
    "scriptVersion": {
        "id": "f02b4c45-05aa-4949-932b-6c920d5311c0"
    },
    "scriptName": "grupo-eye-staff",
    "diagnosticsChannelEvents": [],
    "exceptions": [],
    "logs": [],
    "eventTimestamp": 1782505783171,
    "event": {
        "request": {
            "url": "https://eye-staff.app/api/settings?t=1782505783070",
            "method": "GET",
            "headers": {
                "accept": "*/*",
                "accept-encoding": "gzip, br",
                "accept-language": "es-ES,es;q=0.9,en;q=0.8",
                "authorization": "REDACTED",
                "cache-control": "no-cache",
                "cf-connecting-ip": "188.86.247.78",
                "cf-ipcountry": "ES",
                "cf-ray": "a11ef738cc68c69e",
                "cf-visitor": "{\"scheme\":\"https\"}",
                "connection": "Keep-Alive",
                "content-type": "application/json",
                "host": "eye-staff.app",
                "pragma": "no-cache",
                "priority": "u=1, i",
                "referer": "https://eye-staff.app/",
                "sec-ch-ua": "\"Google Chrome\";v=\"149\", \"Chromium\";v=\"149\", \"Not)A;Brand\";v=\"24\"",
                "sec-ch-ua-mobile": "?0",
                "sec-ch-ua-platform": "\"macOS\"",
                "sec-fetch-dest": "empty",
                "sec-fetch-mode": "cors",
                "sec-fetch-site": "same-origin",
                "user-agent": "Mozilla/5.0 (Macintosh; Intel Mac OS X 10_15_7) AppleWebKit/537.36 (KHTML, like Gecko) Chrome/149.0.0.0 Safari/537.36",
                "x-forwarded-proto": "https",
                "x-real-ip": "188.86.247.78",
                "x-web-session-id": "1778900541741"
            },
            "cf": {
                "httpProtocol": "HTTP/3",
                "clientAcceptEncoding": "gzip, deflate, br",
                "requestPriority": "",
                "edgeRequestKeepAliveStatus": 1,
                "requestHeaderNames": {},
                "clientTcpRtt": 0,
                "clientQuicRtt": 14,
                "colo": "MAD",
                "asn": 12430,
                "asOrganization": "VODAFONE ESPANA, S.A.U",
                "country": "ES",
                "isEUCountry": "1",
                "city": "Madrid",
                "continent": "EU",
                "region": "Madrid",
                "regionCode": "MD",
                "timezone": "Europe/Madrid",
                "longitude": "-3.70256",
                "latitude": "40.4165",
                "postalCode": "28004",
                "tlsVersion": "TLSv1.3",
                "tlsCipher": "AEAD-AES128-GCM-SHA256",
                "tlsClientRandom": "MTR/VrdDTsWwLk6+a6medcGuTgM46+l+PN7QJbUzssY=",
                "tlsClientCiphersSha1": "3HTt3+R/6BL3zeALJDSq0pR1yOQ=",
                "tlsClientExtensionsSha1": "93pnLPs+ozaBzpwu7mDnjA2PRo4=",
                "tlsClientExtensionsSha1Le": "X7qkEoKDVK/pSQ7uCMMewQmugQQ=",
                "tlsClientHelloLength": "1740",
                "tlsClientAuth": {
                    "certPresented": "0",
                    "certVerified": "NONE",
                    "certRevoked": "0",
                    "certIssuerDN": "",
                    "certSubjectDN": "",
                    "certIssuerDNRFC2253": "",
                    "certSubjectDNRFC2253": "",
                    "certIssuerDNLegacy": "",
                    "certSubjectDNLegacy": "",
                    "certSerial": "",
                    "certIssuerSerial": "",
                    "certSKI": "",
                    "certIssuerSKI": "",
                    "certFingerprintSHA1": "",
                    "certFingerprintSHA256": "",
                    "certNotBefore": "",
                    "certNotAfter": "",
                    "certRFC9440": "",
                    "certRFC9440TooLarge": false,
                    "certChainRFC9440": "",
                    "certChainRFC9440TooLarge": false
                },
                "verifiedBotCategory": "",
                "edgeL4": {
                    "deliveryRate": 10983653
                }
            }
        },
        "response": {
            "status": 200
        }
    }
}
{
    "wallTime": 92,
    "cpuTime": 47,
    "truncated": false,
    "executionModel": "stateless",
    "outcome": "ok",
    "scriptTags": [
        "cf:service=grupo-eye-staff"
    ],
    "scriptVersion": {
        "id": "f02b4c45-05aa-4949-932b-6c920d5311c0"
    },
    "scriptName": "grupo-eye-staff",
    "diagnosticsChannelEvents": [],
    "exceptions": [],
    "logs": [
        {
            "message": [
                "Error global en test-request:",
                "ReferenceError: today is not defined"
            ],
            "level": "error",
            "timestamp": 1782505788709
        }
    ],
    "eventTimestamp": 1782505788669,
    "event": {
        "request": {
            "url": "https://eye-staff.app/api/reports/test-request?t=1782505788563",
            "method": "POST",
            "headers": {
                "accept": "*/*",
                "accept-encoding": "gzip, br",
                "accept-language": "es-ES,es;q=0.9,en;q=0.8",
                "authorization": "REDACTED",
                "cache-control": "no-cache",
                "cf-connecting-ip": "188.86.247.78",
                "cf-ipcountry": "ES",
                "cf-ray": "a11ef75b29b1c69e",
                "cf-visitor": "{\"scheme\":\"https\"}",
                "connection": "Keep-Alive",
                "content-length": "71",
                "content-type": "application/json",
                "host": "eye-staff.app",
                "origin": "https://eye-staff.app",
                "pragma": "no-cache",
                "priority": "u=1, i",
                "referer": "https://eye-staff.app/",
                "sec-ch-ua": "\"Google Chrome\";v=\"149\", \"Chromium\";v=\"149\", \"Not)A;Brand\";v=\"24\"",
                "sec-ch-ua-mobile": "?0",
                "sec-ch-ua-platform": "\"macOS\"",
                "sec-fetch-dest": "empty",
                "sec-fetch-mode": "cors",
                "sec-fetch-site": "same-origin",
                "user-agent": "Mozilla/5.0 (Macintosh; Intel Mac OS X 10_15_7) AppleWebKit/537.36 (KHTML, like Gecko) Chrome/149.0.0.0 Safari/537.36",
                "x-forwarded-proto": "https",
                "x-real-ip": "188.86.247.78",
                "x-web-session-id": "1778900541741"
            },
            "cf": {
                "httpProtocol": "HTTP/3",
                "clientAcceptEncoding": "gzip, deflate, br",
                "requestPriority": "",
                "edgeRequestKeepAliveStatus": 1,
                "requestHeaderNames": {},
                "clientTcpRtt": 0,
                "clientQuicRtt": 18,
                "colo": "MAD",
                "asn": 12430,
                "asOrganization": "VODAFONE ESPANA, S.A.U",
                "country": "ES",
                "isEUCountry": "1",
                "city": "Madrid",
                "continent": "EU",
                "region": "Madrid",
                "regionCode": "MD",
                "timezone": "Europe/Madrid",
                "longitude": "-3.70256",
                "latitude": "40.4165",
                "postalCode": "28004",
                "tlsVersion": "TLSv1.3",
                "tlsCipher": "AEAD-AES128-GCM-SHA256",
                "tlsClientRandom": "MTR/VrdDTsWwLk6+a6medcGuTgM46+l+PN7QJbUzssY=",
                "tlsClientCiphersSha1": "3HTt3+R/6BL3zeALJDSq0pR1yOQ=",
                "tlsClientExtensionsSha1": "93pnLPs+ozaBzpwu7mDnjA2PRo4=",
                "tlsClientExtensionsSha1Le": "X7qkEoKDVK/pSQ7uCMMewQmugQQ=",
                "tlsClientHelloLength": "1740",
                "tlsClientAuth": {
                    "certPresented": "0",
                    "certVerified": "NONE",
                    "certRevoked": "0",
                    "certIssuerDN": "",
                    "certSubjectDN": "",
                    "certIssuerDNRFC2253": "",
                    "certSubjectDNRFC2253": "",
                    "certIssuerDNLegacy": "",
                    "certSubjectDNLegacy": "",
                    "certSerial": "",
                    "certIssuerSerial": "",
                    "certSKI": "",
                    "certIssuerSKI": "",
                    "certFingerprintSHA1": "",
                    "certFingerprintSHA256": "",
                    "certNotBefore": "",
                    "certNotAfter": "",
                    "certRFC9440": "",
                    "certRFC9440TooLarge": false,
                    "certChainRFC9440": "",
                    "certChainRFC9440TooLarge": false
                },
                "verifiedBotCategory": "",
                "edgeL4": {
                    "deliveryRate": 10983653
                }
            }
        },
        "response": {
            "status": 500
        }
    }
}
{
    "wallTime": 89,
    "cpuTime": 1,
    "truncated": false,
    "executionModel": "stateless",
    "outcome": "ok",
    "scriptTags": [
        "cf:service=grupo-eye-staff"
    ],
    "scriptVersion": {
        "id": "f02b4c45-05aa-4949-932b-6c920d5311c0"
    },
    "scriptName": "grupo-eye-staff",
    "diagnosticsChannelEvents": [],
    "exceptions": [],
    "logs": [],
    "eventTimestamp": 1782505799096,
    "event": {
        "request": {
            "url": "https://eye-staff.app/api/staff/live-locations?t=1782505798989",
            "method": "GET",
            "headers": {
                "accept": "*/*",
                "accept-encoding": "gzip, br",
                "accept-language": "es-ES,es;q=0.9,en;q=0.8",
                "authorization": "REDACTED",
                "cache-control": "no-cache",
                "cf-connecting-ip": "188.86.247.78",
                "cf-ipcountry": "ES",
                "cf-ray": "a11ef79c4c48c69e",
                "cf-visitor": "{\"scheme\":\"https\"}",
                "connection": "Keep-Alive",
                "content-type": "application/json",
                "host": "eye-staff.app",
                "pragma": "no-cache",
                "priority": "u=1, i",
                "referer": "https://eye-staff.app/",
                "sec-ch-ua": "\"Google Chrome\";v=\"149\", \"Chromium\";v=\"149\", \"Not)A;Brand\";v=\"24\"",
                "sec-ch-ua-mobile": "?0",
                "sec-ch-ua-platform": "\"macOS\"",
                "sec-fetch-dest": "empty",
                "sec-fetch-mode": "cors",
                "sec-fetch-site": "same-origin",
                "user-agent": "Mozilla/5.0 (Macintosh; Intel Mac OS X 10_15_7) AppleWebKit/537.36 (KHTML, like Gecko) Chrome/149.0.0.0 Safari/537.36",
                "x-forwarded-proto": "https",
                "x-real-ip": "188.86.247.78",
                "x-web-session-id": "1778900541741"
            },
            "cf": {
                "httpProtocol": "HTTP/3",
                "clientAcceptEncoding": "gzip, deflate, br",
                "requestPriority": "",
                "edgeRequestKeepAliveStatus": 1,
                "requestHeaderNames": {},
                "clientTcpRtt": 0,
                "clientQuicRtt": 17,
                "colo": "MAD",
                "asn": 12430,
                "asOrganization": "VODAFONE ESPANA, S.A.U",
                "country": "ES",
                "isEUCountry": "1",
                "city": "Madrid",
                "continent": "EU",
                "region": "Madrid",
                "regionCode": "MD",
                "timezone": "Europe/Madrid",
                "longitude": "-3.70256",
                "latitude": "40.4165",
                "postalCode": "28004",
                "tlsVersion": "TLSv1.3",
                "tlsCipher": "AEAD-AES128-GCM-SHA256",
                "tlsClientRandom": "MTR/VrdDTsWwLk6+a6medcGuTgM46+l+PN7QJbUzssY=",
                "tlsClientCiphersSha1": "3HTt3+R/6BL3zeALJDSq0pR1yOQ=",
                "tlsClientExtensionsSha1": "93pnLPs+ozaBzpwu7mDnjA2PRo4=",
                "tlsClientExtensionsSha1Le": "X7qkEoKDVK/pSQ7uCMMewQmugQQ=",
                "tlsClientHelloLength": "1740",
                "tlsClientAuth": {
                    "certPresented": "0",
                    "certVerified": "NONE",
                    "certRevoked": "0",
                    "certIssuerDN": "",
                    "certSubjectDN": "",
                    "certIssuerDNRFC2253": "",
                    "certSubjectDNRFC2253": "",
                    "certIssuerDNLegacy": "",
                    "certSubjectDNLegacy": "",
                    "certSerial": "",
                    "certIssuerSerial": "",
                    "certSKI": "",
                    "certIssuerSKI": "",
                    "certFingerprintSHA1": "",
                    "certFingerprintSHA256": "",
                    "certNotBefore": "",
                    "certNotAfter": "",
                    "certRFC9440": "",
                    "certRFC9440TooLarge": false,
                    "certChainRFC9440": "",
                    "certChainRFC9440TooLarge": false
                },
                "verifiedBotCategory": "",
                "edgeL4": {
                    "deliveryRate": 10983653
                }
            }
        },
        "response": {
            "status": 200
        }
    }
}
{
    "wallTime": 1444,
    "cpuTime": 15,
    "truncated": false,
    "executionModel": "stateless",
    "outcome": "ok",
    "scriptTags": [
        "cf:service=grupo-eye-staff"
    ],
    "scriptVersion": {
        "id": "f02b4c45-05aa-4949-932b-6c920d5311c0"
    },
    "scriptName": "grupo-eye-staff",
    "diagnosticsChannelEvents": [],
    "exceptions": [],
    "logs": [],
    "eventTimestamp": 1782505799095,
    "event": {
        "request": {
            "url": "https://eye-staff.app/api/chat/conversations",
            "method": "GET",
            "headers": {
                "accept": "*/*",
                "accept-encoding": "gzip, br",
                "accept-language": "es-ES,es;q=0.9,en;q=0.8",
                "authorization": "REDACTED",
                "cf-connecting-ip": "188.86.247.78",
                "cf-ipcountry": "ES",
                "cf-ray": "a11ef79c4c47c69e",
                "cf-visitor": "{\"scheme\":\"https\"}",
                "connection": "Keep-Alive",
                "host": "eye-staff.app",
                "priority": "u=1, i",
                "referer": "https://eye-staff.app/",
                "sec-ch-ua": "\"Google Chrome\";v=\"149\", \"Chromium\";v=\"149\", \"Not)A;Brand\";v=\"24\"",
                "sec-ch-ua-mobile": "?0",
                "sec-ch-ua-platform": "\"macOS\"",
                "sec-fetch-dest": "empty",
                "sec-fetch-mode": "cors",
                "sec-fetch-site": "same-origin",
                "user-agent": "Mozilla/5.0 (Macintosh; Intel Mac OS X 10_15_7) AppleWebKit/537.36 (KHTML, like Gecko) Chrome/149.0.0.0 Safari/537.36",
                "x-forwarded-proto": "https",
                "x-real-ip": "188.86.247.78"
            },
            "cf": {
                "httpProtocol": "HTTP/3",
                "clientAcceptEncoding": "gzip, deflate, br",
                "requestPriority": "",
                "edgeRequestKeepAliveStatus": 1,
                "requestHeaderNames": {},
                "clientTcpRtt": 0,
                "clientQuicRtt": 17,
                "colo": "MAD",
                "asn": 12430,
                "asOrganization": "VODAFONE ESPANA, S.A.U",
                "country": "ES",
                "isEUCountry": "1",
                "city": "Madrid",
                "continent": "EU",
                "region": "Madrid",
                "regionCode": "MD",
                "timezone": "Europe/Madrid",
                "longitude": "-3.70256",
                "latitude": "40.4165",
                "postalCode": "28004",
                "tlsVersion": "TLSv1.3",
                "tlsCipher": "AEAD-AES128-GCM-SHA256",
                "tlsClientRandom": "MTR/VrdDTsWwLk6+a6medcGuTgM46+l+PN7QJbUzssY=",
                "tlsClientCiphersSha1": "3HTt3+R/6BL3zeALJDSq0pR1yOQ=",
                "tlsClientExtensionsSha1": "93pnLPs+ozaBzpwu7mDnjA2PRo4=",
                "tlsClientExtensionsSha1Le": "X7qkEoKDVK/pSQ7uCMMewQmugQQ=",
                "tlsClientHelloLength": "1740",
                "tlsClientAuth": {
                    "certPresented": "0",
                    "certVerified": "NONE",
                    "certRevoked": "0",
                    "certIssuerDN": "",
                    "certSubjectDN": "",
                    "certIssuerDNRFC2253": "",
                    "certSubjectDNRFC2253": "",
                    "certIssuerDNLegacy": "",
                    "certSubjectDNLegacy": "",
                    "certSerial": "",
                    "certIssuerSerial": "",
                    "certSKI": "",
                    "certIssuerSKI": "",
                    "certFingerprintSHA1": "",
                    "certFingerprintSHA256": "",
                    "certNotBefore": "",
                    "certNotAfter": "",
                    "certRFC9440": "",
                    "certRFC9440TooLarge": false,
                    "certChainRFC9440": "",
                    "certChainRFC9440TooLarge": false
                },
                "verifiedBotCategory": "",
                "edgeL4": {
                    "deliveryRate": 10983653
                }
            }
        },
        "response": {
            "status": 200
        }
    }
}
{
    "wallTime": 1452,
    "cpuTime": 14,
    "truncated": false,
    "executionModel": "stateless",
    "outcome": "ok",
    "scriptTags": [
        "cf:service=grupo-eye-staff"
    ],
    "scriptVersion": {
        "id": "f02b4c45-05aa-4949-932b-6c920d5311c0"
    },
    "scriptName": "grupo-eye-staff",
    "diagnosticsChannelEvents": [],
    "exceptions": [],
    "logs": [],
    "eventTimestamp": 1782505800601,
    "event": {
        "request": {
            "url": "https://eye-staff.app/api/chat/conversations",
            "method": "GET",
            "headers": {
                "accept": "*/*",
                "accept-encoding": "gzip, br",
                "accept-language": "es-ES,es;q=0.9,en;q=0.8",
                "authorization": "REDACTED",
                "cf-connecting-ip": "188.86.247.78",
                "cf-ipcountry": "ES",
                "cf-ray": "a11ef7a5be18c69e",
                "cf-visitor": "{\"scheme\":\"https\"}",
                "connection": "Keep-Alive",
                "host": "eye-staff.app",
                "priority": "u=1, i",
                "referer": "https://eye-staff.app/",
                "sec-ch-ua": "\"Google Chrome\";v=\"149\", \"Chromium\";v=\"149\", \"Not)A;Brand\";v=\"24\"",
                "sec-ch-ua-mobile": "?0",
                "sec-ch-ua-platform": "\"macOS\"",
                "sec-fetch-dest": "empty",
                "sec-fetch-mode": "cors",
                "sec-fetch-site": "same-origin",
                "user-agent": "Mozilla/5.0 (Macintosh; Intel Mac OS X 10_15_7) AppleWebKit/537.36 (KHTML, like Gecko) Chrome/149.0.0.0 Safari/537.36",
                "x-forwarded-proto": "https",
                "x-real-ip": "188.86.247.78"
            },
            "cf": {
                "httpProtocol": "HTTP/3",
                "clientAcceptEncoding": "gzip, deflate, br",
                "requestPriority": "",
                "edgeRequestKeepAliveStatus": 1,
                "requestHeaderNames": {},
                "clientTcpRtt": 0,
                "clientQuicRtt": 20,
                "colo": "MAD",
                "asn": 12430,
                "asOrganization": "VODAFONE ESPANA, S.A.U",
                "country": "ES",
                "isEUCountry": "1",
                "city": "Madrid",
                "continent": "EU",
                "region": "Madrid",
                "regionCode": "MD",
                "timezone": "Europe/Madrid",
                "longitude": "-3.70256",
                "latitude": "40.4165",
                "postalCode": "28004",
                "tlsVersion": "TLSv1.3",
                "tlsCipher": "AEAD-AES128-GCM-SHA256",
                "tlsClientRandom": "MTR/VrdDTsWwLk6+a6medcGuTgM46+l+PN7QJbUzssY=",
                "tlsClientCiphersSha1": "3HTt3+R/6BL3zeALJDSq0pR1yOQ=",
                "tlsClientExtensionsSha1": "93pnLPs+ozaBzpwu7mDnjA2PRo4=",
                "tlsClientExtensionsSha1Le": "X7qkEoKDVK/pSQ7uCMMewQmugQQ=",
                "tlsClientHelloLength": "1740",
                "tlsClientAuth": {
                    "certPresented": "0",
                    "certVerified": "NONE",
                    "certRevoked": "0",
                    "certIssuerDN": "",
                    "certSubjectDN": "",
                    "certIssuerDNRFC2253": "",
                    "certSubjectDNRFC2253": "",
                    "certIssuerDNLegacy": "",
                    "certSubjectDNLegacy": "",
                    "certSerial": "",
                    "certIssuerSerial": "",
                    "certSKI": "",
                    "certIssuerSKI": "",
                    "certFingerprintSHA1": "",
                    "certFingerprintSHA256": "",
                    "certNotBefore": "",
                    "certNotAfter": "",
                    "certRFC9440": "",
                    "certRFC9440TooLarge": false,
                    "certChainRFC9440": "",
                    "certChainRFC9440TooLarge": false
                },
                "verifiedBotCategory": "",
                "edgeL4": {
                    "deliveryRate": 10983653
                }
            }
        },
        "response": {
            "status": 200
        }
    }
}
{
    "wallTime": 143,
    "cpuTime": 84,
    "truncated": false,
    "executionModel": "stateless",
    "outcome": "ok",
    "scriptTags": [
        "cf:service=grupo-eye-staff"
    ],
    "scriptVersion": {
        "id": "f02b4c45-05aa-4949-932b-6c920d5311c0"
    },
    "scriptName": "grupo-eye-staff",
    "diagnosticsChannelEvents": [],
    "exceptions": [],
    "logs": [
        {
            "message": [
                "Error global en test-request:",
                "ReferenceError: today is not defined"
            ],
            "level": "error",
            "timestamp": 1782505807991
        }
    ],
    "eventTimestamp": 1782505807785,
    "event": {
        "request": {
            "url": "https://eye-staff.app/api/reports/test-request",
            "method": "POST",
            "headers": {
                "accept": "*/*",
                "accept-encoding": "gzip, br",
                "cf-connecting-ip": "188.86.247.78",
                "cf-ipcountry": "ES",
                "cf-ray": "a11ef7d28b024f18",
                "cf-visitor": "{\"scheme\":\"https\"}",
                "connection": "Keep-Alive",
                "content-length": "53",
                "content-type": "application/json",
                "host": "eye-staff.app",
                "user-agent": "curl/8.7.1",
                "x-forwarded-proto": "https",
                "x-real-ip": "188.86.247.78"
            },
            "cf": {
                "httpProtocol": "HTTP/2",
                "requestPriority": "weight=16;exclusive=0;group=0;group-weight=0",
                "edgeRequestKeepAliveStatus": 1,
                "requestHeaderNames": {},
                "clientTcpRtt": 6,
                "clientQuicRtt": 0,
                "colo": "MAD",
                "asn": 12430,
                "asOrganization": "VODAFONE ESPANA, S.A.U",
                "country": "ES",
                "isEUCountry": "1",
                "city": "Madrid",
                "continent": "EU",
                "region": "Madrid",
                "regionCode": "MD",
                "timezone": "Europe/Madrid",
                "longitude": "-3.70256",
                "latitude": "40.4165",
                "postalCode": "28004",
                "tlsVersion": "TLSv1.3",
                "tlsCipher": "AEAD-CHACHA20-POLY1305-SHA256",
                "tlsClientRandom": "ed86W7feaJKo6V+lMnD8rDuc8CI4tt6xlCTyk2H4yv8=",
                "tlsClientCiphersSha1": "eDGmD1H99AwNYzOR+7eoGLo6eLU=",
                "tlsClientExtensionsSha1": "Ub+nUmIm1U57hdNSUph0R+kx9Gc=",
                "tlsClientExtensionsSha1Le": "NMNf2YIpLBhtroOEBooGFi+jtJ8=",
                "tlsExportedAuthenticator": {
                    "clientHandshake": "bd3309aee5939b3e5c8cba2aeae25e8c9cb2204acd5ffa9e70606c2f8b202b27",
                    "serverHandshake": "89fd7b65dab559de27d378a90eb28d1d40c1dc933e7d0c4e61811be68e4ebdd2",
                    "clientFinished": "033981c806caeb400168cf0cdc10b51f509ab3882b40838506d6d21f611ca5dc",
                    "serverFinished": "34c176dfd96e3c63dc1cb609a67f131e5b0722ab0e3f33d0892da536b1ac3a4d"
                },
                "tlsClientHelloLength": "314",
                "tlsClientAuth": {
                    "certPresented": "0",
                    "certVerified": "NONE",
                    "certRevoked": "0",
                    "certIssuerDN": "",
                    "certSubjectDN": "",
                    "certIssuerDNRFC2253": "",
                    "certSubjectDNRFC2253": "",
                    "certIssuerDNLegacy": "",
                    "certSubjectDNLegacy": "",
                    "certSerial": "",
                    "certIssuerSerial": "",
                    "certSKI": "",
                    "certIssuerSKI": "",
                    "certFingerprintSHA1": "",
                    "certFingerprintSHA256": "",
                    "certNotBefore": "",
                    "certNotAfter": "",
                    "certRFC9440": "",
                    "certRFC9440TooLarge": false,
                    "certChainRFC9440": "",
                    "certChainRFC9440TooLarge": false
                },
                "verifiedBotCategory": "",
                "edgeL4": {
                    "deliveryRate": 437092
                }
            }
        },
        "response": {
            "status": 500
        }
    }
}
{
    "wallTime": 165,
    "cpuTime": 3,
    "truncated": false,
    "executionModel": "stateless",
    "outcome": "ok",
    "scriptTags": [
        "cf:service=grupo-eye-staff"
    ],
    "scriptVersion": {
        "id": "f02b4c45-05aa-4949-932b-6c920d5311c0"
    },
    "scriptName": "grupo-eye-staff",
    "diagnosticsChannelEvents": [],
    "exceptions": [],
    "logs": [],
    "eventTimestamp": 1782505809884,
    "event": {
        "request": {
            "url": "https://eye-staff.app/api/staff/live-locations?t=1782505809785",
            "method": "GET",
            "headers": {
                "accept": "*/*",
                "accept-encoding": "gzip, br",
                "accept-language": "es-ES,es;q=0.9,en;q=0.8",
                "authorization": "REDACTED",
                "cache-control": "no-cache",
                "cf-connecting-ip": "188.86.247.78",
                "cf-ipcountry": "ES",
                "cf-ray": "a11ef7dfcf74c69e",
                "cf-visitor": "{\"scheme\":\"https\"}",
                "connection": "Keep-Alive",
                "content-type": "application/json",
                "host": "eye-staff.app",
                "pragma": "no-cache",
                "priority": "u=1, i",
                "referer": "https://eye-staff.app/",
                "sec-ch-ua": "\"Google Chrome\";v=\"149\", \"Chromium\";v=\"149\", \"Not)A;Brand\";v=\"24\"",
                "sec-ch-ua-mobile": "?0",
                "sec-ch-ua-platform": "\"macOS\"",
                "sec-fetch-dest": "empty",
                "sec-fetch-mode": "cors",
                "sec-fetch-site": "same-origin",
                "user-agent": "Mozilla/5.0 (Macintosh; Intel Mac OS X 10_15_7) AppleWebKit/537.36 (KHTML, like Gecko) Chrome/149.0.0.0 Safari/537.36",
                "x-forwarded-proto": "https",
                "x-real-ip": "188.86.247.78",
                "x-web-session-id": "1778900541741"
            },
            "cf": {
                "httpProtocol": "HTTP/3",
                "clientAcceptEncoding": "gzip, deflate, br",
                "requestPriority": "",
                "edgeRequestKeepAliveStatus": 1,
                "requestHeaderNames": {},
                "clientTcpRtt": 0,
                "clientQuicRtt": 27,
                "colo": "MAD",
                "asn": 12430,
                "asOrganization": "VODAFONE ESPANA, S.A.U",
                "country": "ES",
                "isEUCountry": "1",
                "city": "Madrid",
                "continent": "EU",
                "region": "Madrid",
                "regionCode": "MD",
                "timezone": "Europe/Madrid",
                "longitude": "-3.70256",
                "latitude": "40.4165",
                "postalCode": "28004",
                "tlsVersion": "TLSv1.3",
                "tlsCipher": "AEAD-AES128-GCM-SHA256",
                "tlsClientRandom": "MTR/VrdDTsWwLk6+a6medcGuTgM46+l+PN7QJbUzssY=",
                "tlsClientCiphersSha1": "3HTt3+R/6BL3zeALJDSq0pR1yOQ=",
                "tlsClientExtensionsSha1": "93pnLPs+ozaBzpwu7mDnjA2PRo4=",
                "tlsClientExtensionsSha1Le": "X7qkEoKDVK/pSQ7uCMMewQmugQQ=",
                "tlsClientHelloLength": "1740",
                "tlsClientAuth": {
                    "certPresented": "0",
                    "certVerified": "NONE",
                    "certRevoked": "0",
                    "certIssuerDN": "",
                    "certSubjectDN": "",
                    "certIssuerDNRFC2253": "",
                    "certSubjectDNRFC2253": "",
                    "certIssuerDNLegacy": "",
                    "certSubjectDNLegacy": "",
                    "certSerial": "",
                    "certIssuerSerial": "",
                    "certSKI": "",
                    "certIssuerSKI": "",
                    "certFingerprintSHA1": "",
                    "certFingerprintSHA256": "",
                    "certNotBefore": "",
                    "certNotAfter": "",
                    "certRFC9440": "",
                    "certRFC9440TooLarge": false,
                    "certChainRFC9440": "",
                    "certChainRFC9440TooLarge": false
                },
                "verifiedBotCategory": "",
                "edgeL4": {
                    "deliveryRate": 10983653
                }
            }
        },
        "response": {
            "status": 200
        }
    }
}
{
    "wallTime": 1566,
    "cpuTime": 24,
    "truncated": false,
    "executionModel": "stateless",
    "outcome": "ok",
    "scriptTags": [
        "cf:service=grupo-eye-staff"
    ],
    "scriptVersion": {
        "id": "f02b4c45-05aa-4949-932b-6c920d5311c0"
    },
    "scriptName": "grupo-eye-staff",
    "diagnosticsChannelEvents": [],
    "exceptions": [],
    "logs": [],
    "eventTimestamp": 1782505809883,
    "event": {
        "request": {
            "url": "https://eye-staff.app/api/chat/conversations",
            "method": "GET",
            "headers": {
                "accept": "*/*",
                "accept-encoding": "gzip, br",
                "accept-language": "es-ES,es;q=0.9,en;q=0.8",
                "authorization": "REDACTED",
                "cf-connecting-ip": "188.86.247.78",
                "cf-ipcountry": "ES",
                "cf-ray": "a11ef7dfbf71c69e",
                "cf-visitor": "{\"scheme\":\"https\"}",
                "connection": "Keep-Alive",
                "host": "eye-staff.app",
                "priority": "u=1, i",
                "referer": "https://eye-staff.app/",
                "sec-ch-ua": "\"Google Chrome\";v=\"149\", \"Chromium\";v=\"149\", \"Not)A;Brand\";v=\"24\"",
                "sec-ch-ua-mobile": "?0",
                "sec-ch-ua-platform": "\"macOS\"",
                "sec-fetch-dest": "empty",
                "sec-fetch-mode": "cors",
                "sec-fetch-site": "same-origin",
                "user-agent": "Mozilla/5.0 (Macintosh; Intel Mac OS X 10_15_7) AppleWebKit/537.36 (KHTML, like Gecko) Chrome/149.0.0.0 Safari/537.36",
                "x-forwarded-proto": "https",
                "x-real-ip": "188.86.247.78"
            },
            "cf": {
                "httpProtocol": "HTTP/3",
                "clientAcceptEncoding": "gzip, deflate, br",
                "requestPriority": "",
                "edgeRequestKeepAliveStatus": 1,
                "requestHeaderNames": {},
                "clientTcpRtt": 0,
                "clientQuicRtt": 27,
                "colo": "MAD",
                "asn": 12430,
                "asOrganization": "VODAFONE ESPANA, S.A.U",
                "country": "ES",
                "isEUCountry": "1",
                "city": "Madrid",
                "continent": "EU",
                "region": "Madrid",
                "regionCode": "MD",
                "timezone": "Europe/Madrid",
                "longitude": "-3.70256",
                "latitude": "40.4165",
                "postalCode": "28004",
                "tlsVersion": "TLSv1.3",
                "tlsCipher": "AEAD-AES128-GCM-SHA256",
                "tlsClientRandom": "MTR/VrdDTsWwLk6+a6medcGuTgM46+l+PN7QJbUzssY=",
                "tlsClientCiphersSha1": "3HTt3+R/6BL3zeALJDSq0pR1yOQ=",
                "tlsClientExtensionsSha1": "93pnLPs+ozaBzpwu7mDnjA2PRo4=",
                "tlsClientExtensionsSha1Le": "X7qkEoKDVK/pSQ7uCMMewQmugQQ=",
                "tlsClientHelloLength": "1740",
                "tlsClientAuth": {
                    "certPresented": "0",
                    "certVerified": "NONE",
                    "certRevoked": "0",
                    "certIssuerDN": "",
                    "certSubjectDN": "",
                    "certIssuerDNRFC2253": "",
                    "certSubjectDNRFC2253": "",
                    "certIssuerDNLegacy": "",
                    "certSubjectDNLegacy": "",
                    "certSerial": "",
                    "certIssuerSerial": "",
                    "certSKI": "",
                    "certIssuerSKI": "",
                    "certFingerprintSHA1": "",
                    "certFingerprintSHA256": "",
                    "certNotBefore": "",
                    "certNotAfter": "",
                    "certRFC9440": "",
                    "certRFC9440TooLarge": false,
                    "certChainRFC9440": "",
                    "certChainRFC9440TooLarge": false
                },
                "verifiedBotCategory": "",
                "edgeL4": {
                    "deliveryRate": 10983653
                }
            }
        },
        "response": {
            "status": 200
        }
    }
}
{
    "wallTime": 229,
    "cpuTime": 1,
    "truncated": false,
    "executionModel": "stateless",
    "outcome": "ok",
    "scriptTags": [
        "cf:service=grupo-eye-staff"
    ],
    "scriptVersion": {
        "id": "f02b4c45-05aa-4949-932b-6c920d5311c0"
    },
    "scriptName": "grupo-eye-staff",
    "diagnosticsChannelEvents": [],
    "exceptions": [],
    "logs": [
        {
            "message": [
                "[CRON] Revisando notificaciones para 2026-06-26 16:30..."
            ],
            "level": "log",
            "timestamp": 1782505815017
        }
    ],
    "eventTimestamp": 1782505815015,
    "event": {
        "cron": "* * * * *",
        "scheduledTime": 1782505814000
    }
}
{
    "wallTime": 1476,
    "cpuTime": 13,
    "truncated": false,
    "executionModel": "stateless",
    "outcome": "ok",
    "scriptTags": [
        "cf:service=grupo-eye-staff"
    ],
    "scriptVersion": {
        "id": "f02b4c45-05aa-4949-932b-6c920d5311c0"
    },
    "scriptName": "grupo-eye-staff",
    "diagnosticsChannelEvents": [],
    "exceptions": [],
    "logs": [],
    "eventTimestamp": 1782505819882,
    "event": {
        "request": {
            "url": "https://eye-staff.app/api/chat/conversations",
            "method": "GET",
            "headers": {
                "accept": "*/*",
                "accept-encoding": "gzip, br",
                "accept-language": "es-ES,es;q=0.9,en;q=0.8",
                "authorization": "REDACTED",
                "cf-connecting-ip": "188.86.247.78",
                "cf-ipcountry": "ES",
                "cf-ray": "a11ef81e4917c69e",
                "cf-visitor": "{\"scheme\":\"https\"}",
                "connection": "Keep-Alive",
                "host": "eye-staff.app",
                "priority": "u=1, i",
                "referer": "https://eye-staff.app/",
                "sec-ch-ua": "\"Google Chrome\";v=\"149\", \"Chromium\";v=\"149\", \"Not)A;Brand\";v=\"24\"",
                "sec-ch-ua-mobile": "?0",
                "sec-ch-ua-platform": "\"macOS\"",
                "sec-fetch-dest": "empty",
                "sec-fetch-mode": "cors",
                "sec-fetch-site": "same-origin",
                "user-agent": "Mozilla/5.0 (Macintosh; Intel Mac OS X 10_15_7) AppleWebKit/537.36 (KHTML, like Gecko) Chrome/149.0.0.0 Safari/537.36",
                "x-forwarded-proto": "https",
                "x-real-ip": "188.86.247.78"
            },
            "cf": {
                "httpProtocol": "HTTP/3",
                "clientAcceptEncoding": "gzip, deflate, br",
                "requestPriority": "",
                "edgeRequestKeepAliveStatus": 1,
                "requestHeaderNames": {},
                "clientTcpRtt": 0,
                "clientQuicRtt": 32,
                "colo": "MAD",
                "asn": 12430,
                "asOrganization": "VODAFONE ESPANA, S.A.U",
                "country": "ES",
                "isEUCountry": "1",
                "city": "Madrid",
                "continent": "EU",
                "region": "Madrid",
                "regionCode": "MD",
                "timezone": "Europe/Madrid",
                "longitude": "-3.70256",
                "latitude": "40.4165",
                "postalCode": "28004",
                "tlsVersion": "TLSv1.3",
                "tlsCipher": "AEAD-AES128-GCM-SHA256",
                "tlsClientRandom": "MTR/VrdDTsWwLk6+a6medcGuTgM46+l+PN7QJbUzssY=",
                "tlsClientCiphersSha1": "3HTt3+R/6BL3zeALJDSq0pR1yOQ=",
                "tlsClientExtensionsSha1": "93pnLPs+ozaBzpwu7mDnjA2PRo4=",
                "tlsClientExtensionsSha1Le": "X7qkEoKDVK/pSQ7uCMMewQmugQQ=",
                "tlsClientHelloLength": "1740",
                "tlsClientAuth": {
                    "certPresented": "0",
                    "certVerified": "NONE",
                    "certRevoked": "0",
                    "certIssuerDN": "",
                    "certSubjectDN": "",
                    "certIssuerDNRFC2253": "",
                    "certSubjectDNRFC2253": "",
                    "certIssuerDNLegacy": "",
                    "certSubjectDNLegacy": "",
                    "certSerial": "",
                    "certIssuerSerial": "",
                    "certSKI": "",
                    "certIssuerSKI": "",
                    "certFingerprintSHA1": "",
                    "certFingerprintSHA256": "",
                    "certNotBefore": "",
                    "certNotAfter": "",
                    "certRFC9440": "",
                    "certRFC9440TooLarge": false,
                    "certChainRFC9440": "",
                    "certChainRFC9440TooLarge": false
                },
                "verifiedBotCategory": "",
                "edgeL4": {
                    "deliveryRate": 10983653
                }
            }
        },
        "response": {
            "status": 200
        }
    }
}
{
    "wallTime": 90,
    "cpuTime": 1,
    "truncated": false,
    "executionModel": "stateless",
    "outcome": "ok",
    "scriptTags": [
        "cf:service=grupo-eye-staff"
    ],
    "scriptVersion": {
        "id": "f02b4c45-05aa-4949-932b-6c920d5311c0"
    },
    "scriptName": "grupo-eye-staff",
    "diagnosticsChannelEvents": [],
    "exceptions": [],
    "logs": [],
    "eventTimestamp": 1782505824887,
    "event": {
        "request": {
            "url": "https://eye-staff.app/api/staff/live-locations?t=1782505824786",
            "method": "GET",
            "headers": {
                "accept": "*/*",
                "accept-encoding": "gzip, br",
                "accept-language": "es-ES,es;q=0.9,en;q=0.8",
                "authorization": "REDACTED",
                "cache-control": "no-cache",
                "cf-connecting-ip": "188.86.247.78",
                "cf-ipcountry": "ES",
                "cf-ray": "a11ef83d8dabc69e",
                "cf-visitor": "{\"scheme\":\"https\"}",
                "connection": "Keep-Alive",
                "content-type": "application/json",
                "host": "eye-staff.app",
                "pragma": "no-cache",
                "priority": "u=1, i",
                "referer": "https://eye-staff.app/",
                "sec-ch-ua": "\"Google Chrome\";v=\"149\", \"Chromium\";v=\"149\", \"Not)A;Brand\";v=\"24\"",
                "sec-ch-ua-mobile": "?0",
                "sec-ch-ua-platform": "\"macOS\"",
                "sec-fetch-dest": "empty",
                "sec-fetch-mode": "cors",
                "sec-fetch-site": "same-origin",
                "user-agent": "Mozilla/5.0 (Macintosh; Intel Mac OS X 10_15_7) AppleWebKit/537.36 (KHTML, like Gecko) Chrome/149.0.0.0 Safari/537.36",
                "x-forwarded-proto": "https",
                "x-real-ip": "188.86.247.78",
                "x-web-session-id": "1778900541741"
            },
            "cf": {
                "httpProtocol": "HTTP/3",
                "clientAcceptEncoding": "gzip, deflate, br",
                "requestPriority": "",
                "edgeRequestKeepAliveStatus": 1,
                "requestHeaderNames": {},
                "clientTcpRtt": 0,
                "clientQuicRtt": 30,
                "colo": "MAD",
                "asn": 12430,
                "asOrganization": "VODAFONE ESPANA, S.A.U",
                "country": "ES",
                "isEUCountry": "1",
                "city": "Madrid",
                "continent": "EU",
                "region": "Madrid",
                "regionCode": "MD",
                "timezone": "Europe/Madrid",
                "longitude": "-3.70256",
                "latitude": "40.4165",
                "postalCode": "28004",
                "tlsVersion": "TLSv1.3",
                "tlsCipher": "AEAD-AES128-GCM-SHA256",
                "tlsClientRandom": "MTR/VrdDTsWwLk6+a6medcGuTgM46+l+PN7QJbUzssY=",
                "tlsClientCiphersSha1": "3HTt3+R/6BL3zeALJDSq0pR1yOQ=",
                "tlsClientExtensionsSha1": "93pnLPs+ozaBzpwu7mDnjA2PRo4=",
                "tlsClientExtensionsSha1Le": "X7qkEoKDVK/pSQ7uCMMewQmugQQ=",
                "tlsClientHelloLength": "1740",
                "tlsClientAuth": {
                    "certPresented": "0",
                    "certVerified": "NONE",
                    "certRevoked": "0",
                    "certIssuerDN": "",
                    "certSubjectDN": "",
                    "certIssuerDNRFC2253": "",
                    "certSubjectDNRFC2253": "",
                    "certIssuerDNLegacy": "",
                    "certSubjectDNLegacy": "",
                    "certSerial": "",
                    "certIssuerSerial": "",
                    "certSKI": "",
                    "certIssuerSKI": "",
                    "certFingerprintSHA1": "",
                    "certFingerprintSHA256": "",
                    "certNotBefore": "",
                    "certNotAfter": "",
                    "certRFC9440": "",
                    "certRFC9440TooLarge": false,
                    "certChainRFC9440": "",
                    "certChainRFC9440TooLarge": false
                },
                "verifiedBotCategory": "",
                "edgeL4": {
                    "deliveryRate": 10983653
                }
            }
        },
        "response": {
            "status": 200
        }
    }
}
{
    "wallTime": 1449,
    "cpuTime": 15,
    "truncated": false,
    "executionModel": "stateless",
    "outcome": "ok",
    "scriptTags": [
        "cf:service=grupo-eye-staff"
    ],
    "scriptVersion": {
        "id": "f02b4c45-05aa-4949-932b-6c920d5311c0"
    },
    "scriptName": "grupo-eye-staff",
    "diagnosticsChannelEvents": [],
    "exceptions": [],
    "logs": [],
    "eventTimestamp": 1782505829882,
    "event": {
        "request": {
            "url": "https://eye-staff.app/api/chat/conversations",
            "method": "GET",
            "headers": {
                "accept": "*/*",
                "accept-encoding": "gzip, br",
                "accept-language": "es-ES,es;q=0.9,en;q=0.8",
                "authorization": "REDACTED",
                "cf-connecting-ip": "188.86.247.78",
                "cf-ipcountry": "ES",
                "cf-ray": "a11ef85cc95ec69e",
                "cf-visitor": "{\"scheme\":\"https\"}",
                "connection": "Keep-Alive",
                "host": "eye-staff.app",
                "priority": "u=1, i",
                "referer": "https://eye-staff.app/",
                "sec-ch-ua": "\"Google Chrome\";v=\"149\", \"Chromium\";v=\"149\", \"Not)A;Brand\";v=\"24\"",
                "sec-ch-ua-mobile": "?0",
                "sec-ch-ua-platform": "\"macOS\"",
                "sec-fetch-dest": "empty",
                "sec-fetch-mode": "cors",
                "sec-fetch-site": "same-origin",
                "user-agent": "Mozilla/5.0 (Macintosh; Intel Mac OS X 10_15_7) AppleWebKit/537.36 (KHTML, like Gecko) Chrome/149.0.0.0 Safari/537.36",
                "x-forwarded-proto": "https",
                "x-real-ip": "188.86.247.78"
            },
            "cf": {
                "httpProtocol": "HTTP/3",
                "clientAcceptEncoding": "gzip, deflate, br",
                "requestPriority": "",
                "edgeRequestKeepAliveStatus": 1,
                "requestHeaderNames": {},
                "clientTcpRtt": 0,
                "clientQuicRtt": 28,
                "colo": "MAD",
                "asn": 12430,
                "asOrganization": "VODAFONE ESPANA, S.A.U",
                "country": "ES",
                "isEUCountry": "1",
                "city": "Madrid",
                "continent": "EU",
                "region": "Madrid",
                "regionCode": "MD",
                "timezone": "Europe/Madrid",
                "longitude": "-3.70256",
                "latitude": "40.4165",
                "postalCode": "28004",
                "tlsVersion": "TLSv1.3",
                "tlsCipher": "AEAD-AES128-GCM-SHA256",
                "tlsClientRandom": "MTR/VrdDTsWwLk6+a6medcGuTgM46+l+PN7QJbUzssY=",
                "tlsClientCiphersSha1": "3HTt3+R/6BL3zeALJDSq0pR1yOQ=",
                "tlsClientExtensionsSha1": "93pnLPs+ozaBzpwu7mDnjA2PRo4=",
                "tlsClientExtensionsSha1Le": "X7qkEoKDVK/pSQ7uCMMewQmugQQ=",
                "tlsClientHelloLength": "1740",
                "tlsClientAuth": {
                    "certPresented": "0",
                    "certVerified": "NONE",
                    "certRevoked": "0",
                    "certIssuerDN": "",
                    "certSubjectDN": "",
                    "certIssuerDNRFC2253": "",
                    "certSubjectDNRFC2253": "",
                    "certIssuerDNLegacy": "",
                    "certSubjectDNLegacy": "",
                    "certSerial": "",
                    "certIssuerSerial": "",
                    "certSKI": "",
                    "certIssuerSKI": "",
                    "certFingerprintSHA1": "",
                    "certFingerprintSHA256": "",
                    "certNotBefore": "",
                    "certNotAfter": "",
                    "certRFC9440": "",
                    "certRFC9440TooLarge": false,
                    "certChainRFC9440": "",
                    "certChainRFC9440TooLarge": false
                },
                "verifiedBotCategory": "",
                "edgeL4": {
                    "deliveryRate": 10983653
                }
            }
        },
        "response": {
            "status": 200
        }
    }
}
{
    "wallTime": 87,
    "cpuTime": 1,
    "truncated": false,
    "executionModel": "stateless",
    "outcome": "ok",
    "scriptTags": [
        "cf:service=grupo-eye-staff"
    ],
    "scriptVersion": {
        "id": "f02b4c45-05aa-4949-932b-6c920d5311c0"
    },
    "scriptName": "grupo-eye-staff",
    "diagnosticsChannelEvents": [],
    "exceptions": [],
    "logs": [],
    "eventTimestamp": 1782505839884,
    "event": {
        "request": {
            "url": "https://eye-staff.app/api/staff/live-locations?t=1782505839784",
            "method": "GET",
            "headers": {
                "accept": "*/*",
                "accept-encoding": "gzip, br",
                "accept-language": "es-ES,es;q=0.9,en;q=0.8",
                "authorization": "REDACTED",
                "cache-control": "no-cache",
                "cf-connecting-ip": "188.86.247.78",
                "cf-ipcountry": "ES",
                "cf-ray": "a11ef89b4a4ec69e",
                "cf-visitor": "{\"scheme\":\"https\"}",
                "connection": "Keep-Alive",
                "content-type": "application/json",
                "host": "eye-staff.app",
                "pragma": "no-cache",
                "priority": "u=1, i",
                "referer": "https://eye-staff.app/",
                "sec-ch-ua": "\"Google Chrome\";v=\"149\", \"Chromium\";v=\"149\", \"Not)A;Brand\";v=\"24\"",
                "sec-ch-ua-mobile": "?0",
                "sec-ch-ua-platform": "\"macOS\"",
                "sec-fetch-dest": "empty",
                "sec-fetch-mode": "cors",
                "sec-fetch-site": "same-origin",
                "user-agent": "Mozilla/5.0 (Macintosh; Intel Mac OS X 10_15_7) AppleWebKit/537.36 (KHTML, like Gecko) Chrome/149.0.0.0 Safari/537.36",
                "x-forwarded-proto": "https",
                "x-real-ip": "188.86.247.78",
                "x-web-session-id": "1778900541741"
            },
            "cf": {
                "httpProtocol": "HTTP/3",
                "clientAcceptEncoding": "gzip, deflate, br",
                "requestPriority": "",
                "edgeRequestKeepAliveStatus": 1,
                "requestHeaderNames": {},
                "clientTcpRtt": 0,
                "clientQuicRtt": 35,
                "colo": "MAD",
                "asn": 12430,
                "asOrganization": "VODAFONE ESPANA, S.A.U",
                "country": "ES",
                "isEUCountry": "1",
                "city": "Madrid",
                "continent": "EU",
                "region": "Madrid",
                "regionCode": "MD",
                "timezone": "Europe/Madrid",
                "longitude": "-3.70256",
                "latitude": "40.4165",
                "postalCode": "28004",
                "tlsVersion": "TLSv1.3",
                "tlsCipher": "AEAD-AES128-GCM-SHA256",
                "tlsClientRandom": "MTR/VrdDTsWwLk6+a6medcGuTgM46+l+PN7QJbUzssY=",
                "tlsClientCiphersSha1": "3HTt3+R/6BL3zeALJDSq0pR1yOQ=",
                "tlsClientExtensionsSha1": "93pnLPs+ozaBzpwu7mDnjA2PRo4=",
                "tlsClientExtensionsSha1Le": "X7qkEoKDVK/pSQ7uCMMewQmugQQ=",
                "tlsClientHelloLength": "1740",
                "tlsClientAuth": {
                    "certPresented": "0",
                    "certVerified": "NONE",
                    "certRevoked": "0",
                    "certIssuerDN": "",
                    "certSubjectDN": "",
                    "certIssuerDNRFC2253": "",
                    "certSubjectDNRFC2253": "",
                    "certIssuerDNLegacy": "",
                    "certSubjectDNLegacy": "",
                    "certSerial": "",
                    "certIssuerSerial": "",
                    "certSKI": "",
                    "certIssuerSKI": "",
                    "certFingerprintSHA1": "",
                    "certFingerprintSHA256": "",
                    "certNotBefore": "",
                    "certNotAfter": "",
                    "certRFC9440": "",
                    "certRFC9440TooLarge": false,
                    "certChainRFC9440": "",
                    "certChainRFC9440TooLarge": false
                },
                "verifiedBotCategory": "",
                "edgeL4": {
                    "deliveryRate": 10983653
                }
            }
        },
        "response": {
            "status": 200
        }
    }
}
{
    "wallTime": 1545,
    "cpuTime": 14,
    "truncated": false,
    "executionModel": "stateless",
    "outcome": "ok",
    "scriptTags": [
        "cf:service=grupo-eye-staff"
    ],
    "scriptVersion": {
        "id": "f02b4c45-05aa-4949-932b-6c920d5311c0"
    },
    "scriptName": "grupo-eye-staff",
    "diagnosticsChannelEvents": [],
    "exceptions": [],
    "logs": [],
    "eventTimestamp": 1782505839888,
    "event": {
        "request": {
            "url": "https://eye-staff.app/api/chat/conversations",
            "method": "GET",
            "headers": {
                "accept": "*/*",
                "accept-encoding": "gzip, br",
                "accept-language": "es-ES,es;q=0.9,en;q=0.8",
                "authorization": "REDACTED",
                "cf-connecting-ip": "188.86.247.78",
                "cf-ipcountry": "ES",
                "cf-ray": "a11ef89b4a4dc69e",
                "cf-visitor": "{\"scheme\":\"https\"}",
                "connection": "Keep-Alive",
                "host": "eye-staff.app",
                "priority": "u=1, i",
                "referer": "https://eye-staff.app/",
                "sec-ch-ua": "\"Google Chrome\";v=\"149\", \"Chromium\";v=\"149\", \"Not)A;Brand\";v=\"24\"",
                "sec-ch-ua-mobile": "?0",
                "sec-ch-ua-platform": "\"macOS\"",
                "sec-fetch-dest": "empty",
                "sec-fetch-mode": "cors",
                "sec-fetch-site": "same-origin",
                "user-agent": "Mozilla/5.0 (Macintosh; Intel Mac OS X 10_15_7) AppleWebKit/537.36 (KHTML, like Gecko) Chrome/149.0.0.0 Safari/537.36",
                "x-forwarded-proto": "https",
                "x-real-ip": "188.86.247.78"
            },
            "cf": {
                "httpProtocol": "HTTP/3",
                "clientAcceptEncoding": "gzip, deflate, br",
                "requestPriority": "",
                "edgeRequestKeepAliveStatus": 1,
                "requestHeaderNames": {},
                "clientTcpRtt": 0,
                "clientQuicRtt": 35,
                "colo": "MAD",
                "asn": 12430,
                "asOrganization": "VODAFONE ESPANA, S.A.U",
                "country": "ES",
                "isEUCountry": "1",
                "city": "Madrid",
                "continent": "EU",
                "region": "Madrid",
                "regionCode": "MD",
                "timezone": "Europe/Madrid",
                "longitude": "-3.70256",
                "latitude": "40.4165",
                "postalCode": "28004",
                "tlsVersion": "TLSv1.3",
                "tlsCipher": "AEAD-AES128-GCM-SHA256",
                "tlsClientRandom": "MTR/VrdDTsWwLk6+a6medcGuTgM46+l+PN7QJbUzssY=",
                "tlsClientCiphersSha1": "3HTt3+R/6BL3zeALJDSq0pR1yOQ=",
                "tlsClientExtensionsSha1": "93pnLPs+ozaBzpwu7mDnjA2PRo4=",
                "tlsClientExtensionsSha1Le": "X7qkEoKDVK/pSQ7uCMMewQmugQQ=",
                "tlsClientHelloLength": "1740",
                "tlsClientAuth": {
                    "certPresented": "0",
                    "certVerified": "NONE",
                    "certRevoked": "0",
                    "certIssuerDN": "",
                    "certSubjectDN": "",
                    "certIssuerDNRFC2253": "",
                    "certSubjectDNRFC2253": "",
                    "certIssuerDNLegacy": "",
                    "certSubjectDNLegacy": "",
                    "certSerial": "",
                    "certIssuerSerial": "",
                    "certSKI": "",
                    "certIssuerSKI": "",
                    "certFingerprintSHA1": "",
                    "certFingerprintSHA256": "",
                    "certNotBefore": "",
                    "certNotAfter": "",
                    "certRFC9440": "",
                    "certRFC9440TooLarge": false,
                    "certChainRFC9440": "",
                    "certChainRFC9440TooLarge": false
                },
                "verifiedBotCategory": "",
                "edgeL4": {
                    "deliveryRate": 10983653
                }
            }
        },
        "response": {
            "status": 200
        }
    }
}
{
    "wallTime": 1428,
    "cpuTime": 16,
    "truncated": false,
    "executionModel": "stateless",
    "outcome": "ok",
    "scriptTags": [
        "cf:service=grupo-eye-staff"
    ],
    "scriptVersion": {
        "id": "f02b4c45-05aa-4949-932b-6c920d5311c0"
    },
    "scriptName": "grupo-eye-staff",
    "diagnosticsChannelEvents": [],
    "exceptions": [],
    "logs": [],
    "eventTimestamp": 1782505849884,
    "event": {
        "request": {
            "url": "https://eye-staff.app/api/chat/conversations",
            "method": "GET",
            "headers": {
                "accept": "*/*",
                "accept-encoding": "gzip, br",
                "accept-language": "es-ES,es;q=0.9,en;q=0.8",
                "authorization": "REDACTED",
                "cf-connecting-ip": "188.86.247.78",
                "cf-ipcountry": "ES",
                "cf-ray": "a11ef8d9bb15c69e",
                "cf-visitor": "{\"scheme\":\"https\"}",
                "connection": "Keep-Alive",
                "host": "eye-staff.app",
                "priority": "u=1, i",
                "referer": "https://eye-staff.app/",
                "sec-ch-ua": "\"Google Chrome\";v=\"149\", \"Chromium\";v=\"149\", \"Not)A;Brand\";v=\"24\"",
                "sec-ch-ua-mobile": "?0",
                "sec-ch-ua-platform": "\"macOS\"",
                "sec-fetch-dest": "empty",
                "sec-fetch-mode": "cors",
                "sec-fetch-site": "same-origin",
                "user-agent": "Mozilla/5.0 (Macintosh; Intel Mac OS X 10_15_7) AppleWebKit/537.36 (KHTML, like Gecko) Chrome/149.0.0.0 Safari/537.36",
                "x-forwarded-proto": "https",
                "x-real-ip": "188.86.247.78"
            },
            "cf": {
                "httpProtocol": "HTTP/3",
                "clientAcceptEncoding": "gzip, deflate, br",
                "requestPriority": "",
                "edgeRequestKeepAliveStatus": 1,
                "requestHeaderNames": {},
                "clientTcpRtt": 0,
                "clientQuicRtt": 29,
                "colo": "MAD",
                "asn": 12430,
                "asOrganization": "VODAFONE ESPANA, S.A.U",
                "country": "ES",
                "isEUCountry": "1",
                "city": "Madrid",
                "continent": "EU",
                "region": "Madrid",
                "regionCode": "MD",
                "timezone": "Europe/Madrid",
                "longitude": "-3.70256",
                "latitude": "40.4165",
                "postalCode": "28004",
                "tlsVersion": "TLSv1.3",
                "tlsCipher": "AEAD-AES128-GCM-SHA256",
                "tlsClientRandom": "MTR/VrdDTsWwLk6+a6medcGuTgM46+l+PN7QJbUzssY=",
                "tlsClientCiphersSha1": "3HTt3+R/6BL3zeALJDSq0pR1yOQ=",
                "tlsClientExtensionsSha1": "93pnLPs+ozaBzpwu7mDnjA2PRo4=",
                "tlsClientExtensionsSha1Le": "X7qkEoKDVK/pSQ7uCMMewQmugQQ=",
                "tlsClientHelloLength": "1740",
                "tlsClientAuth": {
                    "certPresented": "0",
                    "certVerified": "NONE",
                    "certRevoked": "0",
                    "certIssuerDN": "",
                    "certSubjectDN": "",
                    "certIssuerDNRFC2253": "",
                    "certSubjectDNRFC2253": "",
                    "certIssuerDNLegacy": "",
                    "certSubjectDNLegacy": "",
                    "certSerial": "",
                    "certIssuerSerial": "",
                    "certSKI": "",
                    "certIssuerSKI": "",
                    "certFingerprintSHA1": "",
                    "certFingerprintSHA256": "",
                    "certNotBefore": "",
                    "certNotAfter": "",
                    "certRFC9440": "",
                    "certRFC9440TooLarge": false,
                    "certChainRFC9440": "",
                    "certChainRFC9440TooLarge": false
                },
                "verifiedBotCategory": "",
                "edgeL4": {
                    "deliveryRate": 10983653
                }
            }
        },
        "response": {
            "status": 200
        }
    }
}
{
    "wallTime": 84,
    "cpuTime": 1,
    "truncated": false,
    "executionModel": "stateless",
    "outcome": "ok",
    "scriptTags": [
        "cf:service=grupo-eye-staff"
    ],
    "scriptVersion": {
        "id": "f02b4c45-05aa-4949-932b-6c920d5311c0"
    },
    "scriptName": "grupo-eye-staff",
    "diagnosticsChannelEvents": [],
    "exceptions": [],
    "logs": [],
    "eventTimestamp": 1782505854887,
    "event": {
        "request": {
            "url": "https://eye-staff.app/api/staff/live-locations?t=1782505854785",
            "method": "GET",
            "headers": {
                "accept": "*/*",
                "accept-encoding": "gzip, br",
                "accept-language": "es-ES,es;q=0.9,en;q=0.8",
                "authorization": "REDACTED",
                "cache-control": "no-cache",
                "cf-connecting-ip": "188.86.247.78",
                "cf-ipcountry": "ES",
                "cf-ray": "a11ef8f9082ac69e",
                "cf-visitor": "{\"scheme\":\"https\"}",
                "connection": "Keep-Alive",
                "content-type": "application/json",
                "host": "eye-staff.app",
                "pragma": "no-cache",
                "priority": "u=1, i",
                "referer": "https://eye-staff.app/",
                "sec-ch-ua": "\"Google Chrome\";v=\"149\", \"Chromium\";v=\"149\", \"Not)A;Brand\";v=\"24\"",
                "sec-ch-ua-mobile": "?0",
                "sec-ch-ua-platform": "\"macOS\"",
                "sec-fetch-dest": "empty",
                "sec-fetch-mode": "cors",
                "sec-fetch-site": "same-origin",
                "user-agent": "Mozilla/5.0 (Macintosh; Intel Mac OS X 10_15_7) AppleWebKit/537.36 (KHTML, like Gecko) Chrome/149.0.0.0 Safari/537.36",
                "x-forwarded-proto": "https",
                "x-real-ip": "188.86.247.78",
                "x-web-session-id": "1778900541741"
            },
            "cf": {
                "httpProtocol": "HTTP/3",
                "clientAcceptEncoding": "gzip, deflate, br",
                "requestPriority": "",
                "edgeRequestKeepAliveStatus": 1,
                "requestHeaderNames": {},
                "clientTcpRtt": 0,
                "clientQuicRtt": 27,
                "colo": "MAD",
                "asn": 12430,
                "asOrganization": "VODAFONE ESPANA, S.A.U",
                "country": "ES",
                "isEUCountry": "1",
                "city": "Madrid",
                "continent": "EU",
                "region": "Madrid",
                "regionCode": "MD",
                "timezone": "Europe/Madrid",
                "longitude": "-3.70256",
                "latitude": "40.4165",
                "postalCode": "28004",
                "tlsVersion": "TLSv1.3",
                "tlsCipher": "AEAD-AES128-GCM-SHA256",
                "tlsClientRandom": "MTR/VrdDTsWwLk6+a6medcGuTgM46+l+PN7QJbUzssY=",
                "tlsClientCiphersSha1": "3HTt3+R/6BL3zeALJDSq0pR1yOQ=",
                "tlsClientExtensionsSha1": "93pnLPs+ozaBzpwu7mDnjA2PRo4=",
                "tlsClientExtensionsSha1Le": "X7qkEoKDVK/pSQ7uCMMewQmugQQ=",
                "tlsClientHelloLength": "1740",
                "tlsClientAuth": {
                    "certPresented": "0",
                    "certVerified": "NONE",
                    "certRevoked": "0",
                    "certIssuerDN": "",
                    "certSubjectDN": "",
                    "certIssuerDNRFC2253": "",
                    "certSubjectDNRFC2253": "",
                    "certIssuerDNLegacy": "",
                    "certSubjectDNLegacy": "",
                    "certSerial": "",
                    "certIssuerSerial": "",
                    "certSKI": "",
                    "certIssuerSKI": "",
                    "certFingerprintSHA1": "",
                    "certFingerprintSHA256": "",
                    "certNotBefore": "",
                    "certNotAfter": "",
                    "certRFC9440": "",
                    "certRFC9440TooLarge": false,
                    "certChainRFC9440": "",
                    "certChainRFC9440TooLarge": false
                },
                "verifiedBotCategory": "",
                "edgeL4": {
                    "deliveryRate": 10983653
                }
            }
        },
        "response": {
            "status": 200
        }
    }
}
{
    "wallTime": 207,
    "cpuTime": 36,
    "truncated": false,
    "executionModel": "stateless",
    "outcome": "ok",
    "scriptTags": [
        "cf:service=grupo-eye-staff"
    ],
    "scriptVersion": {
        "id": "f02b4c45-05aa-4949-932b-6c920d5311c0"
    },
    "scriptName": "grupo-eye-staff",
    "diagnosticsChannelEvents": [],
    "exceptions": [],
    "logs": [],
    "eventTimestamp": 1782505860321,
    "event": {
        "request": {
            "url": "https://eye-staff.app/api/reports/test-request",
            "method": "POST",
            "headers": {
                "accept": "*/*",
                "accept-encoding": "gzip, br",
                "cf-connecting-ip": "188.86.247.78",
                "cf-ipcountry": "ES",
                "cf-ray": "a11ef91aff87033e",
                "cf-visitor": "{\"scheme\":\"https\"}",
                "connection": "Keep-Alive",
                "content-length": "57",
                "content-type": "application/json",
                "host": "eye-staff.app",
                "user-agent": "curl/8.7.1",
                "x-forwarded-proto": "https",
                "x-real-ip": "188.86.247.78"
            },
            "cf": {
                "httpProtocol": "HTTP/2",
                "requestPriority": "weight=16;exclusive=0;group=0;group-weight=0",
                "edgeRequestKeepAliveStatus": 1,
                "requestHeaderNames": {},
                "clientTcpRtt": 7,
                "clientQuicRtt": 0,
                "colo": "MAD",
                "asn": 12430,
                "asOrganization": "VODAFONE ESPANA, S.A.U",
                "country": "ES",
                "isEUCountry": "1",
                "city": "Madrid",
                "continent": "EU",
                "region": "Madrid",
                "regionCode": "MD",
                "timezone": "Europe/Madrid",
                "longitude": "-3.70256",
                "latitude": "40.4165",
                "postalCode": "28004",
                "tlsVersion": "TLSv1.3",
                "tlsCipher": "AEAD-CHACHA20-POLY1305-SHA256",
                "tlsClientRandom": "6kU8wzgVPXt9mMhrFYNLKs7pGxI4oO7GTzEY6gWNjqo=",
                "tlsClientCiphersSha1": "eDGmD1H99AwNYzOR+7eoGLo6eLU=",
                "tlsClientExtensionsSha1": "Ub+nUmIm1U57hdNSUph0R+kx9Gc=",
                "tlsClientExtensionsSha1Le": "NMNf2YIpLBhtroOEBooGFi+jtJ8=",
                "tlsExportedAuthenticator": {
                    "clientHandshake": "20330ac1c555faaebede0af12b07757c40231248c25aaab1e691c0eb980a4369",
                    "serverHandshake": "3227bfe829d3bcfc6138230c02f672a1f99507b4b6108bac8e33504fad78b201",
                    "clientFinished": "493fdf53ba81da6a8319a656656ae9e0f9bccf7a1c3db25c355a8a31b7ec8b9c",
                    "serverFinished": "ad631e33d3350aa24a0c12e7428d9a5d87e1fe27d9d9298a9dae790db14aac9b"
                },
                "tlsClientHelloLength": "314",
                "tlsClientAuth": {
                    "certPresented": "0",
                    "certVerified": "NONE",
                    "certRevoked": "0",
                    "certIssuerDN": "",
                    "certSubjectDN": "",
                    "certIssuerDNRFC2253": "",
                    "certSubjectDNRFC2253": "",
                    "certIssuerDNLegacy": "",
                    "certSubjectDNLegacy": "",
                    "certSerial": "",
                    "certIssuerSerial": "",
                    "certSKI": "",
                    "certIssuerSKI": "",
                    "certFingerprintSHA1": "",
                    "certFingerprintSHA256": "",
                    "certNotBefore": "",
                    "certNotAfter": "",
                    "certRFC9440": "",
                    "certRFC9440TooLarge": false,
                    "certChainRFC9440": "",
                    "certChainRFC9440TooLarge": false
                },
                "verifiedBotCategory": "",
                "edgeL4": {
                    "deliveryRate": 408568
                }
            }
        },
        "response": {
            "status": 200
        }
    }
}
{
    "wallTime": 1505,
    "cpuTime": 14,
    "truncated": false,
    "executionModel": "stateless",
    "outcome": "ok",
    "scriptTags": [
        "cf:service=grupo-eye-staff"
    ],
    "scriptVersion": {
        "id": "f02b4c45-05aa-4949-932b-6c920d5311c0"
    },
    "scriptName": "grupo-eye-staff",
    "diagnosticsChannelEvents": [],
    "exceptions": [],
    "logs": [],
    "eventTimestamp": 1782505859882,
    "event": {
        "request": {
            "url": "https://eye-staff.app/api/chat/conversations",
            "method": "GET",
            "headers": {
                "accept": "*/*",
                "accept-encoding": "gzip, br",
                "accept-language": "es-ES,es;q=0.9,en;q=0.8",
                "authorization": "REDACTED",
                "cf-connecting-ip": "188.86.247.78",
                "cf-ipcountry": "ES",
                "cf-ray": "a11ef9184d5dc69e",
                "cf-visitor": "{\"scheme\":\"https\"}",
                "connection": "Keep-Alive",
                "host": "eye-staff.app",
                "priority": "u=1, i",
                "referer": "https://eye-staff.app/",
                "sec-ch-ua": "\"Google Chrome\";v=\"149\", \"Chromium\";v=\"149\", \"Not)A;Brand\";v=\"24\"",
                "sec-ch-ua-mobile": "?0",
                "sec-ch-ua-platform": "\"macOS\"",
                "sec-fetch-dest": "empty",
                "sec-fetch-mode": "cors",
                "sec-fetch-site": "same-origin",
                "user-agent": "Mozilla/5.0 (Macintosh; Intel Mac OS X 10_15_7) AppleWebKit/537.36 (KHTML, like Gecko) Chrome/149.0.0.0 Safari/537.36",
                "x-forwarded-proto": "https",
                "x-real-ip": "188.86.247.78"
            },
            "cf": {
                "httpProtocol": "HTTP/3",
                "clientAcceptEncoding": "gzip, deflate, br",
                "requestPriority": "",
                "edgeRequestKeepAliveStatus": 1,
                "requestHeaderNames": {},
                "clientTcpRtt": 0,
                "clientQuicRtt": 26,
                "colo": "MAD",
                "asn": 12430,
                "asOrganization": "VODAFONE ESPANA, S.A.U",
                "country": "ES",
                "isEUCountry": "1",
                "city": "Madrid",
                "continent": "EU",
                "region": "Madrid",
                "regionCode": "MD",
                "timezone": "Europe/Madrid",
                "longitude": "-3.70256",
                "latitude": "40.4165",
                "postalCode": "28004",
                "tlsVersion": "TLSv1.3",
                "tlsCipher": "AEAD-AES128-GCM-SHA256",
                "tlsClientRandom": "MTR/VrdDTsWwLk6+a6medcGuTgM46+l+PN7QJbUzssY=",
                "tlsClientCiphersSha1": "3HTt3+R/6BL3zeALJDSq0pR1yOQ=",
                "tlsClientExtensionsSha1": "93pnLPs+ozaBzpwu7mDnjA2PRo4=",
                "tlsClientExtensionsSha1Le": "X7qkEoKDVK/pSQ7uCMMewQmugQQ=",
                "tlsClientHelloLength": "1740",
                "tlsClientAuth": {
                    "certPresented": "0",
                    "certVerified": "NONE",
                    "certRevoked": "0",
                    "certIssuerDN": "",
                    "certSubjectDN": "",
                    "certIssuerDNRFC2253": "",
                    "certSubjectDNRFC2253": "",
                    "certIssuerDNLegacy": "",
                    "certSubjectDNLegacy": "",
                    "certSerial": "",
                    "certIssuerSerial": "",
                    "certSKI": "",
                    "certIssuerSKI": "",
                    "certFingerprintSHA1": "",
                    "certFingerprintSHA256": "",
                    "certNotBefore": "",
                    "certNotAfter": "",
                    "certRFC9440": "",
                    "certRFC9440TooLarge": false,
                    "certChainRFC9440": "",
                    "certChainRFC9440TooLarge": false
                },
                "verifiedBotCategory": "",
                "edgeL4": {
                    "deliveryRate": 10983653
                }
            }
        },
        "response": {
            "status": 200
        }
    }
}
{
    "wallTime": 83,
    "cpuTime": 1,
    "truncated": false,
    "executionModel": "stateless",
    "outcome": "ok",
    "scriptTags": [
        "cf:service=grupo-eye-staff"
    ],
    "scriptVersion": {
        "id": "f02b4c45-05aa-4949-932b-6c920d5311c0"
    },
    "scriptName": "grupo-eye-staff",
    "diagnosticsChannelEvents": [],
    "exceptions": [],
    "logs": [],
    "eventTimestamp": 1782505869883,
    "event": {
        "request": {
            "url": "https://eye-staff.app/api/staff/live-locations?t=1782505869783",
            "method": "GET",
            "headers": {
                "accept": "*/*",
                "accept-encoding": "gzip, br",
                "accept-language": "es-ES,es;q=0.9,en;q=0.8",
                "authorization": "REDACTED",
                "cache-control": "no-cache",
                "cf-connecting-ip": "188.86.247.78",
                "cf-ipcountry": "ES",
                "cf-ray": "a11ef956cfcac69e",
                "cf-visitor": "{\"scheme\":\"https\"}",
                "connection": "Keep-Alive",
                "content-type": "application/json",
                "host": "eye-staff.app",
                "pragma": "no-cache",
                "priority": "u=1, i",
                "referer": "https://eye-staff.app/",
                "sec-ch-ua": "\"Google Chrome\";v=\"149\", \"Chromium\";v=\"149\", \"Not)A;Brand\";v=\"24\"",
                "sec-ch-ua-mobile": "?0",
                "sec-ch-ua-platform": "\"macOS\"",
                "sec-fetch-dest": "empty",
                "sec-fetch-mode": "cors",
                "sec-fetch-site": "same-origin",
                "user-agent": "Mozilla/5.0 (Macintosh; Intel Mac OS X 10_15_7) AppleWebKit/537.36 (KHTML, like Gecko) Chrome/149.0.0.0 Safari/537.36",
                "x-forwarded-proto": "https",
                "x-real-ip": "188.86.247.78",
                "x-web-session-id": "1778900541741"
            },
            "cf": {
                "httpProtocol": "HTTP/3",
                "clientAcceptEncoding": "gzip, deflate, br",
                "requestPriority": "",
                "edgeRequestKeepAliveStatus": 1,
                "requestHeaderNames": {},
                "clientTcpRtt": 0,
                "clientQuicRtt": 27,
                "colo": "MAD",
                "asn": 12430,
                "asOrganization": "VODAFONE ESPANA, S.A.U",
                "country": "ES",
                "isEUCountry": "1",
                "city": "Madrid",
                "continent": "EU",
                "region": "Madrid",
                "regionCode": "MD",
                "timezone": "Europe/Madrid",
                "longitude": "-3.70256",
                "latitude": "40.4165",
                "postalCode": "28004",
                "tlsVersion": "TLSv1.3",
                "tlsCipher": "AEAD-AES128-GCM-SHA256",
                "tlsClientRandom": "MTR/VrdDTsWwLk6+a6medcGuTgM46+l+PN7QJbUzssY=",
                "tlsClientCiphersSha1": "3HTt3+R/6BL3zeALJDSq0pR1yOQ=",
                "tlsClientExtensionsSha1": "93pnLPs+ozaBzpwu7mDnjA2PRo4=",
                "tlsClientExtensionsSha1Le": "X7qkEoKDVK/pSQ7uCMMewQmugQQ=",
                "tlsClientHelloLength": "1740",
                "tlsClientAuth": {
                    "certPresented": "0",
                    "certVerified": "NONE",
                    "certRevoked": "0",
                    "certIssuerDN": "",
                    "certSubjectDN": "",
                    "certIssuerDNRFC2253": "",
                    "certSubjectDNRFC2253": "",
                    "certIssuerDNLegacy": "",
                    "certSubjectDNLegacy": "",
                    "certSerial": "",
                    "certIssuerSerial": "",
                    "certSKI": "",
                    "certIssuerSKI": "",
                    "certFingerprintSHA1": "",
                    "certFingerprintSHA256": "",
                    "certNotBefore": "",
                    "certNotAfter": "",
                    "certRFC9440": "",
                    "certRFC9440TooLarge": false,
                    "certChainRFC9440": "",
                    "certChainRFC9440TooLarge": false
                },
                "verifiedBotCategory": "",
                "edgeL4": {
                    "deliveryRate": 10983653
                }
            }
        },
        "response": {
            "status": 200
        }
    }
}
{
    "wallTime": 1416,
    "cpuTime": 13,
    "truncated": false,
    "executionModel": "stateless",
    "outcome": "ok",
    "scriptTags": [
        "cf:service=grupo-eye-staff"
    ],
    "scriptVersion": {
        "id": "f02b4c45-05aa-4949-932b-6c920d5311c0"
    },
    "scriptName": "grupo-eye-staff",
    "diagnosticsChannelEvents": [],
    "exceptions": [],
    "logs": [],
    "eventTimestamp": 1782505869882,
    "event": {
        "request": {
            "url": "https://eye-staff.app/api/chat/conversations",
            "method": "GET",
            "headers": {
                "accept": "*/*",
                "accept-encoding": "gzip, br",
                "accept-language": "es-ES,es;q=0.9,en;q=0.8",
                "authorization": "REDACTED",
                "cf-connecting-ip": "188.86.247.78",
                "cf-ipcountry": "ES",
                "cf-ray": "a11ef956cfc9c69e",
                "cf-visitor": "{\"scheme\":\"https\"}",
                "connection": "Keep-Alive",
                "host": "eye-staff.app",
                "priority": "u=1, i",
                "referer": "https://eye-staff.app/",
                "sec-ch-ua": "\"Google Chrome\";v=\"149\", \"Chromium\";v=\"149\", \"Not)A;Brand\";v=\"24\"",
                "sec-ch-ua-mobile": "?0",
                "sec-ch-ua-platform": "\"macOS\"",
                "sec-fetch-dest": "empty",
                "sec-fetch-mode": "cors",
                "sec-fetch-site": "same-origin",
                "user-agent": "Mozilla/5.0 (Macintosh; Intel Mac OS X 10_15_7) AppleWebKit/537.36 (KHTML, like Gecko) Chrome/149.0.0.0 Safari/537.36",
                "x-forwarded-proto": "https",
                "x-real-ip": "188.86.247.78"
            },
            "cf": {
                "httpProtocol": "HTTP/3",
                "clientAcceptEncoding": "gzip, deflate, br",
                "requestPriority": "",
                "edgeRequestKeepAliveStatus": 1,
                "requestHeaderNames": {},
                "clientTcpRtt": 0,
                "clientQuicRtt": 27,
                "colo": "MAD",
                "asn": 12430,
                "asOrganization": "VODAFONE ESPANA, S.A.U",
                "country": "ES",
                "isEUCountry": "1",
                "city": "Madrid",
                "continent": "EU",
                "region": "Madrid",
                "regionCode": "MD",
                "timezone": "Europe/Madrid",
                "longitude": "-3.70256",
                "latitude": "40.4165",
                "postalCode": "28004",
                "tlsVersion": "TLSv1.3",
                "tlsCipher": "AEAD-AES128-GCM-SHA256",
                "tlsClientRandom": "MTR/VrdDTsWwLk6+a6medcGuTgM46+l+PN7QJbUzssY=",
                "tlsClientCiphersSha1": "3HTt3+R/6BL3zeALJDSq0pR1yOQ=",
                "tlsClientExtensionsSha1": "93pnLPs+ozaBzpwu7mDnjA2PRo4=",
                "tlsClientExtensionsSha1Le": "X7qkEoKDVK/pSQ7uCMMewQmugQQ=",
                "tlsClientHelloLength": "1740",
                "tlsClientAuth": {
                    "certPresented": "0",
                    "certVerified": "NONE",
                    "certRevoked": "0",
                    "certIssuerDN": "",
                    "certSubjectDN": "",
                    "certIssuerDNRFC2253": "",
                    "certSubjectDNRFC2253": "",
                    "certIssuerDNLegacy": "",
                    "certSubjectDNLegacy": "",
                    "certSerial": "",
                    "certIssuerSerial": "",
                    "certSKI": "",
                    "certIssuerSKI": "",
                    "certFingerprintSHA1": "",
                    "certFingerprintSHA256": "",
                    "certNotBefore": "",
                    "certNotAfter": "",
                    "certRFC9440": "",
                    "certRFC9440TooLarge": false,
                    "certChainRFC9440": "",
                    "certChainRFC9440TooLarge": false
                },
                "verifiedBotCategory": "",
                "edgeL4": {
                    "deliveryRate": 10983653
                }
            }
        },
        "response": {
            "status": 200
        }
    }
}
{
    "wallTime": 286,
    "cpuTime": 2,
    "truncated": false,
    "executionModel": "stateless",
    "outcome": "ok",
    "scriptTags": [
        "cf:service=grupo-eye-staff"
    ],
    "scriptVersion": {
        "id": "f02b4c45-05aa-4949-932b-6c920d5311c0"
    },
    "scriptName": "grupo-eye-staff",
    "diagnosticsChannelEvents": [],
    "exceptions": [],
    "logs": [
        {
            "message": [
                "[CRON] Revisando notificaciones para 2026-06-26 16:31..."
            ],
            "level": "log",
            "timestamp": 1782505875015
        }
    ],
    "eventTimestamp": 1782505875015,
    "event": {
        "cron": "* * * * *",
        "scheduledTime": 1782505874000
    }
}
{
    "wallTime": 1484,
    "cpuTime": 14,
    "truncated": false,
    "executionModel": "stateless",
    "outcome": "ok",
    "scriptTags": [
        "cf:service=grupo-eye-staff"
    ],
    "scriptVersion": {
        "id": "f02b4c45-05aa-4949-932b-6c920d5311c0"
    },
    "scriptName": "grupo-eye-staff",
    "diagnosticsChannelEvents": [],
    "exceptions": [],
    "logs": [],
    "eventTimestamp": 1782505879884,
    "event": {
        "request": {
            "url": "https://eye-staff.app/api/chat/conversations",
            "method": "GET",
            "headers": {
                "accept": "*/*",
                "accept-encoding": "gzip, br",
                "accept-language": "es-ES,es;q=0.9,en;q=0.8",
                "authorization": "REDACTED",
                "cf-connecting-ip": "188.86.247.78",
                "cf-ipcountry": "ES",
                "cf-ray": "a11ef995491dc69e",
                "cf-visitor": "{\"scheme\":\"https\"}",
                "connection": "Keep-Alive",
                "host": "eye-staff.app",
                "priority": "u=1, i",
                "referer": "https://eye-staff.app/",
                "sec-ch-ua": "\"Google Chrome\";v=\"149\", \"Chromium\";v=\"149\", \"Not)A;Brand\";v=\"24\"",
                "sec-ch-ua-mobile": "?0",
                "sec-ch-ua-platform": "\"macOS\"",
                "sec-fetch-dest": "empty",
                "sec-fetch-mode": "cors",
                "sec-fetch-site": "same-origin",
                "user-agent": "Mozilla/5.0 (Macintosh; Intel Mac OS X 10_15_7) AppleWebKit/537.36 (KHTML, like Gecko) Chrome/149.0.0.0 Safari/537.36",
                "x-forwarded-proto": "https",
                "x-real-ip": "188.86.247.78"
            },
            "cf": {
                "httpProtocol": "HTTP/3",
                "clientAcceptEncoding": "gzip, deflate, br",
                "requestPriority": "",
                "edgeRequestKeepAliveStatus": 1,
                "requestHeaderNames": {},
                "clientTcpRtt": 0,
                "clientQuicRtt": 28,
                "colo": "MAD",
                "asn": 12430,
                "asOrganization": "VODAFONE ESPANA, S.A.U",
                "country": "ES",
                "isEUCountry": "1",
                "city": "Madrid",
                "continent": "EU",
                "region": "Madrid",
                "regionCode": "MD",
                "timezone": "Europe/Madrid",
                "longitude": "-3.70256",
                "latitude": "40.4165",
                "postalCode": "28004",
                "tlsVersion": "TLSv1.3",
                "tlsCipher": "AEAD-AES128-GCM-SHA256",
                "tlsClientRandom": "MTR/VrdDTsWwLk6+a6medcGuTgM46+l+PN7QJbUzssY=",
                "tlsClientCiphersSha1": "3HTt3+R/6BL3zeALJDSq0pR1yOQ=",
                "tlsClientExtensionsSha1": "93pnLPs+ozaBzpwu7mDnjA2PRo4=",
                "tlsClientExtensionsSha1Le": "X7qkEoKDVK/pSQ7uCMMewQmugQQ=",
                "tlsClientHelloLength": "1740",
                "tlsClientAuth": {
                    "certPresented": "0",
                    "certVerified": "NONE",
                    "certRevoked": "0",
                    "certIssuerDN": "",
                    "certSubjectDN": "",
                    "certIssuerDNRFC2253": "",
                    "certSubjectDNRFC2253": "",
                    "certIssuerDNLegacy": "",
                    "certSubjectDNLegacy": "",
                    "certSerial": "",
                    "certIssuerSerial": "",
                    "certSKI": "",
                    "certIssuerSKI": "",
                    "certFingerprintSHA1": "",
                    "certFingerprintSHA256": "",
                    "certNotBefore": "",
                    "certNotAfter": "",
                    "certRFC9440": "",
                    "certRFC9440TooLarge": false,
                    "certChainRFC9440": "",
                    "certChainRFC9440TooLarge": false
                },
                "verifiedBotCategory": "",
                "edgeL4": {
                    "deliveryRate": 10983653
                }
            }
        },
        "response": {
            "status": 200
        }
    }
}
{
    "wallTime": 86,
    "cpuTime": 1,
    "truncated": false,
    "executionModel": "stateless",
    "outcome": "ok",
    "scriptTags": [
        "cf:service=grupo-eye-staff"
    ],
    "scriptVersion": {
        "id": "f02b4c45-05aa-4949-932b-6c920d5311c0"
    },
    "scriptName": "grupo-eye-staff",
    "diagnosticsChannelEvents": [],
    "exceptions": [],
    "logs": [],
    "eventTimestamp": 1782505884883,
    "event": {
        "request": {
            "url": "https://eye-staff.app/api/staff/live-locations?t=1782505884783",
            "method": "GET",
            "headers": {
                "accept": "*/*",
                "accept-encoding": "gzip, br",
                "accept-language": "es-ES,es;q=0.9,en;q=0.8",
                "authorization": "REDACTED",
                "cache-control": "no-cache",
                "cf-connecting-ip": "188.86.247.78",
                "cf-ipcountry": "ES",
                "cf-ray": "a11ef9b48d09c69e",
                "cf-visitor": "{\"scheme\":\"https\"}",
                "connection": "Keep-Alive",
                "content-type": "application/json",
                "host": "eye-staff.app",
                "pragma": "no-cache",
                "priority": "u=1, i",
                "referer": "https://eye-staff.app/",
                "sec-ch-ua": "\"Google Chrome\";v=\"149\", \"Chromium\";v=\"149\", \"Not)A;Brand\";v=\"24\"",
                "sec-ch-ua-mobile": "?0",
                "sec-ch-ua-platform": "\"macOS\"",
                "sec-fetch-dest": "empty",
                "sec-fetch-mode": "cors",
                "sec-fetch-site": "same-origin",
                "user-agent": "Mozilla/5.0 (Macintosh; Intel Mac OS X 10_15_7) AppleWebKit/537.36 (KHTML, like Gecko) Chrome/149.0.0.0 Safari/537.36",
                "x-forwarded-proto": "https",
                "x-real-ip": "188.86.247.78",
                "x-web-session-id": "1778900541741"
            },
            "cf": {
                "httpProtocol": "HTTP/3",
                "clientAcceptEncoding": "gzip, deflate, br",
                "requestPriority": "",
                "edgeRequestKeepAliveStatus": 1,
                "requestHeaderNames": {},
                "clientTcpRtt": 0,
                "clientQuicRtt": 39,
                "colo": "MAD",
                "asn": 12430,
                "asOrganization": "VODAFONE ESPANA, S.A.U",
                "country": "ES",
                "isEUCountry": "1",
                "city": "Madrid",
                "continent": "EU",
                "region": "Madrid",
                "regionCode": "MD",
                "timezone": "Europe/Madrid",
                "longitude": "-3.70256",
                "latitude": "40.4165",
                "postalCode": "28004",
                "tlsVersion": "TLSv1.3",
                "tlsCipher": "AEAD-AES128-GCM-SHA256",
                "tlsClientRandom": "MTR/VrdDTsWwLk6+a6medcGuTgM46+l+PN7QJbUzssY=",
                "tlsClientCiphersSha1": "3HTt3+R/6BL3zeALJDSq0pR1yOQ=",
                "tlsClientExtensionsSha1": "93pnLPs+ozaBzpwu7mDnjA2PRo4=",
                "tlsClientExtensionsSha1Le": "X7qkEoKDVK/pSQ7uCMMewQmugQQ=",
                "tlsClientHelloLength": "1740",
                "tlsClientAuth": {
                    "certPresented": "0",
                    "certVerified": "NONE",
                    "certRevoked": "0",
                    "certIssuerDN": "",
                    "certSubjectDN": "",
                    "certIssuerDNRFC2253": "",
                    "certSubjectDNRFC2253": "",
                    "certIssuerDNLegacy": "",
                    "certSubjectDNLegacy": "",
                    "certSerial": "",
                    "certIssuerSerial": "",
                    "certSKI": "",
                    "certIssuerSKI": "",
                    "certFingerprintSHA1": "",
                    "certFingerprintSHA256": "",
                    "certNotBefore": "",
                    "certNotAfter": "",
                    "certRFC9440": "",
                    "certRFC9440TooLarge": false,
                    "certChainRFC9440": "",
                    "certChainRFC9440TooLarge": false
                },
                "verifiedBotCategory": "",
                "edgeL4": {
                    "deliveryRate": 10983653
                }
            }
        },
        "response": {
            "status": 200
        }
    }
}
{
    "wallTime": 1451,
    "cpuTime": 13,
    "truncated": false,
    "executionModel": "stateless",
    "outcome": "ok",
    "scriptTags": [
        "cf:service=grupo-eye-staff"
    ],
    "scriptVersion": {
        "id": "f02b4c45-05aa-4949-932b-6c920d5311c0"
    },
    "scriptName": "grupo-eye-staff",
    "diagnosticsChannelEvents": [],
    "exceptions": [],
    "logs": [],
    "eventTimestamp": 1782505889883,
    "event": {
        "request": {
            "url": "https://eye-staff.app/api/chat/conversations",
            "method": "GET",
            "headers": {
                "accept": "*/*",
                "accept-encoding": "gzip, br",
                "accept-language": "es-ES,es;q=0.9,en;q=0.8",
                "authorization": "REDACTED",
                "cf-connecting-ip": "188.86.247.78",
                "cf-ipcountry": "ES",
                "cf-ray": "a11ef9d3ca77c69e",
                "cf-visitor": "{\"scheme\":\"https\"}",
                "connection": "Keep-Alive",
                "host": "eye-staff.app",
                "priority": "u=1, i",
                "referer": "https://eye-staff.app/",
                "sec-ch-ua": "\"Google Chrome\";v=\"149\", \"Chromium\";v=\"149\", \"Not)A;Brand\";v=\"24\"",
                "sec-ch-ua-mobile": "?0",
                "sec-ch-ua-platform": "\"macOS\"",
                "sec-fetch-dest": "empty",
                "sec-fetch-mode": "cors",
                "sec-fetch-site": "same-origin",
                "user-agent": "Mozilla/5.0 (Macintosh; Intel Mac OS X 10_15_7) AppleWebKit/537.36 (KHTML, like Gecko) Chrome/149.0.0.0 Safari/537.36",
                "x-forwarded-proto": "https",
                "x-real-ip": "188.86.247.78"
            },
            "cf": {
                "httpProtocol": "HTTP/3",
                "clientAcceptEncoding": "gzip, deflate, br",
                "requestPriority": "",
                "edgeRequestKeepAliveStatus": 1,
                "requestHeaderNames": {},
                "clientTcpRtt": 0,
                "clientQuicRtt": 35,
                "colo": "MAD",
                "asn": 12430,
                "asOrganization": "VODAFONE ESPANA, S.A.U",
                "country": "ES",
                "isEUCountry": "1",
                "city": "Madrid",
                "continent": "EU",
                "region": "Madrid",
                "regionCode": "MD",
                "timezone": "Europe/Madrid",
                "longitude": "-3.70256",
                "latitude": "40.4165",
                "postalCode": "28004",
                "tlsVersion": "TLSv1.3",
                "tlsCipher": "AEAD-AES128-GCM-SHA256",
                "tlsClientRandom": "MTR/VrdDTsWwLk6+a6medcGuTgM46+l+PN7QJbUzssY=",
                "tlsClientCiphersSha1": "3HTt3+R/6BL3zeALJDSq0pR1yOQ=",
                "tlsClientExtensionsSha1": "93pnLPs+ozaBzpwu7mDnjA2PRo4=",
                "tlsClientExtensionsSha1Le": "X7qkEoKDVK/pSQ7uCMMewQmugQQ=",
                "tlsClientHelloLength": "1740",
                "tlsClientAuth": {
                    "certPresented": "0",
                    "certVerified": "NONE",
                    "certRevoked": "0",
                    "certIssuerDN": "",
                    "certSubjectDN": "",
                    "certIssuerDNRFC2253": "",
                    "certSubjectDNRFC2253": "",
                    "certIssuerDNLegacy": "",
                    "certSubjectDNLegacy": "",
                    "certSerial": "",
                    "certIssuerSerial": "",
                    "certSKI": "",
                    "certIssuerSKI": "",
                    "certFingerprintSHA1": "",
                    "certFingerprintSHA256": "",
                    "certNotBefore": "",
                    "certNotAfter": "",
                    "certRFC9440": "",
                    "certRFC9440TooLarge": false,
                    "certChainRFC9440": "",
                    "certChainRFC9440TooLarge": false
                },
                "verifiedBotCategory": "",
                "edgeL4": {
                    "deliveryRate": 10983653
                }
            }
        },
        "response": {
            "status": 200
        }
    }
}
{
    "wallTime": 94,
    "cpuTime": 1,
    "truncated": false,
    "executionModel": "stateless",
    "outcome": "ok",
    "scriptTags": [
        "cf:service=grupo-eye-staff"
    ],
    "scriptVersion": {
        "id": "f02b4c45-05aa-4949-932b-6c920d5311c0"
    },
    "scriptName": "grupo-eye-staff",
    "diagnosticsChannelEvents": [],
    "exceptions": [],
    "logs": [],
    "eventTimestamp": 1782505899886,
    "event": {
        "request": {
            "url": "https://eye-staff.app/api/staff/live-locations?t=1782505899783",
            "method": "GET",
            "headers": {
                "accept": "*/*",
                "accept-encoding": "gzip, br",
                "accept-language": "es-ES,es;q=0.9,en;q=0.8",
                "authorization": "REDACTED",
                "cache-control": "no-cache",
                "cf-connecting-ip": "188.86.247.78",
                "cf-ipcountry": "ES",
                "cf-ray": "a11efa124ca8c69e",
                "cf-visitor": "{\"scheme\":\"https\"}",
                "connection": "Keep-Alive",
                "content-type": "application/json",
                "host": "eye-staff.app",
                "pragma": "no-cache",
                "priority": "u=1, i",
                "referer": "https://eye-staff.app/",
                "sec-ch-ua": "\"Google Chrome\";v=\"149\", \"Chromium\";v=\"149\", \"Not)A;Brand\";v=\"24\"",
                "sec-ch-ua-mobile": "?0",
                "sec-ch-ua-platform": "\"macOS\"",
                "sec-fetch-dest": "empty",
                "sec-fetch-mode": "cors",
                "sec-fetch-site": "same-origin",
                "user-agent": "Mozilla/5.0 (Macintosh; Intel Mac OS X 10_15_7) AppleWebKit/537.36 (KHTML, like Gecko) Chrome/149.0.0.0 Safari/537.36",
                "x-forwarded-proto": "https",
                "x-real-ip": "188.86.247.78",
                "x-web-session-id": "1778900541741"
            },
            "cf": {
                "httpProtocol": "HTTP/3",
                "clientAcceptEncoding": "gzip, deflate, br",
                "requestPriority": "",
                "edgeRequestKeepAliveStatus": 1,
                "requestHeaderNames": {},
                "clientTcpRtt": 0,
                "clientQuicRtt": 41,
                "colo": "MAD",
                "asn": 12430,
                "asOrganization": "VODAFONE ESPANA, S.A.U",
                "country": "ES",
                "isEUCountry": "1",
                "city": "Madrid",
                "continent": "EU",
                "region": "Madrid",
                "regionCode": "MD",
                "timezone": "Europe/Madrid",
                "longitude": "-3.70256",
                "latitude": "40.4165",
                "postalCode": "28004",
                "tlsVersion": "TLSv1.3",
                "tlsCipher": "AEAD-AES128-GCM-SHA256",
                "tlsClientRandom": "MTR/VrdDTsWwLk6+a6medcGuTgM46+l+PN7QJbUzssY=",
                "tlsClientCiphersSha1": "3HTt3+R/6BL3zeALJDSq0pR1yOQ=",
                "tlsClientExtensionsSha1": "93pnLPs+ozaBzpwu7mDnjA2PRo4=",
                "tlsClientExtensionsSha1Le": "X7qkEoKDVK/pSQ7uCMMewQmugQQ=",
                "tlsClientHelloLength": "1740",
                "tlsClientAuth": {
                    "certPresented": "0",
                    "certVerified": "NONE",
                    "certRevoked": "0",
                    "certIssuerDN": "",
                    "certSubjectDN": "",
                    "certIssuerDNRFC2253": "",
                    "certSubjectDNRFC2253": "",
                    "certIssuerDNLegacy": "",
                    "certSubjectDNLegacy": "",
                    "certSerial": "",
                    "certIssuerSerial": "",
                    "certSKI": "",
                    "certIssuerSKI": "",
                    "certFingerprintSHA1": "",
                    "certFingerprintSHA256": "",
                    "certNotBefore": "",
                    "certNotAfter": "",
                    "certRFC9440": "",
                    "certRFC9440TooLarge": false,
                    "certChainRFC9440": "",
                    "certChainRFC9440TooLarge": false
                },
                "verifiedBotCategory": "",
                "edgeL4": {
                    "deliveryRate": 10983653
                }
            }
        },
        "response": {
            "status": 200
        }
    }
}
{
    "wallTime": 1429,
    "cpuTime": 14,
    "truncated": false,
    "executionModel": "stateless",
    "outcome": "ok",
    "scriptTags": [
        "cf:service=grupo-eye-staff"
    ],
    "scriptVersion": {
        "id": "f02b4c45-05aa-4949-932b-6c920d5311c0"
    },
    "scriptName": "grupo-eye-staff",
    "diagnosticsChannelEvents": [],
    "exceptions": [],
    "logs": [],
    "eventTimestamp": 1782505899886,
    "event": {
        "request": {
            "url": "https://eye-staff.app/api/chat/conversations",
            "method": "GET",
            "headers": {
                "accept": "*/*",
                "accept-encoding": "gzip, br",
                "accept-language": "es-ES,es;q=0.9,en;q=0.8",
                "authorization": "REDACTED",
                "cf-connecting-ip": "188.86.247.78",
                "cf-ipcountry": "ES",
                "cf-ray": "a11efa124ca7c69e",
                "cf-visitor": "{\"scheme\":\"https\"}",
                "connection": "Keep-Alive",
                "host": "eye-staff.app",
                "priority": "u=1, i",
                "referer": "https://eye-staff.app/",
                "sec-ch-ua": "\"Google Chrome\";v=\"149\", \"Chromium\";v=\"149\", \"Not)A;Brand\";v=\"24\"",
                "sec-ch-ua-mobile": "?0",
                "sec-ch-ua-platform": "\"macOS\"",
                "sec-fetch-dest": "empty",
                "sec-fetch-mode": "cors",
                "sec-fetch-site": "same-origin",
                "user-agent": "Mozilla/5.0 (Macintosh; Intel Mac OS X 10_15_7) AppleWebKit/537.36 (KHTML, like Gecko) Chrome/149.0.0.0 Safari/537.36",
                "x-forwarded-proto": "https",
                "x-real-ip": "188.86.247.78"
            },
            "cf": {
                "httpProtocol": "HTTP/3",
                "clientAcceptEncoding": "gzip, deflate, br",
                "requestPriority": "",
                "edgeRequestKeepAliveStatus": 1,
                "requestHeaderNames": {},
                "clientTcpRtt": 0,
                "clientQuicRtt": 41,
                "colo": "MAD",
                "asn": 12430,
                "asOrganization": "VODAFONE ESPANA, S.A.U",
                "country": "ES",
                "isEUCountry": "1",
                "city": "Madrid",
                "continent": "EU",
                "region": "Madrid",
                "regionCode": "MD",
                "timezone": "Europe/Madrid",
                "longitude": "-3.70256",
                "latitude": "40.4165",
                "postalCode": "28004",
                "tlsVersion": "TLSv1.3",
                "tlsCipher": "AEAD-AES128-GCM-SHA256",
                "tlsClientRandom": "MTR/VrdDTsWwLk6+a6medcGuTgM46+l+PN7QJbUzssY=",
                "tlsClientCiphersSha1": "3HTt3+R/6BL3zeALJDSq0pR1yOQ=",
                "tlsClientExtensionsSha1": "93pnLPs+ozaBzpwu7mDnjA2PRo4=",
                "tlsClientExtensionsSha1Le": "X7qkEoKDVK/pSQ7uCMMewQmugQQ=",
                "tlsClientHelloLength": "1740",
                "tlsClientAuth": {
                    "certPresented": "0",
                    "certVerified": "NONE",
                    "certRevoked": "0",
                    "certIssuerDN": "",
                    "certSubjectDN": "",
                    "certIssuerDNRFC2253": "",
                    "certSubjectDNRFC2253": "",
                    "certIssuerDNLegacy": "",
                    "certSubjectDNLegacy": "",
                    "certSerial": "",
                    "certIssuerSerial": "",
                    "certSKI": "",
                    "certIssuerSKI": "",
                    "certFingerprintSHA1": "",
                    "certFingerprintSHA256": "",
                    "certNotBefore": "",
                    "certNotAfter": "",
                    "certRFC9440": "",
                    "certRFC9440TooLarge": false,
                    "certChainRFC9440": "",
                    "certChainRFC9440TooLarge": false
                },
                "verifiedBotCategory": "",
                "edgeL4": {
                    "deliveryRate": 10983653
                }
            }
        },
        "response": {
            "status": 200
        }
    }
}
{
    "wallTime": 1403,
    "cpuTime": 15,
    "truncated": false,
    "executionModel": "stateless",
    "outcome": "ok",
    "scriptTags": [
        "cf:service=grupo-eye-staff"
    ],
    "scriptVersion": {
        "id": "f02b4c45-05aa-4949-932b-6c920d5311c0"
    },
    "scriptName": "grupo-eye-staff",
    "diagnosticsChannelEvents": [],
    "exceptions": [],
    "logs": [],
    "eventTimestamp": 1782505909885,
    "event": {
        "request": {
            "url": "https://eye-staff.app/api/chat/conversations",
            "method": "GET",
            "headers": {
                "accept": "*/*",
                "accept-encoding": "gzip, br",
                "accept-language": "es-ES,es;q=0.9,en;q=0.8",
                "authorization": "REDACTED",
                "cf-connecting-ip": "188.86.247.78",
                "cf-ipcountry": "ES",
                "cf-ray": "a11efa50c8eec69e",
                "cf-visitor": "{\"scheme\":\"https\"}",
                "connection": "Keep-Alive",
                "host": "eye-staff.app",
                "priority": "u=1, i",
                "referer": "https://eye-staff.app/",
                "sec-ch-ua": "\"Google Chrome\";v=\"149\", \"Chromium\";v=\"149\", \"Not)A;Brand\";v=\"24\"",
                "sec-ch-ua-mobile": "?0",
                "sec-ch-ua-platform": "\"macOS\"",
                "sec-fetch-dest": "empty",
                "sec-fetch-mode": "cors",
                "sec-fetch-site": "same-origin",
                "user-agent": "Mozilla/5.0 (Macintosh; Intel Mac OS X 10_15_7) AppleWebKit/537.36 (KHTML, like Gecko) Chrome/149.0.0.0 Safari/537.36",
                "x-forwarded-proto": "https",
                "x-real-ip": "188.86.247.78"
            },
            "cf": {
                "httpProtocol": "HTTP/3",
                "clientAcceptEncoding": "gzip, deflate, br",
                "requestPriority": "",
                "edgeRequestKeepAliveStatus": 1,
                "requestHeaderNames": {},
                "clientTcpRtt": 0,
                "clientQuicRtt": 37,
                "colo": "MAD",
                "asn": 12430,
                "asOrganization": "VODAFONE ESPANA, S.A.U",
                "country": "ES",
                "isEUCountry": "1",
                "city": "Madrid",
                "continent": "EU",
                "region": "Madrid",
                "regionCode": "MD",
                "timezone": "Europe/Madrid",
                "longitude": "-3.70256",
                "latitude": "40.4165",
                "postalCode": "28004",
                "tlsVersion": "TLSv1.3",
                "tlsCipher": "AEAD-AES128-GCM-SHA256",
                "tlsClientRandom": "MTR/VrdDTsWwLk6+a6medcGuTgM46+l+PN7QJbUzssY=",
                "tlsClientCiphersSha1": "3HTt3+R/6BL3zeALJDSq0pR1yOQ=",
                "tlsClientExtensionsSha1": "93pnLPs+ozaBzpwu7mDnjA2PRo4=",
                "tlsClientExtensionsSha1Le": "X7qkEoKDVK/pSQ7uCMMewQmugQQ=",
                "tlsClientHelloLength": "1740",
                "tlsClientAuth": {
                    "certPresented": "0",
                    "certVerified": "NONE",
                    "certRevoked": "0",
                    "certIssuerDN": "",
                    "certSubjectDN": "",
                    "certIssuerDNRFC2253": "",
                    "certSubjectDNRFC2253": "",
                    "certIssuerDNLegacy": "",
                    "certSubjectDNLegacy": "",
                    "certSerial": "",
                    "certIssuerSerial": "",
                    "certSKI": "",
                    "certIssuerSKI": "",
                    "certFingerprintSHA1": "",
                    "certFingerprintSHA256": "",
                    "certNotBefore": "",
                    "certNotAfter": "",
                    "certRFC9440": "",
                    "certRFC9440TooLarge": false,
                    "certChainRFC9440": "",
                    "certChainRFC9440TooLarge": false
                },
                "verifiedBotCategory": "",
                "edgeL4": {
                    "deliveryRate": 10983653
                }
            }
        },
        "response": {
            "status": 200
        }
    }
}
{
    "wallTime": 63,
    "cpuTime": 16,
    "truncated": false,
    "executionModel": "stateless",
    "outcome": "ok",
    "scriptTags": [
        "cf:service=grupo-eye-staff"
    ],
    "scriptVersion": {
        "id": "f02b4c45-05aa-4949-932b-6c920d5311c0"
    },
    "scriptName": "grupo-eye-staff",
    "diagnosticsChannelEvents": [],
    "exceptions": [],
    "logs": [
        {
            "message": [
                "Error global en test-request:",
                "ReferenceError: today is not defined"
            ],
            "level": "error",
            "timestamp": 1782505913561
        }
    ],
    "eventTimestamp": 1782505913513,
    "event": {
        "request": {
            "url": "https://eye-staff.app/api/reports/test-request",
            "method": "POST",
            "headers": {
                "accept": "*/*",
                "accept-encoding": "gzip, br",
                "cf-connecting-ip": "188.86.247.78",
                "cf-ipcountry": "ES",
                "cf-ray": "a11efa675d03342a",
                "cf-visitor": "{\"scheme\":\"https\"}",
                "connection": "Keep-Alive",
                "content-length": "53",
                "content-type": "application/json",
                "host": "eye-staff.app",
                "user-agent": "curl/8.7.1",
                "x-forwarded-proto": "https",
                "x-real-ip": "188.86.247.78"
            },
            "cf": {
                "httpProtocol": "HTTP/2",
                "requestPriority": "weight=16;exclusive=0;group=0;group-weight=0",
                "edgeRequestKeepAliveStatus": 1,
                "requestHeaderNames": {},
                "clientTcpRtt": 6,
                "clientQuicRtt": 0,
                "colo": "MAD",
                "asn": 12430,
                "asOrganization": "VODAFONE ESPANA, S.A.U",
                "country": "ES",
                "isEUCountry": "1",
                "city": "Madrid",
                "continent": "EU",
                "region": "Madrid",
                "regionCode": "MD",
                "timezone": "Europe/Madrid",
                "longitude": "-3.70256",
                "latitude": "40.4165",
                "postalCode": "28004",
                "tlsVersion": "TLSv1.3",
                "tlsCipher": "AEAD-CHACHA20-POLY1305-SHA256",
                "tlsClientRandom": "TxsrFks9rKZhcBpbnYmrExBMkvot1sYAdaHyYruxgxQ=",
                "tlsClientCiphersSha1": "eDGmD1H99AwNYzOR+7eoGLo6eLU=",
                "tlsClientExtensionsSha1": "Ub+nUmIm1U57hdNSUph0R+kx9Gc=",
                "tlsClientExtensionsSha1Le": "NMNf2YIpLBhtroOEBooGFi+jtJ8=",
                "tlsExportedAuthenticator": {
                    "clientHandshake": "14242a4970e3bf3f187af2a0b59f299371633c465fa8e88c2fec07c63382a909",
                    "serverHandshake": "45abe3bbd95d7d0c74f2e8f9a20229861402dda884ddaf66fe48fa763bcc2a0b",
                    "clientFinished": "1db48979d97a451ba42e0a5f1fa6c0ca71fad5399542463cea588243d659779e",
                    "serverFinished": "d01ead19f91a2c5844186594c7abb751e27695448e0fe9cc5b3f43c310e4a386"
                },
                "tlsClientHelloLength": "314",
                "tlsClientAuth": {
                    "certPresented": "0",
                    "certVerified": "NONE",
                    "certRevoked": "0",
                    "certIssuerDN": "",
                    "certSubjectDN": "",
                    "certIssuerDNRFC2253": "",
                    "certSubjectDNRFC2253": "",
                    "certIssuerDNLegacy": "",
                    "certSubjectDNLegacy": "",
                    "certSerial": "",
                    "certIssuerSerial": "",
                    "certSKI": "",
                    "certIssuerSKI": "",
                    "certFingerprintSHA1": "",
                    "certFingerprintSHA256": "",
                    "certNotBefore": "",
                    "certNotAfter": "",
                    "certRFC9440": "",
                    "certRFC9440TooLarge": false,
                    "certChainRFC9440": "",
                    "certChainRFC9440TooLarge": false
                },
                "verifiedBotCategory": "",
                "edgeL4": {
                    "deliveryRate": 459403
                }
            }
        },
        "response": {
            "status": 500
        }
    }
}
{
    "wallTime": 96,
    "cpuTime": 1,
    "truncated": false,
    "executionModel": "stateless",
    "outcome": "ok",
    "scriptTags": [
        "cf:service=grupo-eye-staff"
    ],
    "scriptVersion": {
        "id": "f02b4c45-05aa-4949-932b-6c920d5311c0"
    },
    "scriptName": "grupo-eye-staff",
    "diagnosticsChannelEvents": [],
    "exceptions": [],
    "logs": [],
    "eventTimestamp": 1782505914883,
    "event": {
        "request": {
            "url": "https://eye-staff.app/api/staff/live-locations?t=1782505914783",
            "method": "GET",
            "headers": {
                "accept": "*/*",
                "accept-encoding": "gzip, br",
                "accept-language": "es-ES,es;q=0.9,en;q=0.8",
                "authorization": "REDACTED",
                "cache-control": "no-cache",
                "cf-connecting-ip": "188.86.247.78",
                "cf-ipcountry": "ES",
                "cf-ray": "a11efa700e80c69e",
                "cf-visitor": "{\"scheme\":\"https\"}",
                "connection": "Keep-Alive",
                "content-type": "application/json",
                "host": "eye-staff.app",
                "pragma": "no-cache",
                "priority": "u=1, i",
                "referer": "https://eye-staff.app/",
                "sec-ch-ua": "\"Google Chrome\";v=\"149\", \"Chromium\";v=\"149\", \"Not)A;Brand\";v=\"24\"",
                "sec-ch-ua-mobile": "?0",
                "sec-ch-ua-platform": "\"macOS\"",
                "sec-fetch-dest": "empty",
                "sec-fetch-mode": "cors",
                "sec-fetch-site": "same-origin",
                "user-agent": "Mozilla/5.0 (Macintosh; Intel Mac OS X 10_15_7) AppleWebKit/537.36 (KHTML, like Gecko) Chrome/149.0.0.0 Safari/537.36",
                "x-forwarded-proto": "https",
                "x-real-ip": "188.86.247.78",
                "x-web-session-id": "1778900541741"
            },
            "cf": {
                "httpProtocol": "HTTP/3",
                "clientAcceptEncoding": "gzip, deflate, br",
                "requestPriority": "",
                "edgeRequestKeepAliveStatus": 1,
                "requestHeaderNames": {},
                "clientTcpRtt": 0,
                "clientQuicRtt": 44,
                "colo": "MAD",
                "asn": 12430,
                "asOrganization": "VODAFONE ESPANA, S.A.U",
                "country": "ES",
                "isEUCountry": "1",
                "city": "Madrid",
                "continent": "EU",
                "region": "Madrid",
                "regionCode": "MD",
                "timezone": "Europe/Madrid",
                "longitude": "-3.70256",
                "latitude": "40.4165",
                "postalCode": "28004",
                "tlsVersion": "TLSv1.3",
                "tlsCipher": "AEAD-AES128-GCM-SHA256",
                "tlsClientRandom": "MTR/VrdDTsWwLk6+a6medcGuTgM46+l+PN7QJbUzssY=",
                "tlsClientCiphersSha1": "3HTt3+R/6BL3zeALJDSq0pR1yOQ=",
                "tlsClientExtensionsSha1": "93pnLPs+ozaBzpwu7mDnjA2PRo4=",
                "tlsClientExtensionsSha1Le": "X7qkEoKDVK/pSQ7uCMMewQmugQQ=",
                "tlsClientHelloLength": "1740",
                "tlsClientAuth": {
                    "certPresented": "0",
                    "certVerified": "NONE",
                    "certRevoked": "0",
                    "certIssuerDN": "",
                    "certSubjectDN": "",
                    "certIssuerDNRFC2253": "",
                    "certSubjectDNRFC2253": "",
                    "certIssuerDNLegacy": "",
                    "certSubjectDNLegacy": "",
                    "certSerial": "",
                    "certIssuerSerial": "",
                    "certSKI": "",
                    "certIssuerSKI": "",
                    "certFingerprintSHA1": "",
                    "certFingerprintSHA256": "",
                    "certNotBefore": "",
                    "certNotAfter": "",
                    "certRFC9440": "",
                    "certRFC9440TooLarge": false,
                    "certChainRFC9440": "",
                    "certChainRFC9440TooLarge": false
                },
                "verifiedBotCategory": "",
                "edgeL4": {
                    "deliveryRate": 10983653
                }
            }
        },
        "response": {
            "status": 200
        }
    }
}
{
    "wallTime": 1478,
    "cpuTime": 14,
    "truncated": false,
    "executionModel": "stateless",
    "outcome": "ok",
    "scriptTags": [
        "cf:service=grupo-eye-staff"
    ],
    "scriptVersion": {
        "id": "f02b4c45-05aa-4949-932b-6c920d5311c0"
    },
    "scriptName": "grupo-eye-staff",
    "diagnosticsChannelEvents": [],
    "exceptions": [],
    "logs": [],
    "eventTimestamp": 1782505919884,
    "event": {
        "request": {
            "url": "https://eye-staff.app/api/chat/conversations",
            "method": "GET",
            "headers": {
                "accept": "*/*",
                "accept-encoding": "gzip, br",
                "accept-language": "es-ES,es;q=0.9,en;q=0.8",
                "authorization": "REDACTED",
                "cf-connecting-ip": "188.86.247.78",
                "cf-ipcountry": "ES",
                "cf-ray": "a11efa8f4b11c69e",
                "cf-visitor": "{\"scheme\":\"https\"}",
                "connection": "Keep-Alive",
                "host": "eye-staff.app",
                "priority": "u=1, i",
                "referer": "https://eye-staff.app/",
                "sec-ch-ua": "\"Google Chrome\";v=\"149\", \"Chromium\";v=\"149\", \"Not)A;Brand\";v=\"24\"",
                "sec-ch-ua-mobile": "?0",
                "sec-ch-ua-platform": "\"macOS\"",
                "sec-fetch-dest": "empty",
                "sec-fetch-mode": "cors",
                "sec-fetch-site": "same-origin",
                "user-agent": "Mozilla/5.0 (Macintosh; Intel Mac OS X 10_15_7) AppleWebKit/537.36 (KHTML, like Gecko) Chrome/149.0.0.0 Safari/537.36",
                "x-forwarded-proto": "https",
                "x-real-ip": "188.86.247.78"
            },
            "cf": {
                "httpProtocol": "HTTP/3",
                "clientAcceptEncoding": "gzip, deflate, br",
                "requestPriority": "",
                "edgeRequestKeepAliveStatus": 1,
                "requestHeaderNames": {},
                "clientTcpRtt": 0,
                "clientQuicRtt": 43,
                "colo": "MAD",
                "asn": 12430,
                "asOrganization": "VODAFONE ESPANA, S.A.U",
                "country": "ES",
                "isEUCountry": "1",
                "city": "Madrid",
                "continent": "EU",
                "region": "Madrid",
                "regionCode": "MD",
                "timezone": "Europe/Madrid",
                "longitude": "-3.70256",
                "latitude": "40.4165",
                "postalCode": "28004",
                "tlsVersion": "TLSv1.3",
                "tlsCipher": "AEAD-AES128-GCM-SHA256",
                "tlsClientRandom": "MTR/VrdDTsWwLk6+a6medcGuTgM46+l+PN7QJbUzssY=",
                "tlsClientCiphersSha1": "3HTt3+R/6BL3zeALJDSq0pR1yOQ=",
                "tlsClientExtensionsSha1": "93pnLPs+ozaBzpwu7mDnjA2PRo4=",
                "tlsClientExtensionsSha1Le": "X7qkEoKDVK/pSQ7uCMMewQmugQQ=",
                "tlsClientHelloLength": "1740",
                "tlsClientAuth": {
                    "certPresented": "0",
                    "certVerified": "NONE",
                    "certRevoked": "0",
                    "certIssuerDN": "",
                    "certSubjectDN": "",
                    "certIssuerDNRFC2253": "",
                    "certSubjectDNRFC2253": "",
                    "certIssuerDNLegacy": "",
                    "certSubjectDNLegacy": "",
                    "certSerial": "",
                    "certIssuerSerial": "",
                    "certSKI": "",
                    "certIssuerSKI": "",
                    "certFingerprintSHA1": "",
                    "certFingerprintSHA256": "",
                    "certNotBefore": "",
                    "certNotAfter": "",
                    "certRFC9440": "",
                    "certRFC9440TooLarge": false,
                    "certChainRFC9440": "",
                    "certChainRFC9440TooLarge": false
                },
                "verifiedBotCategory": "",
                "edgeL4": {
                    "deliveryRate": 10983653
                }
            }
        },
        "response": {
            "status": 200
        }
    }
}
{
    "wallTime": 86,
    "cpuTime": 1,
    "truncated": false,
    "executionModel": "stateless",
    "outcome": "ok",
    "scriptTags": [
        "cf:service=grupo-eye-staff"
    ],
    "scriptVersion": {
        "id": "f02b4c45-05aa-4949-932b-6c920d5311c0"
    },
    "scriptName": "grupo-eye-staff",
    "diagnosticsChannelEvents": [],
    "exceptions": [],
    "logs": [],
    "eventTimestamp": 1782505929887,
    "event": {
        "request": {
            "url": "https://eye-staff.app/api/staff/live-locations?t=1782505929783",
            "method": "GET",
            "headers": {
                "accept": "*/*",
                "accept-encoding": "gzip, br",
                "accept-language": "es-ES,es;q=0.9,en;q=0.8",
                "authorization": "REDACTED",
                "cache-control": "no-cache",
                "cf-connecting-ip": "188.86.247.78",
                "cf-ipcountry": "ES",
                "cf-ray": "a11efacdcf18c69e",
                "cf-visitor": "{\"scheme\":\"https\"}",
                "connection": "Keep-Alive",
                "content-type": "application/json",
                "host": "eye-staff.app",
                "pragma": "no-cache",
                "priority": "u=1, i",
                "referer": "https://eye-staff.app/",
                "sec-ch-ua": "\"Google Chrome\";v=\"149\", \"Chromium\";v=\"149\", \"Not)A;Brand\";v=\"24\"",
                "sec-ch-ua-mobile": "?0",
                "sec-ch-ua-platform": "\"macOS\"",
                "sec-fetch-dest": "empty",
                "sec-fetch-mode": "cors",
                "sec-fetch-site": "same-origin",
                "user-agent": "Mozilla/5.0 (Macintosh; Intel Mac OS X 10_15_7) AppleWebKit/537.36 (KHTML, like Gecko) Chrome/149.0.0.0 Safari/537.36",
                "x-forwarded-proto": "https",
                "x-real-ip": "188.86.247.78",
                "x-web-session-id": "1778900541741"
            },
            "cf": {
                "httpProtocol": "HTTP/3",
                "clientAcceptEncoding": "gzip, deflate, br",
                "requestPriority": "",
                "edgeRequestKeepAliveStatus": 1,
                "requestHeaderNames": {},
                "clientTcpRtt": 0,
                "clientQuicRtt": 45,
                "colo": "MAD",
                "asn": 12430,
                "asOrganization": "VODAFONE ESPANA, S.A.U",
                "country": "ES",
                "isEUCountry": "1",
                "city": "Madrid",
                "continent": "EU",
                "region": "Madrid",
                "regionCode": "MD",
                "timezone": "Europe/Madrid",
                "longitude": "-3.70256",
                "latitude": "40.4165",
                "postalCode": "28004",
                "tlsVersion": "TLSv1.3",
                "tlsCipher": "AEAD-AES128-GCM-SHA256",
                "tlsClientRandom": "MTR/VrdDTsWwLk6+a6medcGuTgM46+l+PN7QJbUzssY=",
                "tlsClientCiphersSha1": "3HTt3+R/6BL3zeALJDSq0pR1yOQ=",
                "tlsClientExtensionsSha1": "93pnLPs+ozaBzpwu7mDnjA2PRo4=",
                "tlsClientExtensionsSha1Le": "X7qkEoKDVK/pSQ7uCMMewQmugQQ=",
                "tlsClientHelloLength": "1740",
                "tlsClientAuth": {
                    "certPresented": "0",
                    "certVerified": "NONE",
                    "certRevoked": "0",
                    "certIssuerDN": "",
                    "certSubjectDN": "",
                    "certIssuerDNRFC2253": "",
                    "certSubjectDNRFC2253": "",
                    "certIssuerDNLegacy": "",
                    "certSubjectDNLegacy": "",
                    "certSerial": "",
                    "certIssuerSerial": "",
                    "certSKI": "",
                    "certIssuerSKI": "",
                    "certFingerprintSHA1": "",
                    "certFingerprintSHA256": "",
                    "certNotBefore": "",
                    "certNotAfter": "",
                    "certRFC9440": "",
                    "certRFC9440TooLarge": false,
                    "certChainRFC9440": "",
                    "certChainRFC9440TooLarge": false
                },
                "verifiedBotCategory": "",
                "edgeL4": {
                    "deliveryRate": 10983653
                }
            }
        },
        "response": {
            "status": 200
        }
    }
}
{
    "wallTime": 1468,
    "cpuTime": 14,
    "truncated": false,
    "executionModel": "stateless",
    "outcome": "ok",
    "scriptTags": [
        "cf:service=grupo-eye-staff"
    ],
    "scriptVersion": {
        "id": "f02b4c45-05aa-4949-932b-6c920d5311c0"
    },
    "scriptName": "grupo-eye-staff",
    "diagnosticsChannelEvents": [],
    "exceptions": [],
    "logs": [],
    "eventTimestamp": 1782505929886,
    "event": {
        "request": {
            "url": "https://eye-staff.app/api/chat/conversations",
            "method": "GET",
            "headers": {
                "accept": "*/*",
                "accept-encoding": "gzip, br",
                "accept-language": "es-ES,es;q=0.9,en;q=0.8",
                "authorization": "REDACTED",
                "cf-connecting-ip": "188.86.247.78",
                "cf-ipcountry": "ES",
                "cf-ray": "a11efacdcf17c69e",
                "cf-visitor": "{\"scheme\":\"https\"}",
                "connection": "Keep-Alive",
                "host": "eye-staff.app",
                "priority": "u=1, i",
                "referer": "https://eye-staff.app/",
                "sec-ch-ua": "\"Google Chrome\";v=\"149\", \"Chromium\";v=\"149\", \"Not)A;Brand\";v=\"24\"",
                "sec-ch-ua-mobile": "?0",
                "sec-ch-ua-platform": "\"macOS\"",
                "sec-fetch-dest": "empty",
                "sec-fetch-mode": "cors",
                "sec-fetch-site": "same-origin",
                "user-agent": "Mozilla/5.0 (Macintosh; Intel Mac OS X 10_15_7) AppleWebKit/537.36 (KHTML, like Gecko) Chrome/149.0.0.0 Safari/537.36",
                "x-forwarded-proto": "https",
                "x-real-ip": "188.86.247.78"
            },
            "cf": {
                "httpProtocol": "HTTP/3",
                "clientAcceptEncoding": "gzip, deflate, br",
                "requestPriority": "",
                "edgeRequestKeepAliveStatus": 1,
                "requestHeaderNames": {},
                "clientTcpRtt": 0,
                "clientQuicRtt": 45,
                "colo": "MAD",
                "asn": 12430,
                "asOrganization": "VODAFONE ESPANA, S.A.U",
                "country": "ES",
                "isEUCountry": "1",
                "city": "Madrid",
                "continent": "EU",
                "region": "Madrid",
                "regionCode": "MD",
                "timezone": "Europe/Madrid",
                "longitude": "-3.70256",
                "latitude": "40.4165",
                "postalCode": "28004",
                "tlsVersion": "TLSv1.3",
                "tlsCipher": "AEAD-AES128-GCM-SHA256",
                "tlsClientRandom": "MTR/VrdDTsWwLk6+a6medcGuTgM46+l+PN7QJbUzssY=",
                "tlsClientCiphersSha1": "3HTt3+R/6BL3zeALJDSq0pR1yOQ=",
                "tlsClientExtensionsSha1": "93pnLPs+ozaBzpwu7mDnjA2PRo4=",
                "tlsClientExtensionsSha1Le": "X7qkEoKDVK/pSQ7uCMMewQmugQQ=",
                "tlsClientHelloLength": "1740",
                "tlsClientAuth": {
                    "certPresented": "0",
                    "certVerified": "NONE",
                    "certRevoked": "0",
                    "certIssuerDN": "",
                    "certSubjectDN": "",
                    "certIssuerDNRFC2253": "",
                    "certSubjectDNRFC2253": "",
                    "certIssuerDNLegacy": "",
                    "certSubjectDNLegacy": "",
                    "certSerial": "",
                    "certIssuerSerial": "",
                    "certSKI": "",
                    "certIssuerSKI": "",
                    "certFingerprintSHA1": "",
                    "certFingerprintSHA256": "",
                    "certNotBefore": "",
                    "certNotAfter": "",
                    "certRFC9440": "",
                    "certRFC9440TooLarge": false,
                    "certChainRFC9440": "",
                    "certChainRFC9440TooLarge": false
                },
                "verifiedBotCategory": "",
                "edgeL4": {
                    "deliveryRate": 10983653
                }
            }
        },
        "response": {
            "status": 200
        }
    }
}
{
    "wallTime": 207,
    "cpuTime": 1,
    "truncated": false,
    "executionModel": "stateless",
    "outcome": "ok",
    "scriptTags": [
        "cf:service=grupo-eye-staff"
    ],
    "scriptVersion": {
        "id": "f02b4c45-05aa-4949-932b-6c920d5311c0"
    },
    "scriptName": "grupo-eye-staff",
    "diagnosticsChannelEvents": [],
    "exceptions": [],
    "logs": [
        {
            "message": [
                "[CRON] Revisando notificaciones para 2026-06-26 16:32..."
            ],
            "level": "log",
            "timestamp": 1782505935014
        }
    ],
    "eventTimestamp": 1782505935014,
    "event": {
        "cron": "* * * * *",
        "scheduledTime": 1782505934000
    }
}
{
    "wallTime": 1517,
    "cpuTime": 16,
    "truncated": false,
    "executionModel": "stateless",
    "outcome": "ok",
    "scriptTags": [
        "cf:service=grupo-eye-staff"
    ],
    "scriptVersion": {
        "id": "f02b4c45-05aa-4949-932b-6c920d5311c0"
    },
    "scriptName": "grupo-eye-staff",
    "diagnosticsChannelEvents": [],
    "exceptions": [],
    "logs": [],
    "eventTimestamp": 1782505939884,
    "event": {
        "request": {
            "url": "https://eye-staff.app/api/chat/conversations",
            "method": "GET",
            "headers": {
                "accept": "*/*",
                "accept-encoding": "gzip, br",
                "accept-language": "es-ES,es;q=0.9,en;q=0.8",
                "authorization": "REDACTED",
                "cf-connecting-ip": "188.86.247.78",
                "cf-ipcountry": "ES",
                "cf-ray": "a11efb0c4a18c69e",
                "cf-visitor": "{\"scheme\":\"https\"}",
                "connection": "Keep-Alive",
                "host": "eye-staff.app",
                "priority": "u=1, i",
                "referer": "https://eye-staff.app/",
                "sec-ch-ua": "\"Google Chrome\";v=\"149\", \"Chromium\";v=\"149\", \"Not)A;Brand\";v=\"24\"",
                "sec-ch-ua-mobile": "?0",
                "sec-ch-ua-platform": "\"macOS\"",
                "sec-fetch-dest": "empty",
                "sec-fetch-mode": "cors",
                "sec-fetch-site": "same-origin",
                "user-agent": "Mozilla/5.0 (Macintosh; Intel Mac OS X 10_15_7) AppleWebKit/537.36 (KHTML, like Gecko) Chrome/149.0.0.0 Safari/537.36",
                "x-forwarded-proto": "https",
                "x-real-ip": "188.86.247.78"
            },
            "cf": {
                "httpProtocol": "HTTP/3",
                "clientAcceptEncoding": "gzip, deflate, br",
                "requestPriority": "",
                "edgeRequestKeepAliveStatus": 1,
                "requestHeaderNames": {},
                "clientTcpRtt": 0,
                "clientQuicRtt": 49,
                "colo": "MAD",
                "asn": 12430,
                "asOrganization": "VODAFONE ESPANA, S.A.U",
                "country": "ES",
                "isEUCountry": "1",
                "city": "Madrid",
                "continent": "EU",
                "region": "Madrid",
                "regionCode": "MD",
                "timezone": "Europe/Madrid",
                "longitude": "-3.70256",
                "latitude": "40.4165",
                "postalCode": "28004",
                "tlsVersion": "TLSv1.3",
                "tlsCipher": "AEAD-AES128-GCM-SHA256",
                "tlsClientRandom": "MTR/VrdDTsWwLk6+a6medcGuTgM46+l+PN7QJbUzssY=",
                "tlsClientCiphersSha1": "3HTt3+R/6BL3zeALJDSq0pR1yOQ=",
                "tlsClientExtensionsSha1": "93pnLPs+ozaBzpwu7mDnjA2PRo4=",
                "tlsClientExtensionsSha1Le": "X7qkEoKDVK/pSQ7uCMMewQmugQQ=",
                "tlsClientHelloLength": "1740",
                "tlsClientAuth": {
                    "certPresented": "0",
                    "certVerified": "NONE",
                    "certRevoked": "0",
                    "certIssuerDN": "",
                    "certSubjectDN": "",
                    "certIssuerDNRFC2253": "",
                    "certSubjectDNRFC2253": "",
                    "certIssuerDNLegacy": "",
                    "certSubjectDNLegacy": "",
                    "certSerial": "",
                    "certIssuerSerial": "",
                    "certSKI": "",
                    "certIssuerSKI": "",
                    "certFingerprintSHA1": "",
                    "certFingerprintSHA256": "",
                    "certNotBefore": "",
                    "certNotAfter": "",
                    "certRFC9440": "",
                    "certRFC9440TooLarge": false,
                    "certChainRFC9440": "",
                    "certChainRFC9440TooLarge": false
                },
                "verifiedBotCategory": "",
                "edgeL4": {
                    "deliveryRate": 10983653
                }
            }
        },
        "response": {
            "status": 200
        }
    }
}
{
    "wallTime": 91,
    "cpuTime": 1,
    "truncated": false,
    "executionModel": "stateless",
    "outcome": "ok",
    "scriptTags": [
        "cf:service=grupo-eye-staff"
    ],
    "scriptVersion": {
        "id": "f02b4c45-05aa-4949-932b-6c920d5311c0"
    },
    "scriptName": "grupo-eye-staff",
    "diagnosticsChannelEvents": [],
    "exceptions": [],
    "logs": [],
    "eventTimestamp": 1782505944889,
    "event": {
        "request": {
            "url": "https://eye-staff.app/api/staff/live-locations?t=1782505944784",
            "method": "GET",
            "headers": {
                "accept": "*/*",
                "accept-encoding": "gzip, br",
                "accept-language": "es-ES,es;q=0.9,en;q=0.8",
                "authorization": "REDACTED",
                "cache-control": "no-cache",
                "cf-connecting-ip": "188.86.247.78",
                "cf-ipcountry": "ES",
                "cf-ray": "a11efb2b8f4ec69e",
                "cf-visitor": "{\"scheme\":\"https\"}",
                "connection": "Keep-Alive",
                "content-type": "application/json",
                "host": "eye-staff.app",
                "pragma": "no-cache",
                "priority": "u=1, i",
                "referer": "https://eye-staff.app/",
                "sec-ch-ua": "\"Google Chrome\";v=\"149\", \"Chromium\";v=\"149\", \"Not)A;Brand\";v=\"24\"",
                "sec-ch-ua-mobile": "?0",
                "sec-ch-ua-platform": "\"macOS\"",
                "sec-fetch-dest": "empty",
                "sec-fetch-mode": "cors",
                "sec-fetch-site": "same-origin",
                "user-agent": "Mozilla/5.0 (Macintosh; Intel Mac OS X 10_15_7) AppleWebKit/537.36 (KHTML, like Gecko) Chrome/149.0.0.0 Safari/537.36",
                "x-forwarded-proto": "https",
                "x-real-ip": "188.86.247.78",
                "x-web-session-id": "1778900541741"
            },
            "cf": {
                "httpProtocol": "HTTP/3",
                "clientAcceptEncoding": "gzip, deflate, br",
                "requestPriority": "",
                "edgeRequestKeepAliveStatus": 1,
                "requestHeaderNames": {},
                "clientTcpRtt": 0,
                "clientQuicRtt": 54,
                "colo": "MAD",
                "asn": 12430,
                "asOrganization": "VODAFONE ESPANA, S.A.U",
                "country": "ES",
                "isEUCountry": "1",
                "city": "Madrid",
                "continent": "EU",
                "region": "Madrid",
                "regionCode": "MD",
                "timezone": "Europe/Madrid",
                "longitude": "-3.70256",
                "latitude": "40.4165",
                "postalCode": "28004",
                "tlsVersion": "TLSv1.3",
                "tlsCipher": "AEAD-AES128-GCM-SHA256",
                "tlsClientRandom": "MTR/VrdDTsWwLk6+a6medcGuTgM46+l+PN7QJbUzssY=",
                "tlsClientCiphersSha1": "3HTt3+R/6BL3zeALJDSq0pR1yOQ=",
                "tlsClientExtensionsSha1": "93pnLPs+ozaBzpwu7mDnjA2PRo4=",
                "tlsClientExtensionsSha1Le": "X7qkEoKDVK/pSQ7uCMMewQmugQQ=",
                "tlsClientHelloLength": "1740",
                "tlsClientAuth": {
                    "certPresented": "0",
                    "certVerified": "NONE",
                    "certRevoked": "0",
                    "certIssuerDN": "",
                    "certSubjectDN": "",
                    "certIssuerDNRFC2253": "",
                    "certSubjectDNRFC2253": "",
                    "certIssuerDNLegacy": "",
                    "certSubjectDNLegacy": "",
                    "certSerial": "",
                    "certIssuerSerial": "",
                    "certSKI": "",
                    "certIssuerSKI": "",
                    "certFingerprintSHA1": "",
                    "certFingerprintSHA256": "",
                    "certNotBefore": "",
                    "certNotAfter": "",
                    "certRFC9440": "",
                    "certRFC9440TooLarge": false,
                    "certChainRFC9440": "",
                    "certChainRFC9440TooLarge": false
                },
                "verifiedBotCategory": "",
                "edgeL4": {
                    "deliveryRate": 10983653
                }
            }
        },
        "response": {
            "status": 200
        }
    }
}
{
    "wallTime": 1470,
    "cpuTime": 16,
    "truncated": false,
    "executionModel": "stateless",
    "outcome": "ok",
    "scriptTags": [
        "cf:service=grupo-eye-staff"
    ],
    "scriptVersion": {
        "id": "f02b4c45-05aa-4949-932b-6c920d5311c0"
    },
    "scriptName": "grupo-eye-staff",
    "diagnosticsChannelEvents": [],
    "exceptions": [],
    "logs": [],
    "eventTimestamp": 1782505949884,
    "event": {
        "request": {
            "url": "https://eye-staff.app/api/chat/conversations",
            "method": "GET",
            "headers": {
                "accept": "*/*",
                "accept-encoding": "gzip, br",
                "accept-language": "es-ES,es;q=0.9,en;q=0.8",
                "authorization": "REDACTED",
                "cf-connecting-ip": "188.86.247.78",
                "cf-ipcountry": "ES",
                "cf-ray": "a11efb4acc4dc69e",
                "cf-visitor": "{\"scheme\":\"https\"}",
                "connection": "Keep-Alive",
                "host": "eye-staff.app",
                "priority": "u=1, i",
                "referer": "https://eye-staff.app/",
                "sec-ch-ua": "\"Google Chrome\";v=\"149\", \"Chromium\";v=\"149\", \"Not)A;Brand\";v=\"24\"",
                "sec-ch-ua-mobile": "?0",
                "sec-ch-ua-platform": "\"macOS\"",
                "sec-fetch-dest": "empty",
                "sec-fetch-mode": "cors",
                "sec-fetch-site": "same-origin",
                "user-agent": "Mozilla/5.0 (Macintosh; Intel Mac OS X 10_15_7) AppleWebKit/537.36 (KHTML, like Gecko) Chrome/149.0.0.0 Safari/537.36",
                "x-forwarded-proto": "https",
                "x-real-ip": "188.86.247.78"
            },
            "cf": {
                "httpProtocol": "HTTP/3",
                "clientAcceptEncoding": "gzip, deflate, br",
                "requestPriority": "",
                "edgeRequestKeepAliveStatus": 1,
                "requestHeaderNames": {},
                "clientTcpRtt": 0,
                "clientQuicRtt": 45,
                "colo": "MAD",
                "asn": 12430,
                "asOrganization": "VODAFONE ESPANA, S.A.U",
                "country": "ES",
                "isEUCountry": "1",
                "city": "Madrid",
                "continent": "EU",
                "region": "Madrid",
                "regionCode": "MD",
                "timezone": "Europe/Madrid",
                "longitude": "-3.70256",
                "latitude": "40.4165",
                "postalCode": "28004",
                "tlsVersion": "TLSv1.3",
                "tlsCipher": "AEAD-AES128-GCM-SHA256",
                "tlsClientRandom": "MTR/VrdDTsWwLk6+a6medcGuTgM46+l+PN7QJbUzssY=",
                "tlsClientCiphersSha1": "3HTt3+R/6BL3zeALJDSq0pR1yOQ=",
                "tlsClientExtensionsSha1": "93pnLPs+ozaBzpwu7mDnjA2PRo4=",
                "tlsClientExtensionsSha1Le": "X7qkEoKDVK/pSQ7uCMMewQmugQQ=",
                "tlsClientHelloLength": "1740",
                "tlsClientAuth": {
                    "certPresented": "0",
                    "certVerified": "NONE",
                    "certRevoked": "0",
                    "certIssuerDN": "",
                    "certSubjectDN": "",
                    "certIssuerDNRFC2253": "",
                    "certSubjectDNRFC2253": "",
                    "certIssuerDNLegacy": "",
                    "certSubjectDNLegacy": "",
                    "certSerial": "",
                    "certIssuerSerial": "",
                    "certSKI": "",
                    "certIssuerSKI": "",
                    "certFingerprintSHA1": "",
                    "certFingerprintSHA256": "",
                    "certNotBefore": "",
                    "certNotAfter": "",
                    "certRFC9440": "",
                    "certRFC9440TooLarge": false,
                    "certChainRFC9440": "",
                    "certChainRFC9440TooLarge": false
                },
                "verifiedBotCategory": "",
                "edgeL4": {
                    "deliveryRate": 10983653
                }
            }
        },
        "response": {
            "status": 200
        }
    }
}
{
    "wallTime": 51,
    "cpuTime": 10,
    "truncated": false,
    "executionModel": "stateless",
    "outcome": "ok",
    "scriptTags": [
        "cf:service=grupo-eye-staff"
    ],
    "scriptVersion": {
        "id": "f02b4c45-05aa-4949-932b-6c920d5311c0"
    },
    "scriptName": "grupo-eye-staff",
    "diagnosticsChannelEvents": [],
    "exceptions": [],
    "logs": [
        {
            "message": [
                "Error global en test-request:",
                "ReferenceError: today is not defined"
            ],
            "level": "error",
            "timestamp": 1782505953058
        }
    ],
    "eventTimestamp": 1782505953019,
    "event": {
        "request": {
            "url": "https://eye-staff.app/api/reports/test-request",
            "method": "POST",
            "headers": {
                "accept": "*/*",
                "accept-encoding": "gzip, br",
                "cf-connecting-ip": "188.86.247.78",
                "cf-ipcountry": "ES",
                "cf-ray": "a11efb5e49757b07",
                "cf-visitor": "{\"scheme\":\"https\"}",
                "connection": "Keep-Alive",
                "content-length": "53",
                "content-type": "application/json",
                "host": "eye-staff.app",
                "user-agent": "curl/8.7.1",
                "x-forwarded-proto": "https",
                "x-real-ip": "188.86.247.78"
            },
            "cf": {
                "httpProtocol": "HTTP/2",
                "requestPriority": "weight=16;exclusive=0;group=0;group-weight=0",
                "edgeRequestKeepAliveStatus": 1,
                "requestHeaderNames": {},
                "clientTcpRtt": 6,
                "clientQuicRtt": 0,
                "colo": "MAD",
                "asn": 12430,
                "asOrganization": "VODAFONE ESPANA, S.A.U",
                "country": "ES",
                "isEUCountry": "1",
                "city": "Madrid",
                "continent": "EU",
                "region": "Madrid",
                "regionCode": "MD",
                "timezone": "Europe/Madrid",
                "longitude": "-3.70256",
                "latitude": "40.4165",
                "postalCode": "28004",
                "tlsVersion": "TLSv1.3",
                "tlsCipher": "AEAD-CHACHA20-POLY1305-SHA256",
                "tlsClientRandom": "cec7au+YeEGEHoDG0rXqkNNJ/Td6h7BTe3f6F8hvc3k=",
                "tlsClientCiphersSha1": "eDGmD1H99AwNYzOR+7eoGLo6eLU=",
                "tlsClientExtensionsSha1": "Ub+nUmIm1U57hdNSUph0R+kx9Gc=",
                "tlsClientExtensionsSha1Le": "NMNf2YIpLBhtroOEBooGFi+jtJ8=",
                "tlsExportedAuthenticator": {
                    "clientHandshake": "bbb1f0d1b63f28980ea3d35261ed2d59475b188cba496686489854ffe7560b5c",
                    "serverHandshake": "3bcabbdee98ca8942944ecdc5f225be005f06f0a40d9763042a7d1f07db4a416",
                    "clientFinished": "1a22224c4d811b130c70a2f056fe7a4fcb6813a6322098e130f383d9c8641484",
                    "serverFinished": "047d20d5c1f219d1b38b3149fe4ff8e056f2bb26330ead33fd618ac33cd82cab"
                },
                "tlsClientHelloLength": "314",
                "tlsClientAuth": {
                    "certPresented": "0",
                    "certVerified": "NONE",
                    "certRevoked": "0",
                    "certIssuerDN": "",
                    "certSubjectDN": "",
                    "certIssuerDNRFC2253": "",
                    "certSubjectDNRFC2253": "",
                    "certIssuerDNLegacy": "",
                    "certSubjectDNLegacy": "",
                    "certSerial": "",
                    "certIssuerSerial": "",
                    "certSKI": "",
                    "certIssuerSKI": "",
                    "certFingerprintSHA1": "",
                    "certFingerprintSHA256": "",
                    "certNotBefore": "",
                    "certNotAfter": "",
                    "certRFC9440": "",
                    "certRFC9440TooLarge": false,
                    "certChainRFC9440": "",
                    "certChainRFC9440TooLarge": false
                },
                "verifiedBotCategory": "",
                "edgeL4": {
                    "deliveryRate": 428571
                }
            }
        },
        "response": {
            "status": 500
        }
    }
}
{
    "wallTime": 85,
    "cpuTime": 1,
    "truncated": false,
    "executionModel": "stateless",
    "outcome": "ok",
    "scriptTags": [
        "cf:service=grupo-eye-staff"
    ],
    "scriptVersion": {
        "id": "f02b4c45-05aa-4949-932b-6c920d5311c0"
    },
    "scriptName": "grupo-eye-staff",
    "diagnosticsChannelEvents": [],
    "exceptions": [],
    "logs": [],
    "eventTimestamp": 1782505959887,
    "event": {
        "request": {
            "url": "https://eye-staff.app/api/staff/live-locations?t=1782505959782",
            "method": "GET",
            "headers": {
                "accept": "*/*",
                "accept-encoding": "gzip, br",
                "accept-language": "es-ES,es;q=0.9,en;q=0.8",
                "authorization": "REDACTED",
                "cache-control": "no-cache",
                "cf-connecting-ip": "188.86.247.78",
                "cf-ipcountry": "ES",
                "cf-ray": "a11efb894d60c69e",
                "cf-visitor": "{\"scheme\":\"https\"}",
                "connection": "Keep-Alive",
                "content-type": "application/json",
                "host": "eye-staff.app",
                "pragma": "no-cache",
                "priority": "u=1, i",
                "referer": "https://eye-staff.app/",
                "sec-ch-ua": "\"Google Chrome\";v=\"149\", \"Chromium\";v=\"149\", \"Not)A;Brand\";v=\"24\"",
                "sec-ch-ua-mobile": "?0",
                "sec-ch-ua-platform": "\"macOS\"",
                "sec-fetch-dest": "empty",
                "sec-fetch-mode": "cors",
                "sec-fetch-site": "same-origin",
                "user-agent": "Mozilla/5.0 (Macintosh; Intel Mac OS X 10_15_7) AppleWebKit/537.36 (KHTML, like Gecko) Chrome/149.0.0.0 Safari/537.36",
                "x-forwarded-proto": "https",
                "x-real-ip": "188.86.247.78",
                "x-web-session-id": "1778900541741"
            },
            "cf": {
                "httpProtocol": "HTTP/3",
                "clientAcceptEncoding": "gzip, deflate, br",
                "requestPriority": "",
                "edgeRequestKeepAliveStatus": 1,
                "requestHeaderNames": {},
                "clientTcpRtt": 0,
                "clientQuicRtt": 48,
                "colo": "MAD",
                "asn": 12430,
                "asOrganization": "VODAFONE ESPANA, S.A.U",
                "country": "ES",
                "isEUCountry": "1",
                "city": "Madrid",
                "continent": "EU",
                "region": "Madrid",
                "regionCode": "MD",
                "timezone": "Europe/Madrid",
                "longitude": "-3.70256",
                "latitude": "40.4165",
                "postalCode": "28004",
                "tlsVersion": "TLSv1.3",
                "tlsCipher": "AEAD-AES128-GCM-SHA256",
                "tlsClientRandom": "MTR/VrdDTsWwLk6+a6medcGuTgM46+l+PN7QJbUzssY=",
                "tlsClientCiphersSha1": "3HTt3+R/6BL3zeALJDSq0pR1yOQ=",
                "tlsClientExtensionsSha1": "93pnLPs+ozaBzpwu7mDnjA2PRo4=",
                "tlsClientExtensionsSha1Le": "X7qkEoKDVK/pSQ7uCMMewQmugQQ=",
                "tlsClientHelloLength": "1740",
                "tlsClientAuth": {
                    "certPresented": "0",
                    "certVerified": "NONE",
                    "certRevoked": "0",
                    "certIssuerDN": "",
                    "certSubjectDN": "",
                    "certIssuerDNRFC2253": "",
                    "certSubjectDNRFC2253": "",
                    "certIssuerDNLegacy": "",
                    "certSubjectDNLegacy": "",
                    "certSerial": "",
                    "certIssuerSerial": "",
                    "certSKI": "",
                    "certIssuerSKI": "",
                    "certFingerprintSHA1": "",
                    "certFingerprintSHA256": "",
                    "certNotBefore": "",
                    "certNotAfter": "",
                    "certRFC9440": "",
                    "certRFC9440TooLarge": false,
                    "certChainRFC9440": "",
                    "certChainRFC9440TooLarge": false
                },
                "verifiedBotCategory": "",
                "edgeL4": {
                    "deliveryRate": 10983653
                }
            }
        },
        "response": {
            "status": 200
        }
    }
}
{
    "wallTime": 396,
    "cpuTime": 5,
    "truncated": false,
    "executionModel": "stateless",
    "outcome": "ok",
    "scriptTags": [
        "cf:service=grupo-eye-staff"
    ],
    "scriptVersion": {
        "id": "f02b4c45-05aa-4949-932b-6c920d5311c0"
    },
    "scriptName": "grupo-eye-staff",
    "diagnosticsChannelEvents": [],
    "exceptions": [],
    "logs": [],
    "eventTimestamp": 1782505959887,
    "event": {
        "request": {
            "url": "https://eye-staff.app/api/sessions/active?t=1782505959783",
            "method": "GET",
            "headers": {
                "accept": "*/*",
                "accept-encoding": "gzip, br",
                "accept-language": "es-ES,es;q=0.9,en;q=0.8",
                "authorization": "REDACTED",
                "cache-control": "no-cache",
                "cf-connecting-ip": "188.86.247.78",
                "cf-ipcountry": "ES",
                "cf-ray": "a11efb894d61c69e",
                "cf-visitor": "{\"scheme\":\"https\"}",
                "connection": "Keep-Alive",
                "content-type": "application/json",
                "host": "eye-staff.app",
                "pragma": "no-cache",
                "priority": "u=1, i",
                "referer": "https://eye-staff.app/",
                "sec-ch-ua": "\"Google Chrome\";v=\"149\", \"Chromium\";v=\"149\", \"Not)A;Brand\";v=\"24\"",
                "sec-ch-ua-mobile": "?0",
                "sec-ch-ua-platform": "\"macOS\"",
                "sec-fetch-dest": "empty",
                "sec-fetch-mode": "cors",
                "sec-fetch-site": "same-origin",
                "user-agent": "Mozilla/5.0 (Macintosh; Intel Mac OS X 10_15_7) AppleWebKit/537.36 (KHTML, like Gecko) Chrome/149.0.0.0 Safari/537.36",
                "x-forwarded-proto": "https",
                "x-real-ip": "188.86.247.78",
                "x-web-session-id": "1778900541741"
            },
            "cf": {
                "httpProtocol": "HTTP/3",
                "clientAcceptEncoding": "gzip, deflate, br",
                "requestPriority": "",
                "edgeRequestKeepAliveStatus": 1,
                "requestHeaderNames": {},
                "clientTcpRtt": 0,
                "clientQuicRtt": 48,
                "colo": "MAD",
                "asn": 12430,
                "asOrganization": "VODAFONE ESPANA, S.A.U",
                "country": "ES",
                "isEUCountry": "1",
                "city": "Madrid",
                "continent": "EU",
                "region": "Madrid",
                "regionCode": "MD",
                "timezone": "Europe/Madrid",
                "longitude": "-3.70256",
                "latitude": "40.4165",
                "postalCode": "28004",
                "tlsVersion": "TLSv1.3",
                "tlsCipher": "AEAD-AES128-GCM-SHA256",
                "tlsClientRandom": "MTR/VrdDTsWwLk6+a6medcGuTgM46+l+PN7QJbUzssY=",
                "tlsClientCiphersSha1": "3HTt3+R/6BL3zeALJDSq0pR1yOQ=",
                "tlsClientExtensionsSha1": "93pnLPs+ozaBzpwu7mDnjA2PRo4=",
                "tlsClientExtensionsSha1Le": "X7qkEoKDVK/pSQ7uCMMewQmugQQ=",
                "tlsClientHelloLength": "1740",
                "tlsClientAuth": {
                    "certPresented": "0",
                    "certVerified": "NONE",
                    "certRevoked": "0",
                    "certIssuerDN": "",
                    "certSubjectDN": "",
                    "certIssuerDNRFC2253": "",
                    "certSubjectDNRFC2253": "",
                    "certIssuerDNLegacy": "",
                    "certSubjectDNLegacy": "",
                    "certSerial": "",
                    "certIssuerSerial": "",
                    "certSKI": "",
                    "certIssuerSKI": "",
                    "certFingerprintSHA1": "",
                    "certFingerprintSHA256": "",
                    "certNotBefore": "",
                    "certNotAfter": "",
                    "certRFC9440": "",
                    "certRFC9440TooLarge": false,
                    "certChainRFC9440": "",
                    "certChainRFC9440TooLarge": false
                },
                "verifiedBotCategory": "",
                "edgeL4": {
                    "deliveryRate": 10983653
                }
            }
        },
        "response": {
            "status": 200
        }
    }
}
{
    "wallTime": 954,
    "cpuTime": 9,
    "truncated": false,
    "executionModel": "stateless",
    "outcome": "ok",
    "scriptTags": [
        "cf:service=grupo-eye-staff"
    ],
    "scriptVersion": {
        "id": "f02b4c45-05aa-4949-932b-6c920d5311c0"
    },
    "scriptName": "grupo-eye-staff",
    "diagnosticsChannelEvents": [],
    "exceptions": [],
    "logs": [],
    "eventTimestamp": 1782505960298,
    "event": {
        "request": {
            "url": "https://eye-staff.app/api/sessions/concluded?t=1782505960198",
            "method": "GET",
            "headers": {
                "accept": "*/*",
                "accept-encoding": "gzip, br",
                "accept-language": "es-ES,es;q=0.9,en;q=0.8",
                "authorization": "REDACTED",
                "cache-control": "no-cache",
                "cf-connecting-ip": "188.86.247.78",
                "cf-ipcountry": "ES",
                "cf-ray": "a11efb8bdda7c69e",
                "cf-visitor": "{\"scheme\":\"https\"}",
                "connection": "Keep-Alive",
                "content-type": "application/json",
                "host": "eye-staff.app",
                "pragma": "no-cache",
                "priority": "u=1, i",
                "referer": "https://eye-staff.app/",
                "sec-ch-ua": "\"Google Chrome\";v=\"149\", \"Chromium\";v=\"149\", \"Not)A;Brand\";v=\"24\"",
                "sec-ch-ua-mobile": "?0",
                "sec-ch-ua-platform": "\"macOS\"",
                "sec-fetch-dest": "empty",
                "sec-fetch-mode": "cors",
                "sec-fetch-site": "same-origin",
                "user-agent": "Mozilla/5.0 (Macintosh; Intel Mac OS X 10_15_7) AppleWebKit/537.36 (KHTML, like Gecko) Chrome/149.0.0.0 Safari/537.36",
                "x-forwarded-proto": "https",
                "x-real-ip": "188.86.247.78",
                "x-web-session-id": "1778900541741"
            },
            "cf": {
                "httpProtocol": "HTTP/3",
                "clientAcceptEncoding": "gzip, deflate, br",
                "requestPriority": "",
                "edgeRequestKeepAliveStatus": 1,
                "requestHeaderNames": {},
                "clientTcpRtt": 0,
                "clientQuicRtt": 39,
                "colo": "MAD",
                "asn": 12430,
                "asOrganization": "VODAFONE ESPANA, S.A.U",
                "country": "ES",
                "isEUCountry": "1",
                "city": "Madrid",
                "continent": "EU",
                "region": "Madrid",
                "regionCode": "MD",
                "timezone": "Europe/Madrid",
                "longitude": "-3.70256",
                "latitude": "40.4165",
                "postalCode": "28004",
                "tlsVersion": "TLSv1.3",
                "tlsCipher": "AEAD-AES128-GCM-SHA256",
                "tlsClientRandom": "MTR/VrdDTsWwLk6+a6medcGuTgM46+l+PN7QJbUzssY=",
                "tlsClientCiphersSha1": "3HTt3+R/6BL3zeALJDSq0pR1yOQ=",
                "tlsClientExtensionsSha1": "93pnLPs+ozaBzpwu7mDnjA2PRo4=",
                "tlsClientExtensionsSha1Le": "X7qkEoKDVK/pSQ7uCMMewQmugQQ=",
                "tlsClientHelloLength": "1740",
                "tlsClientAuth": {
                    "certPresented": "0",
                    "certVerified": "NONE",
                    "certRevoked": "0",
                    "certIssuerDN": "",
                    "certSubjectDN": "",
                    "certIssuerDNRFC2253": "",
                    "certSubjectDNRFC2253": "",
                    "certIssuerDNLegacy": "",
                    "certSubjectDNLegacy": "",
                    "certSerial": "",
                    "certIssuerSerial": "",
                    "certSKI": "",
                    "certIssuerSKI": "",
                    "certFingerprintSHA1": "",
                    "certFingerprintSHA256": "",
                    "certNotBefore": "",
                    "certNotAfter": "",
                    "certRFC9440": "",
                    "certRFC9440TooLarge": false,
                    "certChainRFC9440": "",
                    "certChainRFC9440TooLarge": false
                },
                "verifiedBotCategory": "",
                "edgeL4": {
                    "deliveryRate": 10983653
                }
            }
        },
        "response": {
            "status": 200
        }
    }
}
{
    "wallTime": 1431,
    "cpuTime": 14,
    "truncated": false,
    "executionModel": "stateless",
    "outcome": "ok",
    "scriptTags": [
        "cf:service=grupo-eye-staff"
    ],
    "scriptVersion": {
        "id": "f02b4c45-05aa-4949-932b-6c920d5311c0"
    },
    "scriptName": "grupo-eye-staff",
    "diagnosticsChannelEvents": [],
    "exceptions": [],
    "logs": [],
    "eventTimestamp": 1782505959886,
    "event": {
        "request": {
            "url": "https://eye-staff.app/api/chat/conversations",
            "method": "GET",
            "headers": {
                "accept": "*/*",
                "accept-encoding": "gzip, br",
                "accept-language": "es-ES,es;q=0.9,en;q=0.8",
                "authorization": "REDACTED",
                "cf-connecting-ip": "188.86.247.78",
                "cf-ipcountry": "ES",
                "cf-ray": "a11efb894d5fc69e",
                "cf-visitor": "{\"scheme\":\"https\"}",
                "connection": "Keep-Alive",
                "host": "eye-staff.app",
                "priority": "u=1, i",
                "referer": "https://eye-staff.app/",
                "sec-ch-ua": "\"Google Chrome\";v=\"149\", \"Chromium\";v=\"149\", \"Not)A;Brand\";v=\"24\"",
                "sec-ch-ua-mobile": "?0",
                "sec-ch-ua-platform": "\"macOS\"",
                "sec-fetch-dest": "empty",
                "sec-fetch-mode": "cors",
                "sec-fetch-site": "same-origin",
                "user-agent": "Mozilla/5.0 (Macintosh; Intel Mac OS X 10_15_7) AppleWebKit/537.36 (KHTML, like Gecko) Chrome/149.0.0.0 Safari/537.36",
                "x-forwarded-proto": "https",
                "x-real-ip": "188.86.247.78"
            },
            "cf": {
                "httpProtocol": "HTTP/3",
                "clientAcceptEncoding": "gzip, deflate, br",
                "requestPriority": "",
                "edgeRequestKeepAliveStatus": 1,
                "requestHeaderNames": {},
                "clientTcpRtt": 0,
                "clientQuicRtt": 48,
                "colo": "MAD",
                "asn": 12430,
                "asOrganization": "VODAFONE ESPANA, S.A.U",
                "country": "ES",
                "isEUCountry": "1",
                "city": "Madrid",
                "continent": "EU",
                "region": "Madrid",
                "regionCode": "MD",
                "timezone": "Europe/Madrid",
                "longitude": "-3.70256",
                "latitude": "40.4165",
                "postalCode": "28004",
                "tlsVersion": "TLSv1.3",
                "tlsCipher": "AEAD-AES128-GCM-SHA256",
                "tlsClientRandom": "MTR/VrdDTsWwLk6+a6medcGuTgM46+l+PN7QJbUzssY=",
                "tlsClientCiphersSha1": "3HTt3+R/6BL3zeALJDSq0pR1yOQ=",
                "tlsClientExtensionsSha1": "93pnLPs+ozaBzpwu7mDnjA2PRo4=",
                "tlsClientExtensionsSha1Le": "X7qkEoKDVK/pSQ7uCMMewQmugQQ=",
                "tlsClientHelloLength": "1740",
                "tlsClientAuth": {
                    "certPresented": "0",
                    "certVerified": "NONE",
                    "certRevoked": "0",
                    "certIssuerDN": "",
                    "certSubjectDN": "",
                    "certIssuerDNRFC2253": "",
                    "certSubjectDNRFC2253": "",
                    "certIssuerDNLegacy": "",
                    "certSubjectDNLegacy": "",
                    "certSerial": "",
                    "certIssuerSerial": "",
                    "certSKI": "",
                    "certIssuerSKI": "",
                    "certFingerprintSHA1": "",
                    "certFingerprintSHA256": "",
                    "certNotBefore": "",
                    "certNotAfter": "",
                    "certRFC9440": "",
                    "certRFC9440TooLarge": false,
                    "certChainRFC9440": "",
                    "certChainRFC9440TooLarge": false
                },
                "verifiedBotCategory": "",
                "edgeL4": {
                    "deliveryRate": 10983653
                }
            }
        },
        "response": {
            "status": 200
        }
    }
}
{
    "wallTime": 39,
    "cpuTime": 0,
    "truncated": false,
    "executionModel": "stateless",
    "outcome": "ok",
    "scriptTags": [
        "cf:service=grupo-eye-staff"
    ],
    "scriptVersion": {
        "id": "f02b4c45-05aa-4949-932b-6c920d5311c0"
    },
    "scriptName": "grupo-eye-staff",
    "diagnosticsChannelEvents": [],
    "exceptions": [],
    "logs": [],
    "eventTimestamp": 1782505961367,
    "event": {
        "request": {
            "url": "https://eye-staff.app/api/presupuestos?t=1782505961267",
            "method": "GET",
            "headers": {
                "accept": "*/*",
                "accept-encoding": "gzip, br",
                "accept-language": "es-ES,es;q=0.9,en;q=0.8",
                "authorization": "REDACTED",
                "cache-control": "no-cache",
                "cf-connecting-ip": "188.86.247.78",
                "cf-ipcountry": "ES",
                "cf-ray": "a11efb928ea4c69e",
                "cf-visitor": "{\"scheme\":\"https\"}",
                "connection": "Keep-Alive",
                "content-type": "application/json",
                "host": "eye-staff.app",
                "pragma": "no-cache",
                "priority": "u=1, i",
                "referer": "https://eye-staff.app/",
                "sec-ch-ua": "\"Google Chrome\";v=\"149\", \"Chromium\";v=\"149\", \"Not)A;Brand\";v=\"24\"",
                "sec-ch-ua-mobile": "?0",
                "sec-ch-ua-platform": "\"macOS\"",
                "sec-fetch-dest": "empty",
                "sec-fetch-mode": "cors",
                "sec-fetch-site": "same-origin",
                "user-agent": "Mozilla/5.0 (Macintosh; Intel Mac OS X 10_15_7) AppleWebKit/537.36 (KHTML, like Gecko) Chrome/149.0.0.0 Safari/537.36",
                "x-forwarded-proto": "https",
                "x-real-ip": "188.86.247.78",
                "x-web-session-id": "1778900541741"
            },
            "cf": {
                "httpProtocol": "HTTP/3",
                "clientAcceptEncoding": "gzip, deflate, br",
                "requestPriority": "",
                "edgeRequestKeepAliveStatus": 1,
                "requestHeaderNames": {},
                "clientTcpRtt": 0,
                "clientQuicRtt": 40,
                "colo": "MAD",
                "asn": 12430,
                "asOrganization": "VODAFONE ESPANA, S.A.U",
                "country": "ES",
                "isEUCountry": "1",
                "city": "Madrid",
                "continent": "EU",
                "region": "Madrid",
                "regionCode": "MD",
                "timezone": "Europe/Madrid",
                "longitude": "-3.70256",
                "latitude": "40.4165",
                "postalCode": "28004",
                "tlsVersion": "TLSv1.3",
                "tlsCipher": "AEAD-AES128-GCM-SHA256",
                "tlsClientRandom": "MTR/VrdDTsWwLk6+a6medcGuTgM46+l+PN7QJbUzssY=",
                "tlsClientCiphersSha1": "3HTt3+R/6BL3zeALJDSq0pR1yOQ=",
                "tlsClientExtensionsSha1": "93pnLPs+ozaBzpwu7mDnjA2PRo4=",
                "tlsClientExtensionsSha1Le": "X7qkEoKDVK/pSQ7uCMMewQmugQQ=",
                "tlsClientHelloLength": "1740",
                "tlsClientAuth": {
                    "certPresented": "0",
                    "certVerified": "NONE",
                    "certRevoked": "0",
                    "certIssuerDN": "",
                    "certSubjectDN": "",
                    "certIssuerDNRFC2253": "",
                    "certSubjectDNRFC2253": "",
                    "certIssuerDNLegacy": "",
                    "certSubjectDNLegacy": "",
                    "certSerial": "",
                    "certIssuerSerial": "",
                    "certSKI": "",
                    "certIssuerSKI": "",
                    "certFingerprintSHA1": "",
                    "certFingerprintSHA256": "",
                    "certNotBefore": "",
                    "certNotAfter": "",
                    "certRFC9440": "",
                    "certRFC9440TooLarge": false,
                    "certChainRFC9440": "",
                    "certChainRFC9440TooLarge": false
                },
                "verifiedBotCategory": "",
                "edgeL4": {
                    "deliveryRate": 10983653
                }
            }
        },
        "response": {
            "status": 200
        }
    }
}
{
    "wallTime": 79,
    "cpuTime": 2,
    "truncated": false,
    "executionModel": "stateless",
    "outcome": "ok",
    "scriptTags": [
        "cf:service=grupo-eye-staff"
    ],
    "scriptVersion": {
        "id": "f02b4c45-05aa-4949-932b-6c920d5311c0"
    },
    "scriptName": "grupo-eye-staff",
    "diagnosticsChannelEvents": [],
    "exceptions": [],
    "logs": [],
    "eventTimestamp": 1782505961422,
    "event": {
        "request": {
            "url": "https://eye-staff.app/api/vehicles/active?session_id=146&t=1782505961321",
            "method": "GET",
            "headers": {
                "accept": "*/*",
                "accept-encoding": "gzip, br",
                "accept-language": "es-ES,es;q=0.9,en;q=0.8",
                "authorization": "REDACTED",
                "cache-control": "no-cache",
                "cf-connecting-ip": "188.86.247.78",
                "cf-ipcountry": "ES",
                "cf-ray": "a11efb92eeb3c69e",
                "cf-visitor": "{\"scheme\":\"https\"}",
                "connection": "Keep-Alive",
                "content-type": "application/json",
                "host": "eye-staff.app",
                "pragma": "no-cache",
                "priority": "u=1, i",
                "referer": "https://eye-staff.app/",
                "sec-ch-ua": "\"Google Chrome\";v=\"149\", \"Chromium\";v=\"149\", \"Not)A;Brand\";v=\"24\"",
                "sec-ch-ua-mobile": "?0",
                "sec-ch-ua-platform": "\"macOS\"",
                "sec-fetch-dest": "empty",
                "sec-fetch-mode": "cors",
                "sec-fetch-site": "same-origin",
                "user-agent": "Mozilla/5.0 (Macintosh; Intel Mac OS X 10_15_7) AppleWebKit/537.36 (KHTML, like Gecko) Chrome/149.0.0.0 Safari/537.36",
                "x-forwarded-proto": "https",
                "x-real-ip": "188.86.247.78",
                "x-web-session-id": "1778900541741"
            },
            "cf": {
                "httpProtocol": "HTTP/3",
                "clientAcceptEncoding": "gzip, deflate, br",
                "requestPriority": "",
                "edgeRequestKeepAliveStatus": 1,
                "requestHeaderNames": {},
                "clientTcpRtt": 0,
                "clientQuicRtt": 35,
                "colo": "MAD",
                "asn": 12430,
                "asOrganization": "VODAFONE ESPANA, S.A.U",
                "country": "ES",
                "isEUCountry": "1",
                "city": "Madrid",
                "continent": "EU",
                "region": "Madrid",
                "regionCode": "MD",
                "timezone": "Europe/Madrid",
                "longitude": "-3.70256",
                "latitude": "40.4165",
                "postalCode": "28004",
                "tlsVersion": "TLSv1.3",
                "tlsCipher": "AEAD-AES128-GCM-SHA256",
                "tlsClientRandom": "MTR/VrdDTsWwLk6+a6medcGuTgM46+l+PN7QJbUzssY=",
                "tlsClientCiphersSha1": "3HTt3+R/6BL3zeALJDSq0pR1yOQ=",
                "tlsClientExtensionsSha1": "93pnLPs+ozaBzpwu7mDnjA2PRo4=",
                "tlsClientExtensionsSha1Le": "X7qkEoKDVK/pSQ7uCMMewQmugQQ=",
                "tlsClientHelloLength": "1740",
                "tlsClientAuth": {
                    "certPresented": "0",
                    "certVerified": "NONE",
                    "certRevoked": "0",
                    "certIssuerDN": "",
                    "certSubjectDN": "",
                    "certIssuerDNRFC2253": "",
                    "certSubjectDNRFC2253": "",
                    "certIssuerDNLegacy": "",
                    "certSubjectDNLegacy": "",
                    "certSerial": "",
                    "certIssuerSerial": "",
                    "certSKI": "",
                    "certIssuerSKI": "",
                    "certFingerprintSHA1": "",
                    "certFingerprintSHA256": "",
                    "certNotBefore": "",
                    "certNotAfter": "",
                    "certRFC9440": "",
                    "certRFC9440TooLarge": false,
                    "certChainRFC9440": "",
                    "certChainRFC9440TooLarge": false
                },
                "verifiedBotCategory": "",
                "edgeL4": {
                    "deliveryRate": 10983653
                }
            }
        },
        "response": {
            "status": 200
        }
    }
}
{
    "wallTime": 1375,
    "cpuTime": 13,
    "truncated": false,
    "executionModel": "stateless",
    "outcome": "ok",
    "scriptTags": [
        "cf:service=grupo-eye-staff"
    ],
    "scriptVersion": {
        "id": "f02b4c45-05aa-4949-932b-6c920d5311c0"
    },
    "scriptName": "grupo-eye-staff",
    "diagnosticsChannelEvents": [],
    "exceptions": [],
    "logs": [],
    "eventTimestamp": 1782505969884,
    "event": {
        "request": {
            "url": "https://eye-staff.app/api/chat/conversations",
            "method": "GET",
            "headers": {
                "accept": "*/*",
                "accept-encoding": "gzip, br",
                "accept-language": "es-ES,es;q=0.9,en;q=0.8",
                "authorization": "REDACTED",
                "cf-connecting-ip": "188.86.247.78",
                "cf-ipcountry": "ES",
                "cf-ray": "a11efbc7cf57c69e",
                "cf-visitor": "{\"scheme\":\"https\"}",
                "connection": "Keep-Alive",
                "host": "eye-staff.app",
                "priority": "u=1, i",
                "referer": "https://eye-staff.app/",
                "sec-ch-ua": "\"Google Chrome\";v=\"149\", \"Chromium\";v=\"149\", \"Not)A;Brand\";v=\"24\"",
                "sec-ch-ua-mobile": "?0",
                "sec-ch-ua-platform": "\"macOS\"",
                "sec-fetch-dest": "empty",
                "sec-fetch-mode": "cors",
                "sec-fetch-site": "same-origin",
                "user-agent": "Mozilla/5.0 (Macintosh; Intel Mac OS X 10_15_7) AppleWebKit/537.36 (KHTML, like Gecko) Chrome/149.0.0.0 Safari/537.36",
                "x-forwarded-proto": "https",
                "x-real-ip": "188.86.247.78"
            },
            "cf": {
                "httpProtocol": "HTTP/3",
                "clientAcceptEncoding": "gzip, deflate, br",
                "requestPriority": "",
                "edgeRequestKeepAliveStatus": 1,
                "requestHeaderNames": {},
                "clientTcpRtt": 0,
                "clientQuicRtt": 32,
                "colo": "MAD",
                "asn": 12430,
                "asOrganization": "VODAFONE ESPANA, S.A.U",
                "country": "ES",
                "isEUCountry": "1",
                "city": "Madrid",
                "continent": "EU",
                "region": "Madrid",
                "regionCode": "MD",
                "timezone": "Europe/Madrid",
                "longitude": "-3.70256",
                "latitude": "40.4165",
                "postalCode": "28004",
                "tlsVersion": "TLSv1.3",
                "tlsCipher": "AEAD-AES128-GCM-SHA256",
                "tlsClientRandom": "MTR/VrdDTsWwLk6+a6medcGuTgM46+l+PN7QJbUzssY=",
                "tlsClientCiphersSha1": "3HTt3+R/6BL3zeALJDSq0pR1yOQ=",
                "tlsClientExtensionsSha1": "93pnLPs+ozaBzpwu7mDnjA2PRo4=",
                "tlsClientExtensionsSha1Le": "X7qkEoKDVK/pSQ7uCMMewQmugQQ=",
                "tlsClientHelloLength": "1740",
                "tlsClientAuth": {
                    "certPresented": "0",
                    "certVerified": "NONE",
                    "certRevoked": "0",
                    "certIssuerDN": "",
                    "certSubjectDN": "",
                    "certIssuerDNRFC2253": "",
                    "certSubjectDNRFC2253": "",
                    "certIssuerDNLegacy": "",
                    "certSubjectDNLegacy": "",
                    "certSerial": "",
                    "certIssuerSerial": "",
                    "certSKI": "",
                    "certIssuerSKI": "",
                    "certFingerprintSHA1": "",
                    "certFingerprintSHA256": "",
                    "certNotBefore": "",
                    "certNotAfter": "",
                    "certRFC9440": "",
                    "certRFC9440TooLarge": false,
                    "certChainRFC9440": "",
                    "certChainRFC9440TooLarge": false
                },
                "verifiedBotCategory": "",
                "edgeL4": {
                    "deliveryRate": 10983653
                }
            }
        },
        "response": {
            "status": 200
        }
    }
}
{
    "wallTime": 84,
    "cpuTime": 2,
    "truncated": false,
    "executionModel": "stateless",
    "outcome": "ok",
    "scriptTags": [
        "cf:service=grupo-eye-staff"
    ],
    "scriptVersion": {
        "id": "f02b4c45-05aa-4949-932b-6c920d5311c0"
    },
    "scriptName": "grupo-eye-staff",
    "diagnosticsChannelEvents": [],
    "exceptions": [],
    "logs": [],
    "eventTimestamp": 1782505974884,
    "event": {
        "request": {
            "url": "https://eye-staff.app/api/staff/live-locations?t=1782505974782",
            "method": "GET",
            "headers": {
                "accept": "*/*",
                "accept-encoding": "gzip, br",
                "accept-language": "es-ES,es;q=0.9,en;q=0.8",
                "authorization": "REDACTED",
                "cache-control": "no-cache",
                "cf-connecting-ip": "188.86.247.78",
                "cf-ipcountry": "ES",
                "cf-ray": "a11efbe70b9fc69e",
                "cf-visitor": "{\"scheme\":\"https\"}",
                "connection": "Keep-Alive",
                "content-type": "application/json",
                "host": "eye-staff.app",
                "pragma": "no-cache",
                "priority": "u=1, i",
                "referer": "https://eye-staff.app/",
                "sec-ch-ua": "\"Google Chrome\";v=\"149\", \"Chromium\";v=\"149\", \"Not)A;Brand\";v=\"24\"",
                "sec-ch-ua-mobile": "?0",
                "sec-ch-ua-platform": "\"macOS\"",
                "sec-fetch-dest": "empty",
                "sec-fetch-mode": "cors",
                "sec-fetch-site": "same-origin",
                "user-agent": "Mozilla/5.0 (Macintosh; Intel Mac OS X 10_15_7) AppleWebKit/537.36 (KHTML, like Gecko) Chrome/149.0.0.0 Safari/537.36",
                "x-forwarded-proto": "https",
                "x-real-ip": "188.86.247.78",
                "x-web-session-id": "1778900541741"
            },
            "cf": {
                "httpProtocol": "HTTP/3",
                "clientAcceptEncoding": "gzip, deflate, br",
                "requestPriority": "",
                "edgeRequestKeepAliveStatus": 1,
                "requestHeaderNames": {},
                "clientTcpRtt": 0,
                "clientQuicRtt": 32,
                "colo": "MAD",
                "asn": 12430,
                "asOrganization": "VODAFONE ESPANA, S.A.U",
                "country": "ES",
                "isEUCountry": "1",
                "city": "Madrid",
                "continent": "EU",
                "region": "Madrid",
                "regionCode": "MD",
                "timezone": "Europe/Madrid",
                "longitude": "-3.70256",
                "latitude": "40.4165",
                "postalCode": "28004",
                "tlsVersion": "TLSv1.3",
                "tlsCipher": "AEAD-AES128-GCM-SHA256",
                "tlsClientRandom": "MTR/VrdDTsWwLk6+a6medcGuTgM46+l+PN7QJbUzssY=",
                "tlsClientCiphersSha1": "3HTt3+R/6BL3zeALJDSq0pR1yOQ=",
                "tlsClientExtensionsSha1": "93pnLPs+ozaBzpwu7mDnjA2PRo4=",
                "tlsClientExtensionsSha1Le": "X7qkEoKDVK/pSQ7uCMMewQmugQQ=",
                "tlsClientHelloLength": "1740",
                "tlsClientAuth": {
                    "certPresented": "0",
                    "certVerified": "NONE",
                    "certRevoked": "0",
                    "certIssuerDN": "",
                    "certSubjectDN": "",
                    "certIssuerDNRFC2253": "",
                    "certSubjectDNRFC2253": "",
                    "certIssuerDNLegacy": "",
                    "certSubjectDNLegacy": "",
                    "certSerial": "",
                    "certIssuerSerial": "",
                    "certSKI": "",
                    "certIssuerSKI": "",
                    "certFingerprintSHA1": "",
                    "certFingerprintSHA256": "",
                    "certNotBefore": "",
                    "certNotAfter": "",
                    "certRFC9440": "",
                    "certRFC9440TooLarge": false,
                    "certChainRFC9440": "",
                    "certChainRFC9440TooLarge": false
                },
                "verifiedBotCategory": "",
                "edgeL4": {
                    "deliveryRate": 10983653
                }
            }
        },
        "response": {
            "status": 200
        }
    }
}
{
    "wallTime": 1493,
    "cpuTime": 14,
    "truncated": false,
    "executionModel": "stateless",
    "outcome": "ok",
    "scriptTags": [
        "cf:service=grupo-eye-staff"
    ],
    "scriptVersion": {
        "id": "f02b4c45-05aa-4949-932b-6c920d5311c0"
    },
    "scriptName": "grupo-eye-staff",
    "diagnosticsChannelEvents": [],
    "exceptions": [],
    "logs": [],
    "eventTimestamp": 1782505979883,
    "event": {
        "request": {
            "url": "https://eye-staff.app/api/chat/conversations",
            "method": "GET",
            "headers": {
                "accept": "*/*",
                "accept-encoding": "gzip, br",
                "accept-language": "es-ES,es;q=0.9,en;q=0.8",
                "authorization": "REDACTED",
                "cf-connecting-ip": "188.86.247.78",
                "cf-ipcountry": "ES",
                "cf-ray": "a11efc064f05c69e",
                "cf-visitor": "{\"scheme\":\"https\"}",
                "connection": "Keep-Alive",
                "host": "eye-staff.app",
                "priority": "u=1, i",
                "referer": "https://eye-staff.app/",
                "sec-ch-ua": "\"Google Chrome\";v=\"149\", \"Chromium\";v=\"149\", \"Not)A;Brand\";v=\"24\"",
                "sec-ch-ua-mobile": "?0",
                "sec-ch-ua-platform": "\"macOS\"",
                "sec-fetch-dest": "empty",
                "sec-fetch-mode": "cors",
                "sec-fetch-site": "same-origin",
                "user-agent": "Mozilla/5.0 (Macintosh; Intel Mac OS X 10_15_7) AppleWebKit/537.36 (KHTML, like Gecko) Chrome/149.0.0.0 Safari/537.36",
                "x-forwarded-proto": "https",
                "x-real-ip": "188.86.247.78"
            },
            "cf": {
                "httpProtocol": "HTTP/3",
                "clientAcceptEncoding": "gzip, deflate, br",
                "requestPriority": "",
                "edgeRequestKeepAliveStatus": 1,
                "requestHeaderNames": {},
                "clientTcpRtt": 0,
                "clientQuicRtt": 29,
                "colo": "MAD",
                "asn": 12430,
                "asOrganization": "VODAFONE ESPANA, S.A.U",
                "country": "ES",
                "isEUCountry": "1",
                "city": "Madrid",
                "continent": "EU",
                "region": "Madrid",
                "regionCode": "MD",
                "timezone": "Europe/Madrid",
                "longitude": "-3.70256",
                "latitude": "40.4165",
                "postalCode": "28004",
                "tlsVersion": "TLSv1.3",
                "tlsCipher": "AEAD-AES128-GCM-SHA256",
                "tlsClientRandom": "MTR/VrdDTsWwLk6+a6medcGuTgM46+l+PN7QJbUzssY=",
                "tlsClientCiphersSha1": "3HTt3+R/6BL3zeALJDSq0pR1yOQ=",
                "tlsClientExtensionsSha1": "93pnLPs+ozaBzpwu7mDnjA2PRo4=",
                "tlsClientExtensionsSha1Le": "X7qkEoKDVK/pSQ7uCMMewQmugQQ=",
                "tlsClientHelloLength": "1740",
                "tlsClientAuth": {
                    "certPresented": "0",
                    "certVerified": "NONE",
                    "certRevoked": "0",
                    "certIssuerDN": "",
                    "certSubjectDN": "",
                    "certIssuerDNRFC2253": "",
                    "certSubjectDNRFC2253": "",
                    "certIssuerDNLegacy": "",
                    "certSubjectDNLegacy": "",
                    "certSerial": "",
                    "certIssuerSerial": "",
                    "certSKI": "",
                    "certIssuerSKI": "",
                    "certFingerprintSHA1": "",
                    "certFingerprintSHA256": "",
                    "certNotBefore": "",
                    "certNotAfter": "",
                    "certRFC9440": "",
                    "certRFC9440TooLarge": false,
                    "certChainRFC9440": "",
                    "certChainRFC9440TooLarge": false
                },
                "verifiedBotCategory": "",
                "edgeL4": {
                    "deliveryRate": 10983653
                }
            }
        },
        "response": {
            "status": 200
        }
    }
}
{
    "wallTime": 107,
    "cpuTime": 2,
    "truncated": false,
    "executionModel": "stateless",
    "outcome": "ok",
    "scriptTags": [
        "cf:service=grupo-eye-staff"
    ],
    "scriptVersion": {
        "id": "3c658acb-3c0a-4f6c-999e-21a279335e47"
    },
    "scriptName": "grupo-eye-staff",
    "diagnosticsChannelEvents": [],
    "exceptions": [],
    "logs": [],
    "eventTimestamp": 1782505989888,
    "event": {
        "request": {
            "url": "https://eye-staff.app/api/staff/live-locations?t=1782505989781",
            "method": "GET",
            "headers": {
                "accept": "*/*",
                "accept-encoding": "gzip, br",
                "accept-language": "es-ES,es;q=0.9,en;q=0.8",
                "authorization": "REDACTED",
                "cache-control": "no-cache",
                "cf-connecting-ip": "188.86.247.78",
                "cf-ipcountry": "ES",
                "cf-ray": "a11efc44b8c3c69e",
                "cf-visitor": "{\"scheme\":\"https\"}",
                "connection": "Keep-Alive",
                "content-type": "application/json",
                "host": "eye-staff.app",
                "pragma": "no-cache",
                "priority": "u=1, i",
                "referer": "https://eye-staff.app/",
                "sec-ch-ua": "\"Google Chrome\";v=\"149\", \"Chromium\";v=\"149\", \"Not)A;Brand\";v=\"24\"",
                "sec-ch-ua-mobile": "?0",
                "sec-ch-ua-platform": "\"macOS\"",
                "sec-fetch-dest": "empty",
                "sec-fetch-mode": "cors",
                "sec-fetch-site": "same-origin",
                "user-agent": "Mozilla/5.0 (Macintosh; Intel Mac OS X 10_15_7) AppleWebKit/537.36 (KHTML, like Gecko) Chrome/149.0.0.0 Safari/537.36",
                "x-forwarded-proto": "https",
                "x-real-ip": "188.86.247.78",
                "x-web-session-id": "1778900541741"
            },
            "cf": {
                "httpProtocol": "HTTP/3",
                "clientAcceptEncoding": "gzip, deflate, br",
                "requestPriority": "",
                "edgeRequestKeepAliveStatus": 1,
                "requestHeaderNames": {},
                "clientTcpRtt": 0,
                "clientQuicRtt": 26,
                "colo": "MAD",
                "asn": 12430,
                "asOrganization": "VODAFONE ESPANA, S.A.U",
                "country": "ES",
                "isEUCountry": "1",
                "city": "Madrid",
                "continent": "EU",
                "region": "Madrid",
                "regionCode": "MD",
                "timezone": "Europe/Madrid",
                "longitude": "-3.70256",
                "latitude": "40.4165",
                "postalCode": "28004",
                "tlsVersion": "TLSv1.3",
                "tlsCipher": "AEAD-AES128-GCM-SHA256",
                "tlsClientRandom": "MTR/VrdDTsWwLk6+a6medcGuTgM46+l+PN7QJbUzssY=",
                "tlsClientCiphersSha1": "3HTt3+R/6BL3zeALJDSq0pR1yOQ=",
                "tlsClientExtensionsSha1": "93pnLPs+ozaBzpwu7mDnjA2PRo4=",
                "tlsClientExtensionsSha1Le": "X7qkEoKDVK/pSQ7uCMMewQmugQQ=",
                "tlsClientHelloLength": "1740",
                "tlsClientAuth": {
                    "certPresented": "0",
                    "certVerified": "NONE",
                    "certRevoked": "0",
                    "certIssuerDN": "",
                    "certSubjectDN": "",
                    "certIssuerDNRFC2253": "",
                    "certSubjectDNRFC2253": "",
                    "certIssuerDNLegacy": "",
                    "certSubjectDNLegacy": "",
                    "certSerial": "",
                    "certIssuerSerial": "",
                    "certSKI": "",
                    "certIssuerSKI": "",
                    "certFingerprintSHA1": "",
                    "certFingerprintSHA256": "",
                    "certNotBefore": "",
                    "certNotAfter": "",
                    "certRFC9440": "",
                    "certRFC9440TooLarge": false,
                    "certChainRFC9440": "",
                    "certChainRFC9440TooLarge": false
                },
                "verifiedBotCategory": "",
                "edgeL4": {
                    "deliveryRate": 10983653
                }
            }
        },
        "response": {
            "status": 200
        }
    }
}
{
    "wallTime": 1643,
    "cpuTime": 29,
    "truncated": false,
    "executionModel": "stateless",
    "outcome": "ok",
    "scriptTags": [
        "cf:service=grupo-eye-staff"
    ],
    "scriptVersion": {
        "id": "3c658acb-3c0a-4f6c-999e-21a279335e47"
    },
    "scriptName": "grupo-eye-staff",
    "diagnosticsChannelEvents": [],
    "exceptions": [],
    "logs": [],
    "eventTimestamp": 1782505989889,
    "event": {
        "request": {
            "url": "https://eye-staff.app/api/chat/conversations",
            "method": "GET",
            "headers": {
                "accept": "*/*",
                "accept-encoding": "gzip, br",
                "accept-language": "es-ES,es;q=0.9,en;q=0.8",
                "authorization": "REDACTED",
                "cf-connecting-ip": "188.86.247.78",
                "cf-ipcountry": "ES",
                "cf-ray": "a11efc44b8c2c69e",
                "cf-visitor": "{\"scheme\":\"https\"}",
                "connection": "Keep-Alive",
                "host": "eye-staff.app",
                "priority": "u=1, i",
                "referer": "https://eye-staff.app/",
                "sec-ch-ua": "\"Google Chrome\";v=\"149\", \"Chromium\";v=\"149\", \"Not)A;Brand\";v=\"24\"",
                "sec-ch-ua-mobile": "?0",
                "sec-ch-ua-platform": "\"macOS\"",
                "sec-fetch-dest": "empty",
                "sec-fetch-mode": "cors",
                "sec-fetch-site": "same-origin",
                "user-agent": "Mozilla/5.0 (Macintosh; Intel Mac OS X 10_15_7) AppleWebKit/537.36 (KHTML, like Gecko) Chrome/149.0.0.0 Safari/537.36",
                "x-forwarded-proto": "https",
                "x-real-ip": "188.86.247.78"
            },
            "cf": {
                "httpProtocol": "HTTP/3",
                "clientAcceptEncoding": "gzip, deflate, br",
                "requestPriority": "",
                "edgeRequestKeepAliveStatus": 1,
                "requestHeaderNames": {},
                "clientTcpRtt": 0,
                "clientQuicRtt": 26,
                "colo": "MAD",
                "asn": 12430,
                "asOrganization": "VODAFONE ESPANA, S.A.U",
                "country": "ES",
                "isEUCountry": "1",
                "city": "Madrid",
                "continent": "EU",
                "region": "Madrid",
                "regionCode": "MD",
                "timezone": "Europe/Madrid",
                "longitude": "-3.70256",
                "latitude": "40.4165",
                "postalCode": "28004",
                "tlsVersion": "TLSv1.3",
                "tlsCipher": "AEAD-AES128-GCM-SHA256",
                "tlsClientRandom": "MTR/VrdDTsWwLk6+a6medcGuTgM46+l+PN7QJbUzssY=",
                "tlsClientCiphersSha1": "3HTt3+R/6BL3zeALJDSq0pR1yOQ=",
                "tlsClientExtensionsSha1": "93pnLPs+ozaBzpwu7mDnjA2PRo4=",
                "tlsClientExtensionsSha1Le": "X7qkEoKDVK/pSQ7uCMMewQmugQQ=",
                "tlsClientHelloLength": "1740",
                "tlsClientAuth": {
                    "certPresented": "0",
                    "certVerified": "NONE",
                    "certRevoked": "0",
                    "certIssuerDN": "",
                    "certSubjectDN": "",
                    "certIssuerDNRFC2253": "",
                    "certSubjectDNRFC2253": "",
                    "certIssuerDNLegacy": "",
                    "certSubjectDNLegacy": "",
                    "certSerial": "",
                    "certIssuerSerial": "",
                    "certSKI": "",
                    "certIssuerSKI": "",
                    "certFingerprintSHA1": "",
                    "certFingerprintSHA256": "",
                    "certNotBefore": "",
                    "certNotAfter": "",
                    "certRFC9440": "",
                    "certRFC9440TooLarge": false,
                    "certChainRFC9440": "",
                    "certChainRFC9440TooLarge": false
                },
                "verifiedBotCategory": "",
                "edgeL4": {
                    "deliveryRate": 10983653
                }
            }
        },
        "response": {
            "status": 200
        }
    }
}
{
    "wallTime": 226,
    "cpuTime": 1,
    "truncated": false,
    "executionModel": "stateless",
    "outcome": "ok",
    "scriptTags": [
        "cf:service=grupo-eye-staff"
    ],
    "scriptVersion": {
        "id": "3c658acb-3c0a-4f6c-999e-21a279335e47"
    },
    "scriptName": "grupo-eye-staff",
    "diagnosticsChannelEvents": [],
    "exceptions": [],
    "logs": [
        {
            "message": [
                "[CRON] Revisando notificaciones para 2026-06-26 16:33..."
            ],
            "level": "log",
            "timestamp": 1782505995107
        }
    ],
    "eventTimestamp": 1782505995015,
    "event": {
        "cron": "* * * * *",
        "scheduledTime": 1782505994000
    }
}
{
    "wallTime": 1583,
    "cpuTime": 21,
    "truncated": false,
    "executionModel": "stateless",
    "outcome": "ok",
    "scriptTags": [
        "cf:service=grupo-eye-staff"
    ],
    "scriptVersion": {
        "id": "3c658acb-3c0a-4f6c-999e-21a279335e47"
    },
    "scriptName": "grupo-eye-staff",
    "diagnosticsChannelEvents": [],
    "exceptions": [],
    "logs": [],
    "eventTimestamp": 1782505999885,
    "event": {
        "request": {
            "url": "https://eye-staff.app/api/chat/conversations",
            "method": "GET",
            "headers": {
                "accept": "*/*",
                "accept-encoding": "gzip, br",
                "accept-language": "es-ES,es;q=0.9,en;q=0.8",
                "authorization": "REDACTED",
                "cf-connecting-ip": "188.86.247.78",
                "cf-ipcountry": "ES",
                "cf-ray": "a11efc8349cec69e",
                "cf-visitor": "{\"scheme\":\"https\"}",
                "connection": "Keep-Alive",
                "host": "eye-staff.app",
                "priority": "u=1, i",
                "referer": "https://eye-staff.app/",
                "sec-ch-ua": "\"Google Chrome\";v=\"149\", \"Chromium\";v=\"149\", \"Not)A;Brand\";v=\"24\"",
                "sec-ch-ua-mobile": "?0",
                "sec-ch-ua-platform": "\"macOS\"",
                "sec-fetch-dest": "empty",
                "sec-fetch-mode": "cors",
                "sec-fetch-site": "same-origin",
                "user-agent": "Mozilla/5.0 (Macintosh; Intel Mac OS X 10_15_7) AppleWebKit/537.36 (KHTML, like Gecko) Chrome/149.0.0.0 Safari/537.36",
                "x-forwarded-proto": "https",
                "x-real-ip": "188.86.247.78"
            },
            "cf": {
                "httpProtocol": "HTTP/3",
                "clientAcceptEncoding": "gzip, deflate, br",
                "requestPriority": "",
                "edgeRequestKeepAliveStatus": 1,
                "requestHeaderNames": {},
                "clientTcpRtt": 0,
                "clientQuicRtt": 28,
                "colo": "MAD",
                "asn": 12430,
                "asOrganization": "VODAFONE ESPANA, S.A.U",
                "country": "ES",
                "isEUCountry": "1",
                "city": "Madrid",
                "continent": "EU",
                "region": "Madrid",
                "regionCode": "MD",
                "timezone": "Europe/Madrid",
                "longitude": "-3.70256",
                "latitude": "40.4165",
                "postalCode": "28004",
                "tlsVersion": "TLSv1.3",
                "tlsCipher": "AEAD-AES128-GCM-SHA256",
                "tlsClientRandom": "MTR/VrdDTsWwLk6+a6medcGuTgM46+l+PN7QJbUzssY=",
                "tlsClientCiphersSha1": "3HTt3+R/6BL3zeALJDSq0pR1yOQ=",
                "tlsClientExtensionsSha1": "93pnLPs+ozaBzpwu7mDnjA2PRo4=",
                "tlsClientExtensionsSha1Le": "X7qkEoKDVK/pSQ7uCMMewQmugQQ=",
                "tlsClientHelloLength": "1740",
                "tlsClientAuth": {
                    "certPresented": "0",
                    "certVerified": "NONE",
                    "certRevoked": "0",
                    "certIssuerDN": "",
                    "certSubjectDN": "",
                    "certIssuerDNRFC2253": "",
                    "certSubjectDNRFC2253": "",
                    "certIssuerDNLegacy": "",
                    "certSubjectDNLegacy": "",
                    "certSerial": "",
                    "certIssuerSerial": "",
                    "certSKI": "",
                    "certIssuerSKI": "",
                    "certFingerprintSHA1": "",
                    "certFingerprintSHA256": "",
                    "certNotBefore": "",
                    "certNotAfter": "",
                    "certRFC9440": "",
                    "certRFC9440TooLarge": false,
                    "certChainRFC9440": "",
                    "certChainRFC9440TooLarge": false
                },
                "verifiedBotCategory": "",
                "edgeL4": {
                    "deliveryRate": 10983653
                }
            }
        },
        "response": {
            "status": 200
        }
    }
}
{
    "wallTime": 93,
    "cpuTime": 2,
    "truncated": false,
    "executionModel": "stateless",
    "outcome": "ok",
    "scriptTags": [
        "cf:service=grupo-eye-staff"
    ],
    "scriptVersion": {
        "id": "3c658acb-3c0a-4f6c-999e-21a279335e47"
    },
    "scriptName": "grupo-eye-staff",
    "diagnosticsChannelEvents": [],
    "exceptions": [],
    "logs": [],
    "eventTimestamp": 1782506004894,
    "event": {
        "request": {
            "url": "https://eye-staff.app/api/staff/live-locations?t=1782506004783",
            "method": "GET",
            "headers": {
                "accept": "*/*",
                "accept-encoding": "gzip, br",
                "accept-language": "es-ES,es;q=0.9,en;q=0.8",
                "authorization": "REDACTED",
                "cache-control": "no-cache",
                "cf-connecting-ip": "188.86.247.78",
                "cf-ipcountry": "ES",
                "cf-ray": "a11efca28e0dc69e",
                "cf-visitor": "{\"scheme\":\"https\"}",
                "connection": "Keep-Alive",
                "content-type": "application/json",
                "host": "eye-staff.app",
                "pragma": "no-cache",
                "priority": "u=1, i",
                "referer": "https://eye-staff.app/",
                "sec-ch-ua": "\"Google Chrome\";v=\"149\", \"Chromium\";v=\"149\", \"Not)A;Brand\";v=\"24\"",
                "sec-ch-ua-mobile": "?0",
                "sec-ch-ua-platform": "\"macOS\"",
                "sec-fetch-dest": "empty",
                "sec-fetch-mode": "cors",
                "sec-fetch-site": "same-origin",
                "user-agent": "Mozilla/5.0 (Macintosh; Intel Mac OS X 10_15_7) AppleWebKit/537.36 (KHTML, like Gecko) Chrome/149.0.0.0 Safari/537.36",
                "x-forwarded-proto": "https",
                "x-real-ip": "188.86.247.78",
                "x-web-session-id": "1778900541741"
            },
            "cf": {
                "httpProtocol": "HTTP/3",
                "clientAcceptEncoding": "gzip, deflate, br",
                "requestPriority": "",
                "edgeRequestKeepAliveStatus": 1,
                "requestHeaderNames": {},
                "clientTcpRtt": 0,
                "clientQuicRtt": 29,
                "colo": "MAD",
                "asn": 12430,
                "asOrganization": "VODAFONE ESPANA, S.A.U",
                "country": "ES",
                "isEUCountry": "1",
                "city": "Madrid",
                "continent": "EU",
                "region": "Madrid",
                "regionCode": "MD",
                "timezone": "Europe/Madrid",
                "longitude": "-3.70256",
                "latitude": "40.4165",
                "postalCode": "28004",
                "tlsVersion": "TLSv1.3",
                "tlsCipher": "AEAD-AES128-GCM-SHA256",
                "tlsClientRandom": "MTR/VrdDTsWwLk6+a6medcGuTgM46+l+PN7QJbUzssY=",
                "tlsClientCiphersSha1": "3HTt3+R/6BL3zeALJDSq0pR1yOQ=",
                "tlsClientExtensionsSha1": "93pnLPs+ozaBzpwu7mDnjA2PRo4=",
                "tlsClientExtensionsSha1Le": "X7qkEoKDVK/pSQ7uCMMewQmugQQ=",
                "tlsClientHelloLength": "1740",
                "tlsClientAuth": {
                    "certPresented": "0",
                    "certVerified": "NONE",
                    "certRevoked": "0",
                    "certIssuerDN": "",
                    "certSubjectDN": "",
                    "certIssuerDNRFC2253": "",
                    "certSubjectDNRFC2253": "",
                    "certIssuerDNLegacy": "",
                    "certSubjectDNLegacy": "",
                    "certSerial": "",
                    "certIssuerSerial": "",
                    "certSKI": "",
                    "certIssuerSKI": "",
                    "certFingerprintSHA1": "",
                    "certFingerprintSHA256": "",
                    "certNotBefore": "",
                    "certNotAfter": "",
                    "certRFC9440": "",
                    "certRFC9440TooLarge": false,
                    "certChainRFC9440": "",
                    "certChainRFC9440TooLarge": false
                },
                "verifiedBotCategory": "",
                "edgeL4": {
                    "deliveryRate": 10983653
                }
            }
        },
        "response": {
            "status": 200
        }
    }
}
{
    "wallTime": 1585,
    "cpuTime": 20,
    "truncated": false,
    "executionModel": "stateless",
    "outcome": "ok",
    "scriptTags": [
        "cf:service=grupo-eye-staff"
    ],
    "scriptVersion": {
        "id": "3c658acb-3c0a-4f6c-999e-21a279335e47"
    },
    "scriptName": "grupo-eye-staff",
    "diagnosticsChannelEvents": [],
    "exceptions": [],
    "logs": [],
    "eventTimestamp": 1782506009886,
    "event": {
        "request": {
            "url": "https://eye-staff.app/api/chat/conversations",
            "method": "GET",
            "headers": {
                "accept": "*/*",
                "accept-encoding": "gzip, br",
                "accept-language": "es-ES,es;q=0.9,en;q=0.8",
                "authorization": "REDACTED",
                "cf-connecting-ip": "188.86.247.78",
                "cf-ipcountry": "ES",
                "cf-ray": "a11efcc1ca4fc69e",
                "cf-visitor": "{\"scheme\":\"https\"}",
                "connection": "Keep-Alive",
                "host": "eye-staff.app",
                "priority": "u=1, i",
                "referer": "https://eye-staff.app/",
                "sec-ch-ua": "\"Google Chrome\";v=\"149\", \"Chromium\";v=\"149\", \"Not)A;Brand\";v=\"24\"",
                "sec-ch-ua-mobile": "?0",
                "sec-ch-ua-platform": "\"macOS\"",
                "sec-fetch-dest": "empty",
                "sec-fetch-mode": "cors",
                "sec-fetch-site": "same-origin",
                "user-agent": "Mozilla/5.0 (Macintosh; Intel Mac OS X 10_15_7) AppleWebKit/537.36 (KHTML, like Gecko) Chrome/149.0.0.0 Safari/537.36",
                "x-forwarded-proto": "https",
                "x-real-ip": "188.86.247.78"
            },
            "cf": {
                "httpProtocol": "HTTP/3",
                "clientAcceptEncoding": "gzip, deflate, br",
                "requestPriority": "",
                "edgeRequestKeepAliveStatus": 1,
                "requestHeaderNames": {},
                "clientTcpRtt": 0,
                "clientQuicRtt": 26,
                "colo": "MAD",
                "asn": 12430,
                "asOrganization": "VODAFONE ESPANA, S.A.U",
                "country": "ES",
                "isEUCountry": "1",
                "city": "Madrid",
                "continent": "EU",
                "region": "Madrid",
                "regionCode": "MD",
                "timezone": "Europe/Madrid",
                "longitude": "-3.70256",
                "latitude": "40.4165",
                "postalCode": "28004",
                "tlsVersion": "TLSv1.3",
                "tlsCipher": "AEAD-AES128-GCM-SHA256",
                "tlsClientRandom": "MTR/VrdDTsWwLk6+a6medcGuTgM46+l+PN7QJbUzssY=",
                "tlsClientCiphersSha1": "3HTt3+R/6BL3zeALJDSq0pR1yOQ=",
                "tlsClientExtensionsSha1": "93pnLPs+ozaBzpwu7mDnjA2PRo4=",
                "tlsClientExtensionsSha1Le": "X7qkEoKDVK/pSQ7uCMMewQmugQQ=",
                "tlsClientHelloLength": "1740",
                "tlsClientAuth": {
                    "certPresented": "0",
                    "certVerified": "NONE",
                    "certRevoked": "0",
                    "certIssuerDN": "",
                    "certSubjectDN": "",
                    "certIssuerDNRFC2253": "",
                    "certSubjectDNRFC2253": "",
                    "certIssuerDNLegacy": "",
                    "certSubjectDNLegacy": "",
                    "certSerial": "",
                    "certIssuerSerial": "",
                    "certSKI": "",
                    "certIssuerSKI": "",
                    "certFingerprintSHA1": "",
                    "certFingerprintSHA256": "",
                    "certNotBefore": "",
                    "certNotAfter": "",
                    "certRFC9440": "",
                    "certRFC9440TooLarge": false,
                    "certChainRFC9440": "",
                    "certChainRFC9440TooLarge": false
                },
                "verifiedBotCategory": "",
                "edgeL4": {
                    "deliveryRate": 10983653
                }
            }
        },
        "response": {
            "status": 200
        }
    }
}
{
    "wallTime": 272,
    "cpuTime": 56,
    "truncated": false,
    "executionModel": "stateless",
    "outcome": "ok",
    "scriptTags": [
        "cf:service=grupo-eye-staff"
    ],
    "scriptVersion": {
        "id": "3c658acb-3c0a-4f6c-999e-21a279335e47"
    },
    "scriptName": "grupo-eye-staff",
    "diagnosticsChannelEvents": [],
    "exceptions": [],
    "logs": [],
    "eventTimestamp": 1782506011758,
    "event": {
        "request": {
            "url": "https://eye-staff.app/api/reports/test-request",
            "method": "POST",
            "headers": {
                "accept": "*/*",
                "accept-encoding": "gzip, br",
                "cf-connecting-ip": "188.86.247.78",
                "cf-ipcountry": "ES",
                "cf-ray": "a11efccd6d09b124",
                "cf-visitor": "{\"scheme\":\"https\"}",
                "connection": "Keep-Alive",
                "content-length": "53",
                "content-type": "application/json",
                "host": "eye-staff.app",
                "user-agent": "curl/8.7.1",
                "x-forwarded-proto": "https",
                "x-real-ip": "188.86.247.78"
            },
            "cf": {
                "httpProtocol": "HTTP/2",
                "requestPriority": "weight=16;exclusive=0;group=0;group-weight=0",
                "edgeRequestKeepAliveStatus": 1,
                "requestHeaderNames": {},
                "clientTcpRtt": 5,
                "clientQuicRtt": 0,
                "colo": "MAD",
                "asn": 12430,
                "asOrganization": "VODAFONE ESPANA, S.A.U",
                "country": "ES",
                "isEUCountry": "1",
                "city": "Madrid",
                "continent": "EU",
                "region": "Madrid",
                "regionCode": "MD",
                "timezone": "Europe/Madrid",
                "longitude": "-3.70256",
                "latitude": "40.4165",
                "postalCode": "28004",
                "tlsVersion": "TLSv1.3",
                "tlsCipher": "AEAD-CHACHA20-POLY1305-SHA256",
                "tlsClientRandom": "GQ/jBU2r7LT7jhbnA3WGRGEwju0jUcQwvVLcmNvW6yQ=",
                "tlsClientCiphersSha1": "eDGmD1H99AwNYzOR+7eoGLo6eLU=",
                "tlsClientExtensionsSha1": "Ub+nUmIm1U57hdNSUph0R+kx9Gc=",
                "tlsClientExtensionsSha1Le": "NMNf2YIpLBhtroOEBooGFi+jtJ8=",
                "tlsExportedAuthenticator": {
                    "clientHandshake": "6fcf12a2dff6e55e11f9add73e859f91e7e3a9e204ddb2b089267435dd93c820",
                    "serverHandshake": "b1ea248cc98f7d96b8db0c10929d68204c79bb7f9dcebe67467144e5f1cf4a1a",
                    "clientFinished": "4f3090efa17808ede8d45d55a82a3c3ad201833057fec3953e238495dcc7df61",
                    "serverFinished": "4419e30aa40f03d161ffc12cc4c3b4d3cf41ee80fd5db4fabdb46a771ae2bc3f"
                },
                "tlsClientHelloLength": "314",
                "tlsClientAuth": {
                    "certPresented": "0",
                    "certVerified": "NONE",
                    "certRevoked": "0",
                    "certIssuerDN": "",
                    "certSubjectDN": "",
                    "certIssuerDNRFC2253": "",
                    "certSubjectDNRFC2253": "",
                    "certIssuerDNLegacy": "",
                    "certSubjectDNLegacy": "",
                    "certSerial": "",
                    "certIssuerSerial": "",
                    "certSKI": "",
                    "certIssuerSKI": "",
                    "certFingerprintSHA1": "",
                    "certFingerprintSHA256": "",
                    "certNotBefore": "",
                    "certNotAfter": "",
                    "certRFC9440": "",
                    "certRFC9440TooLarge": false,
                    "certChainRFC9440": "",
                    "certChainRFC9440TooLarge": false
                },
                "verifiedBotCategory": "",
                "edgeL4": {
                    "deliveryRate": 445200
                }
            }
        },
        "response": {
            "status": 200
        }
    }
}
{
    "wallTime": 188,
    "cpuTime": 20,
    "truncated": false,
    "executionModel": "stateless",
    "outcome": "ok",
    "scriptTags": [
        "cf:service=grupo-eye-staff"
    ],
    "scriptVersion": {
        "id": "3c658acb-3c0a-4f6c-999e-21a279335e47"
    },
    "scriptName": "grupo-eye-staff",
    "diagnosticsChannelEvents": [],
    "exceptions": [],
    "logs": [],
    "eventTimestamp": 1782506012109,
    "event": {
        "request": {
            "url": "https://eye-staff.app/api/reports/test-request",
            "method": "POST",
            "headers": {
                "accept": "*/*",
                "accept-encoding": "gzip, br",
                "cf-connecting-ip": "188.86.247.78",
                "cf-ipcountry": "ES",
                "cf-ray": "a11efccfae880268",
                "cf-visitor": "{\"scheme\":\"https\"}",
                "connection": "Keep-Alive",
                "content-length": "57",
                "content-type": "application/json",
                "host": "eye-staff.app",
                "user-agent": "curl/8.7.1",
                "x-forwarded-proto": "https",
                "x-real-ip": "188.86.247.78"
            },
            "cf": {
                "httpProtocol": "HTTP/2",
                "requestPriority": "weight=16;exclusive=0;group=0;group-weight=0",
                "edgeRequestKeepAliveStatus": 1,
                "requestHeaderNames": {},
                "clientTcpRtt": 6,
                "clientQuicRtt": 0,
                "colo": "MAD",
                "asn": 12430,
                "asOrganization": "VODAFONE ESPANA, S.A.U",
                "country": "ES",
                "isEUCountry": "1",
                "city": "Madrid",
                "continent": "EU",
                "region": "Madrid",
                "regionCode": "MD",
                "timezone": "Europe/Madrid",
                "longitude": "-3.70256",
                "latitude": "40.4165",
                "postalCode": "28004",
                "tlsVersion": "TLSv1.3",
                "tlsCipher": "AEAD-CHACHA20-POLY1305-SHA256",
                "tlsClientRandom": "uY5FZbBSzSf8R7y+Pr+ouZ6Ib4lLvI0EFcSDwpZImEk=",
                "tlsClientCiphersSha1": "eDGmD1H99AwNYzOR+7eoGLo6eLU=",
                "tlsClientExtensionsSha1": "Ub+nUmIm1U57hdNSUph0R+kx9Gc=",
                "tlsClientExtensionsSha1Le": "NMNf2YIpLBhtroOEBooGFi+jtJ8=",
                "tlsExportedAuthenticator": {
                    "clientHandshake": "263497c2139d7916591c4ed1a5d4793f4bef64fe757da7a32696fbe99ac9b9c7",
                    "serverHandshake": "8752de970a7336f6be01e003f7638abf4ef583271274a2c83fa4f75c4d3ddac0",
                    "clientFinished": "b7b6681800cc4228551647a9ef93d26485ff3f522551a40fc0228ee32de6e361",
                    "serverFinished": "206952482520a2ba232972d951591709e620c9cdf5295a639a3b08c42943cbba"
                },
                "tlsClientHelloLength": "314",
                "tlsClientAuth": {
                    "certPresented": "0",
                    "certVerified": "NONE",
                    "certRevoked": "0",
                    "certIssuerDN": "",
                    "certSubjectDN": "",
                    "certIssuerDNRFC2253": "",
                    "certSubjectDNRFC2253": "",
                    "certIssuerDNLegacy": "",
                    "certSubjectDNLegacy": "",
                    "certSerial": "",
                    "certIssuerSerial": "",
                    "certSKI": "",
                    "certIssuerSKI": "",
                    "certFingerprintSHA1": "",
                    "certFingerprintSHA256": "",
                    "certNotBefore": "",
                    "certNotAfter": "",
                    "certRFC9440": "",
                    "certRFC9440TooLarge": false,
                    "certChainRFC9440": "",
                    "certChainRFC9440TooLarge": false
                },
                "verifiedBotCategory": "",
                "edgeL4": {
                    "deliveryRate": 443759
                }
            }
        },
        "response": {
            "status": 200
        }
    }
}
{
    "wallTime": 98,
    "cpuTime": 1,
    "truncated": false,
    "executionModel": "stateless",
    "outcome": "ok",
    "scriptTags": [
        "cf:service=grupo-eye-staff"
    ],
    "scriptVersion": {
        "id": "3c658acb-3c0a-4f6c-999e-21a279335e47"
    },
    "scriptName": "grupo-eye-staff",
    "diagnosticsChannelEvents": [],
    "exceptions": [],
    "logs": [],
    "eventTimestamp": 1782506019885,
    "event": {
        "request": {
            "url": "https://eye-staff.app/api/staff/live-locations?t=1782506019793",
            "method": "GET",
            "headers": {
                "accept": "*/*",
                "accept-encoding": "gzip, br",
                "accept-language": "es-ES,es;q=0.9,en;q=0.8",
                "authorization": "REDACTED",
                "cache-control": "no-cache",
                "cf-connecting-ip": "188.86.247.78",
                "cf-ipcountry": "ES",
                "cf-ray": "a11efd004b58c69e",
                "cf-visitor": "{\"scheme\":\"https\"}",
                "connection": "Keep-Alive",
                "content-type": "application/json",
                "host": "eye-staff.app",
                "pragma": "no-cache",
                "priority": "u=1, i",
                "referer": "https://eye-staff.app/",
                "sec-ch-ua": "\"Google Chrome\";v=\"149\", \"Chromium\";v=\"149\", \"Not)A;Brand\";v=\"24\"",
                "sec-ch-ua-mobile": "?0",
                "sec-ch-ua-platform": "\"macOS\"",
                "sec-fetch-dest": "empty",
                "sec-fetch-mode": "cors",
                "sec-fetch-site": "same-origin",
                "user-agent": "Mozilla/5.0 (Macintosh; Intel Mac OS X 10_15_7) AppleWebKit/537.36 (KHTML, like Gecko) Chrome/149.0.0.0 Safari/537.36",
                "x-forwarded-proto": "https",
                "x-real-ip": "188.86.247.78",
                "x-web-session-id": "1778900541741"
            },
            "cf": {
                "httpProtocol": "HTTP/3",
                "clientAcceptEncoding": "gzip, deflate, br",
                "requestPriority": "",
                "edgeRequestKeepAliveStatus": 1,
                "requestHeaderNames": {},
                "clientTcpRtt": 0,
                "clientQuicRtt": 31,
                "colo": "MAD",
                "asn": 12430,
                "asOrganization": "VODAFONE ESPANA, S.A.U",
                "country": "ES",
                "isEUCountry": "1",
                "city": "Madrid",
                "continent": "EU",
                "region": "Madrid",
                "regionCode": "MD",
                "timezone": "Europe/Madrid",
                "longitude": "-3.70256",
                "latitude": "40.4165",
                "postalCode": "28004",
                "tlsVersion": "TLSv1.3",
                "tlsCipher": "AEAD-AES128-GCM-SHA256",
                "tlsClientRandom": "MTR/VrdDTsWwLk6+a6medcGuTgM46+l+PN7QJbUzssY=",
                "tlsClientCiphersSha1": "3HTt3+R/6BL3zeALJDSq0pR1yOQ=",
                "tlsClientExtensionsSha1": "93pnLPs+ozaBzpwu7mDnjA2PRo4=",
                "tlsClientExtensionsSha1Le": "X7qkEoKDVK/pSQ7uCMMewQmugQQ=",
                "tlsClientHelloLength": "1740",
                "tlsClientAuth": {
                    "certPresented": "0",
                    "certVerified": "NONE",
                    "certRevoked": "0",
                    "certIssuerDN": "",
                    "certSubjectDN": "",
                    "certIssuerDNRFC2253": "",
                    "certSubjectDNRFC2253": "",
                    "certIssuerDNLegacy": "",
                    "certSubjectDNLegacy": "",
                    "certSerial": "",
                    "certIssuerSerial": "",
                    "certSKI": "",
                    "certIssuerSKI": "",
                    "certFingerprintSHA1": "",
                    "certFingerprintSHA256": "",
                    "certNotBefore": "",
                    "certNotAfter": "",
                    "certRFC9440": "",
                    "certRFC9440TooLarge": false,
                    "certChainRFC9440": "",
                    "certChainRFC9440TooLarge": false
                },
                "verifiedBotCategory": "",
                "edgeL4": {
                    "deliveryRate": 10983653
                }
            }
        },
        "response": {
            "status": 200
        }
    }
}
{
    "wallTime": 1588,
    "cpuTime": 19,
    "truncated": false,
    "executionModel": "stateless",
    "outcome": "ok",
    "scriptTags": [
        "cf:service=grupo-eye-staff"
    ],
    "scriptVersion": {
        "id": "3c658acb-3c0a-4f6c-999e-21a279335e47"
    },
    "scriptName": "grupo-eye-staff",
    "diagnosticsChannelEvents": [],
    "exceptions": [],
    "logs": [],
    "eventTimestamp": 1782506019885,
    "event": {
        "request": {
            "url": "https://eye-staff.app/api/chat/conversations",
            "method": "GET",
            "headers": {
                "accept": "*/*",
                "accept-encoding": "gzip, br",
                "accept-language": "es-ES,es;q=0.9,en;q=0.8",
                "authorization": "REDACTED",
                "cf-connecting-ip": "188.86.247.78",
                "cf-ipcountry": "ES",
                "cf-ray": "a11efd004b57c69e",
                "cf-visitor": "{\"scheme\":\"https\"}",
                "connection": "Keep-Alive",
                "host": "eye-staff.app",
                "priority": "u=1, i",
                "referer": "https://eye-staff.app/",
                "sec-ch-ua": "\"Google Chrome\";v=\"149\", \"Chromium\";v=\"149\", \"Not)A;Brand\";v=\"24\"",
                "sec-ch-ua-mobile": "?0",
                "sec-ch-ua-platform": "\"macOS\"",
                "sec-fetch-dest": "empty",
                "sec-fetch-mode": "cors",
                "sec-fetch-site": "same-origin",
                "user-agent": "Mozilla/5.0 (Macintosh; Intel Mac OS X 10_15_7) AppleWebKit/537.36 (KHTML, like Gecko) Chrome/149.0.0.0 Safari/537.36",
                "x-forwarded-proto": "https",
                "x-real-ip": "188.86.247.78"
            },
            "cf": {
                "httpProtocol": "HTTP/3",
                "clientAcceptEncoding": "gzip, deflate, br",
                "requestPriority": "",
                "edgeRequestKeepAliveStatus": 1,
                "requestHeaderNames": {},
                "clientTcpRtt": 0,
                "clientQuicRtt": 31,
                "colo": "MAD",
                "asn": 12430,
                "asOrganization": "VODAFONE ESPANA, S.A.U",
                "country": "ES",
                "isEUCountry": "1",
                "city": "Madrid",
                "continent": "EU",
                "region": "Madrid",
                "regionCode": "MD",
                "timezone": "Europe/Madrid",
                "longitude": "-3.70256",
                "latitude": "40.4165",
                "postalCode": "28004",
                "tlsVersion": "TLSv1.3",
                "tlsCipher": "AEAD-AES128-GCM-SHA256",
                "tlsClientRandom": "MTR/VrdDTsWwLk6+a6medcGuTgM46+l+PN7QJbUzssY=",
                "tlsClientCiphersSha1": "3HTt3+R/6BL3zeALJDSq0pR1yOQ=",
                "tlsClientExtensionsSha1": "93pnLPs+ozaBzpwu7mDnjA2PRo4=",
                "tlsClientExtensionsSha1Le": "X7qkEoKDVK/pSQ7uCMMewQmugQQ=",
                "tlsClientHelloLength": "1740",
                "tlsClientAuth": {
                    "certPresented": "0",
                    "certVerified": "NONE",
                    "certRevoked": "0",
                    "certIssuerDN": "",
                    "certSubjectDN": "",
                    "certIssuerDNRFC2253": "",
                    "certSubjectDNRFC2253": "",
                    "certIssuerDNLegacy": "",
                    "certSubjectDNLegacy": "",
                    "certSerial": "",
                    "certIssuerSerial": "",
                    "certSKI": "",
                    "certIssuerSKI": "",
                    "certFingerprintSHA1": "",
                    "certFingerprintSHA256": "",
                    "certNotBefore": "",
                    "certNotAfter": "",
                    "certRFC9440": "",
                    "certRFC9440TooLarge": false,
                    "certChainRFC9440": "",
                    "certChainRFC9440TooLarge": false
                },
                "verifiedBotCategory": "",
                "edgeL4": {
                    "deliveryRate": 10983653
                }
            }
        },
        "response": {
            "status": 200
        }
    }
}
{
    "wallTime": 1637,
    "cpuTime": 21,
    "truncated": false,
    "executionModel": "stateless",
    "outcome": "ok",
    "scriptTags": [
        "cf:service=grupo-eye-staff"
    ],
    "scriptVersion": {
        "id": "3c658acb-3c0a-4f6c-999e-21a279335e47"
    },
    "scriptName": "grupo-eye-staff",
    "diagnosticsChannelEvents": [],
    "exceptions": [],
    "logs": [],
    "eventTimestamp": 1782506029888,
    "event": {
        "request": {
            "url": "https://eye-staff.app/api/chat/conversations",
            "method": "GET",
            "headers": {
                "accept": "*/*",
                "accept-encoding": "gzip, br",
                "accept-language": "es-ES,es;q=0.9,en;q=0.8",
                "authorization": "REDACTED",
                "cf-connecting-ip": "188.86.247.78",
                "cf-ipcountry": "ES",
                "cf-ray": "a11efd3ecca1c69e",
                "cf-visitor": "{\"scheme\":\"https\"}",
                "connection": "Keep-Alive",
                "host": "eye-staff.app",
                "priority": "u=1, i",
                "referer": "https://eye-staff.app/",
                "sec-ch-ua": "\"Google Chrome\";v=\"149\", \"Chromium\";v=\"149\", \"Not)A;Brand\";v=\"24\"",
                "sec-ch-ua-mobile": "?0",
                "sec-ch-ua-platform": "\"macOS\"",
                "sec-fetch-dest": "empty",
                "sec-fetch-mode": "cors",
                "sec-fetch-site": "same-origin",
                "user-agent": "Mozilla/5.0 (Macintosh; Intel Mac OS X 10_15_7) AppleWebKit/537.36 (KHTML, like Gecko) Chrome/149.0.0.0 Safari/537.36",
                "x-forwarded-proto": "https",
                "x-real-ip": "188.86.247.78"
            },
            "cf": {
                "httpProtocol": "HTTP/3",
                "clientAcceptEncoding": "gzip, deflate, br",
                "requestPriority": "",
                "edgeRequestKeepAliveStatus": 1,
                "requestHeaderNames": {},
                "clientTcpRtt": 0,
                "clientQuicRtt": 26,
                "colo": "MAD",
                "asn": 12430,
                "asOrganization": "VODAFONE ESPANA, S.A.U",
                "country": "ES",
                "isEUCountry": "1",
                "city": "Madrid",
                "continent": "EU",
                "region": "Madrid",
                "regionCode": "MD",
                "timezone": "Europe/Madrid",
                "longitude": "-3.70256",
                "latitude": "40.4165",
                "postalCode": "28004",
                "tlsVersion": "TLSv1.3",
                "tlsCipher": "AEAD-AES128-GCM-SHA256",
                "tlsClientRandom": "MTR/VrdDTsWwLk6+a6medcGuTgM46+l+PN7QJbUzssY=",
                "tlsClientCiphersSha1": "3HTt3+R/6BL3zeALJDSq0pR1yOQ=",
                "tlsClientExtensionsSha1": "93pnLPs+ozaBzpwu7mDnjA2PRo4=",
                "tlsClientExtensionsSha1Le": "X7qkEoKDVK/pSQ7uCMMewQmugQQ=",
                "tlsClientHelloLength": "1740",
                "tlsClientAuth": {
                    "certPresented": "0",
                    "certVerified": "NONE",
                    "certRevoked": "0",
                    "certIssuerDN": "",
                    "certSubjectDN": "",
                    "certIssuerDNRFC2253": "",
                    "certSubjectDNRFC2253": "",
                    "certIssuerDNLegacy": "",
                    "certSubjectDNLegacy": "",
                    "certSerial": "",
                    "certIssuerSerial": "",
                    "certSKI": "",
                    "certIssuerSKI": "",
                    "certFingerprintSHA1": "",
                    "certFingerprintSHA256": "",
                    "certNotBefore": "",
                    "certNotAfter": "",
                    "certRFC9440": "",
                    "certRFC9440TooLarge": false,
                    "certChainRFC9440": "",
                    "certChainRFC9440TooLarge": false
                },
                "verifiedBotCategory": "",
                "edgeL4": {
                    "deliveryRate": 10983653
                }
            }
        },
        "response": {
            "status": 200
        }
    }
}
{
    "wallTime": 93,
    "cpuTime": 1,
    "truncated": false,
    "executionModel": "stateless",
    "outcome": "ok",
    "scriptTags": [
        "cf:service=grupo-eye-staff"
    ],
    "scriptVersion": {
        "id": "3c658acb-3c0a-4f6c-999e-21a279335e47"
    },
    "scriptName": "grupo-eye-staff",
    "diagnosticsChannelEvents": [],
    "exceptions": [],
    "logs": [],
    "eventTimestamp": 1782506034892,
    "event": {
        "request": {
            "url": "https://eye-staff.app/api/staff/live-locations?t=1782506034800",
            "method": "GET",
            "headers": {
                "accept": "*/*",
                "accept-encoding": "gzip, br",
                "accept-language": "es-ES,es;q=0.9,en;q=0.8",
                "authorization": "REDACTED",
                "cache-control": "no-cache",
                "cf-connecting-ip": "188.86.247.78",
                "cf-ipcountry": "ES",
                "cf-ray": "a11efd5e0992c69e",
                "cf-visitor": "{\"scheme\":\"https\"}",
                "connection": "Keep-Alive",
                "content-type": "application/json",
                "host": "eye-staff.app",
                "pragma": "no-cache",
                "priority": "u=1, i",
                "referer": "https://eye-staff.app/",
                "sec-ch-ua": "\"Google Chrome\";v=\"149\", \"Chromium\";v=\"149\", \"Not)A;Brand\";v=\"24\"",
                "sec-ch-ua-mobile": "?0",
                "sec-ch-ua-platform": "\"macOS\"",
                "sec-fetch-dest": "empty",
                "sec-fetch-mode": "cors",
                "sec-fetch-site": "same-origin",
                "user-agent": "Mozilla/5.0 (Macintosh; Intel Mac OS X 10_15_7) AppleWebKit/537.36 (KHTML, like Gecko) Chrome/149.0.0.0 Safari/537.36",
                "x-forwarded-proto": "https",
                "x-real-ip": "188.86.247.78",
                "x-web-session-id": "1778900541741"
            },
            "cf": {
                "httpProtocol": "HTTP/3",
                "clientAcceptEncoding": "gzip, deflate, br",
                "requestPriority": "",
                "edgeRequestKeepAliveStatus": 1,
                "requestHeaderNames": {},
                "clientTcpRtt": 0,
                "clientQuicRtt": 33,
                "colo": "MAD",
                "asn": 12430,
                "asOrganization": "VODAFONE ESPANA, S.A.U",
                "country": "ES",
                "isEUCountry": "1",
                "city": "Madrid",
                "continent": "EU",
                "region": "Madrid",
                "regionCode": "MD",
                "timezone": "Europe/Madrid",
                "longitude": "-3.70256",
                "latitude": "40.4165",
                "postalCode": "28004",
                "tlsVersion": "TLSv1.3",
                "tlsCipher": "AEAD-AES128-GCM-SHA256",
                "tlsClientRandom": "MTR/VrdDTsWwLk6+a6medcGuTgM46+l+PN7QJbUzssY=",
                "tlsClientCiphersSha1": "3HTt3+R/6BL3zeALJDSq0pR1yOQ=",
                "tlsClientExtensionsSha1": "93pnLPs+ozaBzpwu7mDnjA2PRo4=",
                "tlsClientExtensionsSha1Le": "X7qkEoKDVK/pSQ7uCMMewQmugQQ=",
                "tlsClientHelloLength": "1740",
                "tlsClientAuth": {
                    "certPresented": "0",
                    "certVerified": "NONE",
                    "certRevoked": "0",
                    "certIssuerDN": "",
                    "certSubjectDN": "",
                    "certIssuerDNRFC2253": "",
                    "certSubjectDNRFC2253": "",
                    "certIssuerDNLegacy": "",
                    "certSubjectDNLegacy": "",
                    "certSerial": "",
                    "certIssuerSerial": "",
                    "certSKI": "",
                    "certIssuerSKI": "",
                    "certFingerprintSHA1": "",
                    "certFingerprintSHA256": "",
                    "certNotBefore": "",
                    "certNotAfter": "",
                    "certRFC9440": "",
                    "certRFC9440TooLarge": false,
                    "certChainRFC9440": "",
                    "certChainRFC9440TooLarge": false
                },
                "verifiedBotCategory": "",
                "edgeL4": {
                    "deliveryRate": 10983653
                }
            }
        },
        "response": {
            "status": 200
        }
    }
}
{
    "wallTime": 1628,
    "cpuTime": 20,
    "truncated": false,
    "executionModel": "stateless",
    "outcome": "ok",
    "scriptTags": [
        "cf:service=grupo-eye-staff"
    ],
    "scriptVersion": {
        "id": "3c658acb-3c0a-4f6c-999e-21a279335e47"
    },
    "scriptName": "grupo-eye-staff",
    "diagnosticsChannelEvents": [],
    "exceptions": [],
    "logs": [],
    "eventTimestamp": 1782506039886,
    "event": {
        "request": {
            "url": "https://eye-staff.app/api/chat/conversations",
            "method": "GET",
            "headers": {
                "accept": "*/*",
                "accept-encoding": "gzip, br",
                "accept-language": "es-ES,es;q=0.9,en;q=0.8",
                "authorization": "REDACTED",
                "cf-connecting-ip": "188.86.247.78",
                "cf-ipcountry": "ES",
                "cf-ray": "a11efd7d4daec69e",
                "cf-visitor": "{\"scheme\":\"https\"}",
                "connection": "Keep-Alive",
                "host": "eye-staff.app",
                "priority": "u=1, i",
                "referer": "https://eye-staff.app/",
                "sec-ch-ua": "\"Google Chrome\";v=\"149\", \"Chromium\";v=\"149\", \"Not)A;Brand\";v=\"24\"",
                "sec-ch-ua-mobile": "?0",
                "sec-ch-ua-platform": "\"macOS\"",
                "sec-fetch-dest": "empty",
                "sec-fetch-mode": "cors",
                "sec-fetch-site": "same-origin",
                "user-agent": "Mozilla/5.0 (Macintosh; Intel Mac OS X 10_15_7) AppleWebKit/537.36 (KHTML, like Gecko) Chrome/149.0.0.0 Safari/537.36",
                "x-forwarded-proto": "https",
                "x-real-ip": "188.86.247.78"
            },
            "cf": {
                "httpProtocol": "HTTP/3",
                "clientAcceptEncoding": "gzip, deflate, br",
                "requestPriority": "",
                "edgeRequestKeepAliveStatus": 1,
                "requestHeaderNames": {},
                "clientTcpRtt": 0,
                "clientQuicRtt": 29,
                "colo": "MAD",
                "asn": 12430,
                "asOrganization": "VODAFONE ESPANA, S.A.U",
                "country": "ES",
                "isEUCountry": "1",
                "city": "Madrid",
                "continent": "EU",
                "region": "Madrid",
                "regionCode": "MD",
                "timezone": "Europe/Madrid",
                "longitude": "-3.70256",
                "latitude": "40.4165",
                "postalCode": "28004",
                "tlsVersion": "TLSv1.3",
                "tlsCipher": "AEAD-AES128-GCM-SHA256",
                "tlsClientRandom": "MTR/VrdDTsWwLk6+a6medcGuTgM46+l+PN7QJbUzssY=",
                "tlsClientCiphersSha1": "3HTt3+R/6BL3zeALJDSq0pR1yOQ=",
                "tlsClientExtensionsSha1": "93pnLPs+ozaBzpwu7mDnjA2PRo4=",
                "tlsClientExtensionsSha1Le": "X7qkEoKDVK/pSQ7uCMMewQmugQQ=",
                "tlsClientHelloLength": "1740",
                "tlsClientAuth": {
                    "certPresented": "0",
                    "certVerified": "NONE",
                    "certRevoked": "0",
                    "certIssuerDN": "",
                    "certSubjectDN": "",
                    "certIssuerDNRFC2253": "",
                    "certSubjectDNRFC2253": "",
                    "certIssuerDNLegacy": "",
                    "certSubjectDNLegacy": "",
                    "certSerial": "",
                    "certIssuerSerial": "",
                    "certSKI": "",
                    "certIssuerSKI": "",
                    "certFingerprintSHA1": "",
                    "certFingerprintSHA256": "",
                    "certNotBefore": "",
                    "certNotAfter": "",
                    "certRFC9440": "",
                    "certRFC9440TooLarge": false,
                    "certChainRFC9440": "",
                    "certChainRFC9440TooLarge": false
                },
                "verifiedBotCategory": "",
                "edgeL4": {
                    "deliveryRate": 10983653
                }
            }
        },
        "response": {
            "status": 200
        }
    }
}
{
    "wallTime": 45,
    "cpuTime": 1,
    "truncated": false,
    "executionModel": "stateless",
    "outcome": "ok",
    "scriptTags": [
        "cf:service=grupo-eye-staff"
    ],
    "scriptVersion": {
        "id": "3c658acb-3c0a-4f6c-999e-21a279335e47"
    },
    "scriptName": "grupo-eye-staff",
    "diagnosticsChannelEvents": [],
    "exceptions": [],
    "logs": [],
    "eventTimestamp": 1782506044353,
    "event": {
        "request": {
            "url": "https://eye-staff.app/api/public/test-birthday-report",
            "method": "POST",
            "headers": {
                "accept": "*/*",
                "accept-encoding": "gzip, br",
                "cf-connecting-ip": "188.86.247.78",
                "cf-ipcountry": "ES",
                "cf-ray": "a11efd992b12038a",
                "cf-visitor": "{\"scheme\":\"https\"}",
                "connection": "Keep-Alive",
                "content-length": "0",
                "host": "eye-staff.app",
                "user-agent": "curl/8.7.1",
                "x-forwarded-proto": "https",
                "x-real-ip": "188.86.247.78"
            },
            "cf": {
                "httpProtocol": "HTTP/2",
                "requestPriority": "weight=16;exclusive=0;group=0;group-weight=0",
                "edgeRequestKeepAliveStatus": 1,
                "requestHeaderNames": {},
                "clientTcpRtt": 6,
                "clientQuicRtt": 0,
                "colo": "MAD",
                "asn": 12430,
                "asOrganization": "VODAFONE ESPANA, S.A.U",
                "country": "ES",
                "isEUCountry": "1",
                "city": "Madrid",
                "continent": "EU",
                "region": "Madrid",
                "regionCode": "MD",
                "timezone": "Europe/Madrid",
                "longitude": "-3.70256",
                "latitude": "40.4165",
                "postalCode": "28004",
                "tlsVersion": "TLSv1.3",
                "tlsCipher": "AEAD-CHACHA20-POLY1305-SHA256",
                "tlsClientRandom": "UX06Ak099m+U4qyVk76Par4SGpc9HCGkfk+nZX9ENns=",
                "tlsClientCiphersSha1": "eDGmD1H99AwNYzOR+7eoGLo6eLU=",
                "tlsClientExtensionsSha1": "Ub+nUmIm1U57hdNSUph0R+kx9Gc=",
                "tlsClientExtensionsSha1Le": "NMNf2YIpLBhtroOEBooGFi+jtJ8=",
                "tlsExportedAuthenticator": {
                    "clientHandshake": "a2a0aeae7c3abdf5bbabf4b68b6cef29674625afaedbd9e055c974ca840729a9",
                    "serverHandshake": "81cfc0e5b777246901b46a78b51c8fd2c9b70968f188023df5de5b307d580f3a",
                    "clientFinished": "c527260a5335630315aaad5dd09deafb6e53b6cfa0ce2e975d54274154384a33",
                    "serverFinished": "3d58d86e056de4e1d0795e3c05ba699a8f8967f85dba5c989e90c16cdc943a76"
                },
                "tlsClientHelloLength": "314",
                "tlsClientAuth": {
                    "certPresented": "0",
                    "certVerified": "NONE",
                    "certRevoked": "0",
                    "certIssuerDN": "",
                    "certSubjectDN": "",
                    "certIssuerDNRFC2253": "",
                    "certSubjectDNRFC2253": "",
                    "certIssuerDNLegacy": "",
                    "certSubjectDNLegacy": "",
                    "certSerial": "",
                    "certIssuerSerial": "",
                    "certSKI": "",
                    "certIssuerSKI": "",
                    "certFingerprintSHA1": "",
                    "certFingerprintSHA256": "",
                    "certNotBefore": "",
                    "certNotAfter": "",
                    "certRFC9440": "",
                    "certRFC9440TooLarge": false,
                    "certChainRFC9440": "",
                    "certChainRFC9440TooLarge": false
                },
                "verifiedBotCategory": "",
                "edgeL4": {
                    "deliveryRate": 441853
                }
            }
        },
        "response": {
            "status": 200
        }
    }
}
{
    "wallTime": 98,
    "cpuTime": 1,
    "truncated": false,
    "executionModel": "stateless",
    "outcome": "ok",
    "scriptTags": [
        "cf:service=grupo-eye-staff"
    ],
    "scriptVersion": {
        "id": "3c658acb-3c0a-4f6c-999e-21a279335e47"
    },
    "scriptName": "grupo-eye-staff",
    "diagnosticsChannelEvents": [],
    "exceptions": [],
    "logs": [],
    "eventTimestamp": 1782506049888,
    "event": {
        "request": {
            "url": "https://eye-staff.app/api/staff/live-locations?t=1782506049800",
            "method": "GET",
            "headers": {
                "accept": "*/*",
                "accept-encoding": "gzip, br",
                "accept-language": "es-ES,es;q=0.9,en;q=0.8",
                "authorization": "REDACTED",
                "cache-control": "no-cache",
                "cf-connecting-ip": "188.86.247.78",
                "cf-ipcountry": "ES",
                "cf-ray": "a11efdbbce6ac69e",
                "cf-visitor": "{\"scheme\":\"https\"}",
                "connection": "Keep-Alive",
                "content-type": "application/json",
                "host": "eye-staff.app",
                "pragma": "no-cache",
                "priority": "u=1, i",
                "referer": "https://eye-staff.app/",
                "sec-ch-ua": "\"Google Chrome\";v=\"149\", \"Chromium\";v=\"149\", \"Not)A;Brand\";v=\"24\"",
                "sec-ch-ua-mobile": "?0",
                "sec-ch-ua-platform": "\"macOS\"",
                "sec-fetch-dest": "empty",
                "sec-fetch-mode": "cors",
                "sec-fetch-site": "same-origin",
                "user-agent": "Mozilla/5.0 (Macintosh; Intel Mac OS X 10_15_7) AppleWebKit/537.36 (KHTML, like Gecko) Chrome/149.0.0.0 Safari/537.36",
                "x-forwarded-proto": "https",
                "x-real-ip": "188.86.247.78",
                "x-web-session-id": "1778900541741"
            },
            "cf": {
                "httpProtocol": "HTTP/3",
                "clientAcceptEncoding": "gzip, deflate, br",
                "requestPriority": "",
                "edgeRequestKeepAliveStatus": 1,
                "requestHeaderNames": {},
                "clientTcpRtt": 0,
                "clientQuicRtt": 29,
                "colo": "MAD",
                "asn": 12430,
                "asOrganization": "VODAFONE ESPANA, S.A.U",
                "country": "ES",
                "isEUCountry": "1",
                "city": "Madrid",
                "continent": "EU",
                "region": "Madrid",
                "regionCode": "MD",
                "timezone": "Europe/Madrid",
                "longitude": "-3.70256",
                "latitude": "40.4165",
                "postalCode": "28004",
                "tlsVersion": "TLSv1.3",
                "tlsCipher": "AEAD-AES128-GCM-SHA256",
                "tlsClientRandom": "MTR/VrdDTsWwLk6+a6medcGuTgM46+l+PN7QJbUzssY=",
                "tlsClientCiphersSha1": "3HTt3+R/6BL3zeALJDSq0pR1yOQ=",
                "tlsClientExtensionsSha1": "93pnLPs+ozaBzpwu7mDnjA2PRo4=",
                "tlsClientExtensionsSha1Le": "X7qkEoKDVK/pSQ7uCMMewQmugQQ=",
                "tlsClientHelloLength": "1740",
                "tlsClientAuth": {
                    "certPresented": "0",
                    "certVerified": "NONE",
                    "certRevoked": "0",
                    "certIssuerDN": "",
                    "certSubjectDN": "",
                    "certIssuerDNRFC2253": "",
                    "certSubjectDNRFC2253": "",
                    "certIssuerDNLegacy": "",
                    "certSubjectDNLegacy": "",
                    "certSerial": "",
                    "certIssuerSerial": "",
                    "certSKI": "",
                    "certIssuerSKI": "",
                    "certFingerprintSHA1": "",
                    "certFingerprintSHA256": "",
                    "certNotBefore": "",
                    "certNotAfter": "",
                    "certRFC9440": "",
                    "certRFC9440TooLarge": false,
                    "certChainRFC9440": "",
                    "certChainRFC9440TooLarge": false
                },
                "verifiedBotCategory": "",
                "edgeL4": {
                    "deliveryRate": 10983653
                }
            }
        },
        "response": {
            "status": 200
        }
    }
}
{
    "wallTime": 1643,
    "cpuTime": 20,
    "truncated": false,
    "executionModel": "stateless",
    "outcome": "ok",
    "scriptTags": [
        "cf:service=grupo-eye-staff"
    ],
    "scriptVersion": {
        "id": "3c658acb-3c0a-4f6c-999e-21a279335e47"
    },
    "scriptName": "grupo-eye-staff",
    "diagnosticsChannelEvents": [],
    "exceptions": [],
    "logs": [],
    "eventTimestamp": 1782506049887,
    "event": {
        "request": {
            "url": "https://eye-staff.app/api/chat/conversations",
            "method": "GET",
            "headers": {
                "accept": "*/*",
                "accept-encoding": "gzip, br",
                "accept-language": "es-ES,es;q=0.9,en;q=0.8",
                "authorization": "REDACTED",
                "cf-connecting-ip": "188.86.247.78",
                "cf-ipcountry": "ES",
                "cf-ray": "a11efdbbce69c69e",
                "cf-visitor": "{\"scheme\":\"https\"}",
                "connection": "Keep-Alive",
                "host": "eye-staff.app",
                "priority": "u=1, i",
                "referer": "https://eye-staff.app/",
                "sec-ch-ua": "\"Google Chrome\";v=\"149\", \"Chromium\";v=\"149\", \"Not)A;Brand\";v=\"24\"",
                "sec-ch-ua-mobile": "?0",
                "sec-ch-ua-platform": "\"macOS\"",
                "sec-fetch-dest": "empty",
                "sec-fetch-mode": "cors",
                "sec-fetch-site": "same-origin",
                "user-agent": "Mozilla/5.0 (Macintosh; Intel Mac OS X 10_15_7) AppleWebKit/537.36 (KHTML, like Gecko) Chrome/149.0.0.0 Safari/537.36",
                "x-forwarded-proto": "https",
                "x-real-ip": "188.86.247.78"
            },
            "cf": {
                "httpProtocol": "HTTP/3",
                "clientAcceptEncoding": "gzip, deflate, br",
                "requestPriority": "",
                "edgeRequestKeepAliveStatus": 1,
                "requestHeaderNames": {},
                "clientTcpRtt": 0,
                "clientQuicRtt": 29,
                "colo": "MAD",
                "asn": 12430,
                "asOrganization": "VODAFONE ESPANA, S.A.U",
                "country": "ES",
                "isEUCountry": "1",
                "city": "Madrid",
                "continent": "EU",
                "region": "Madrid",
                "regionCode": "MD",
                "timezone": "Europe/Madrid",
                "longitude": "-3.70256",
                "latitude": "40.4165",
                "postalCode": "28004",
                "tlsVersion": "TLSv1.3",
                "tlsCipher": "AEAD-AES128-GCM-SHA256",
                "tlsClientRandom": "MTR/VrdDTsWwLk6+a6medcGuTgM46+l+PN7QJbUzssY=",
                "tlsClientCiphersSha1": "3HTt3+R/6BL3zeALJDSq0pR1yOQ=",
                "tlsClientExtensionsSha1": "93pnLPs+ozaBzpwu7mDnjA2PRo4=",
                "tlsClientExtensionsSha1Le": "X7qkEoKDVK/pSQ7uCMMewQmugQQ=",
                "tlsClientHelloLength": "1740",
                "tlsClientAuth": {
                    "certPresented": "0",
                    "certVerified": "NONE",
                    "certRevoked": "0",
                    "certIssuerDN": "",
                    "certSubjectDN": "",
                    "certIssuerDNRFC2253": "",
                    "certSubjectDNRFC2253": "",
                    "certIssuerDNLegacy": "",
                    "certSubjectDNLegacy": "",
                    "certSerial": "",
                    "certIssuerSerial": "",
                    "certSKI": "",
                    "certIssuerSKI": "",
                    "certFingerprintSHA1": "",
                    "certFingerprintSHA256": "",
                    "certNotBefore": "",
                    "certNotAfter": "",
                    "certRFC9440": "",
                    "certRFC9440TooLarge": false,
                    "certChainRFC9440": "",
                    "certChainRFC9440TooLarge": false
                },
                "verifiedBotCategory": "",
                "edgeL4": {
                    "deliveryRate": 10983653
                }
            }
        },
        "response": {
            "status": 200
        }
    }
}
{
    "wallTime": 198,
    "cpuTime": 23,
    "truncated": false,
    "executionModel": "stateless",
    "outcome": "ok",
    "scriptTags": [
        "cf:service=grupo-eye-staff"
    ],
    "scriptVersion": {
        "id": "3c658acb-3c0a-4f6c-999e-21a279335e47"
    },
    "scriptName": "grupo-eye-staff",
    "diagnosticsChannelEvents": [],
    "exceptions": [],
    "logs": [],
    "eventTimestamp": 1782506054859,
    "event": {
        "request": {
            "url": "https://eye-staff.app/api/public/test-applications-report",
            "method": "POST",
            "headers": {
                "accept": "*/*",
                "accept-encoding": "gzip, br",
                "cf-connecting-ip": "188.86.247.78",
                "cf-ipcountry": "ES",
                "cf-ray": "a11efddaca4e0328",
                "cf-visitor": "{\"scheme\":\"https\"}",
                "connection": "Keep-Alive",
                "content-length": "0",
                "host": "eye-staff.app",
                "user-agent": "curl/8.7.1",
                "x-forwarded-proto": "https",
                "x-real-ip": "188.86.247.78"
            },
            "cf": {
                "httpProtocol": "HTTP/2",
                "requestPriority": "weight=16;exclusive=0;group=0;group-weight=0",
                "edgeRequestKeepAliveStatus": 1,
                "requestHeaderNames": {},
                "clientTcpRtt": 11,
                "clientQuicRtt": 0,
                "colo": "MAD",
                "asn": 12430,
                "asOrganization": "VODAFONE ESPANA, S.A.U",
                "country": "ES",
                "isEUCountry": "1",
                "city": "Madrid",
                "continent": "EU",
                "region": "Madrid",
                "regionCode": "MD",
                "timezone": "Europe/Madrid",
                "longitude": "-3.70256",
                "latitude": "40.4165",
                "postalCode": "28004",
                "tlsVersion": "TLSv1.3",
                "tlsCipher": "AEAD-CHACHA20-POLY1305-SHA256",
                "tlsClientRandom": "sW1p10nQoMW6gGDy0+yU6UmiPoJQxsA5KH2PcDSl0os=",
                "tlsClientCiphersSha1": "eDGmD1H99AwNYzOR+7eoGLo6eLU=",
                "tlsClientExtensionsSha1": "Ub+nUmIm1U57hdNSUph0R+kx9Gc=",
                "tlsClientExtensionsSha1Le": "NMNf2YIpLBhtroOEBooGFi+jtJ8=",
                "tlsExportedAuthenticator": {
                    "clientHandshake": "e919a755d48ce1fab1af2ee43c03169ff92003115e3687a8f20e8829ba888133",
                    "serverHandshake": "2b02d407c4f53eaee77123e72a9c90bd4a30a8364d7adb9efca09caee95d0ea8",
                    "clientFinished": "d4cdf4d307f89f7177ca3d6ac9a56de3461f07ce7d4e967de604185e83684413",
                    "serverFinished": "ba67487b28cf392f8719b8bf88f4efea7e458c72d13a9d62f7b71aa409b16bf9"
                },
                "tlsClientHelloLength": "314",
                "tlsClientAuth": {
                    "certPresented": "0",
                    "certVerified": "NONE",
                    "certRevoked": "0",
                    "certIssuerDN": "",
                    "certSubjectDN": "",
                    "certIssuerDNRFC2253": "",
                    "certSubjectDNRFC2253": "",
                    "certIssuerDNLegacy": "",
                    "certSubjectDNLegacy": "",
                    "certSerial": "",
                    "certIssuerSerial": "",
                    "certSKI": "",
                    "certIssuerSKI": "",
                    "certFingerprintSHA1": "",
                    "certFingerprintSHA256": "",
                    "certNotBefore": "",
                    "certNotAfter": "",
                    "certRFC9440": "",
                    "certRFC9440TooLarge": false,
                    "certChainRFC9440": "",
                    "certChainRFC9440TooLarge": false
                },
                "verifiedBotCategory": "",
                "edgeL4": {
                    "deliveryRate": 495270
                }
            }
        },
        "response": {
            "status": 200
        }
    }
}
{
    "wallTime": 198,
    "cpuTime": 0,
    "truncated": false,
    "executionModel": "stateless",
    "outcome": "ok",
    "scriptTags": [
        "cf:service=grupo-eye-staff"
    ],
    "scriptVersion": {
        "id": "3c658acb-3c0a-4f6c-999e-21a279335e47"
    },
    "scriptName": "grupo-eye-staff",
    "diagnosticsChannelEvents": [],
    "exceptions": [],
    "logs": [
        {
            "message": [
                "[CRON] Revisando notificaciones para 2026-06-26 16:34..."
            ],
            "level": "log",
            "timestamp": 1782506055014
        }
    ],
    "eventTimestamp": 1782506055014,
    "event": {
        "cron": "* * * * *",
        "scheduledTime": 1782506054000
    }
}
{
    "wallTime": 1553,
    "cpuTime": 20,
    "truncated": false,
    "executionModel": "stateless",
    "outcome": "ok",
    "scriptTags": [
        "cf:service=grupo-eye-staff"
    ],
    "scriptVersion": {
        "id": "3c658acb-3c0a-4f6c-999e-21a279335e47"
    },
    "scriptName": "grupo-eye-staff",
    "diagnosticsChannelEvents": [],
    "exceptions": [],
    "logs": [],
    "eventTimestamp": 1782506059888,
    "event": {
        "request": {
            "url": "https://eye-staff.app/api/chat/conversations",
            "method": "GET",
            "headers": {
                "accept": "*/*",
                "accept-encoding": "gzip, br",
                "accept-language": "es-ES,es;q=0.9,en;q=0.8",
                "authorization": "REDACTED",
                "cf-connecting-ip": "188.86.247.78",
                "cf-ipcountry": "ES",
                "cf-ray": "a11efdfa48d8c69e",
                "cf-visitor": "{\"scheme\":\"https\"}",
                "connection": "Keep-Alive",
                "host": "eye-staff.app",
                "priority": "u=1, i",
                "referer": "https://eye-staff.app/",
                "sec-ch-ua": "\"Google Chrome\";v=\"149\", \"Chromium\";v=\"149\", \"Not)A;Brand\";v=\"24\"",
                "sec-ch-ua-mobile": "?0",
                "sec-ch-ua-platform": "\"macOS\"",
                "sec-fetch-dest": "empty",
                "sec-fetch-mode": "cors",
                "sec-fetch-site": "same-origin",
                "user-agent": "Mozilla/5.0 (Macintosh; Intel Mac OS X 10_15_7) AppleWebKit/537.36 (KHTML, like Gecko) Chrome/149.0.0.0 Safari/537.36",
                "x-forwarded-proto": "https",
                "x-real-ip": "188.86.247.78"
            },
            "cf": {
                "httpProtocol": "HTTP/3",
                "clientAcceptEncoding": "gzip, deflate, br",
                "requestPriority": "",
                "edgeRequestKeepAliveStatus": 1,
                "requestHeaderNames": {},
                "clientTcpRtt": 0,
                "clientQuicRtt": 29,
                "colo": "MAD",
                "asn": 12430,
                "asOrganization": "VODAFONE ESPANA, S.A.U",
                "country": "ES",
                "isEUCountry": "1",
                "city": "Madrid",
                "continent": "EU",
                "region": "Madrid",
                "regionCode": "MD",
                "timezone": "Europe/Madrid",
                "longitude": "-3.70256",
                "latitude": "40.4165",
                "postalCode": "28004",
                "tlsVersion": "TLSv1.3",
                "tlsCipher": "AEAD-AES128-GCM-SHA256",
                "tlsClientRandom": "MTR/VrdDTsWwLk6+a6medcGuTgM46+l+PN7QJbUzssY=",
                "tlsClientCiphersSha1": "3HTt3+R/6BL3zeALJDSq0pR1yOQ=",
                "tlsClientExtensionsSha1": "93pnLPs+ozaBzpwu7mDnjA2PRo4=",
                "tlsClientExtensionsSha1Le": "X7qkEoKDVK/pSQ7uCMMewQmugQQ=",
                "tlsClientHelloLength": "1740",
                "tlsClientAuth": {
                    "certPresented": "0",
                    "certVerified": "NONE",
                    "certRevoked": "0",
                    "certIssuerDN": "",
                    "certSubjectDN": "",
                    "certIssuerDNRFC2253": "",
                    "certSubjectDNRFC2253": "",
                    "certIssuerDNLegacy": "",
                    "certSubjectDNLegacy": "",
                    "certSerial": "",
                    "certIssuerSerial": "",
                    "certSKI": "",
                    "certIssuerSKI": "",
                    "certFingerprintSHA1": "",
                    "certFingerprintSHA256": "",
                    "certNotBefore": "",
                    "certNotAfter": "",
                    "certRFC9440": "",
                    "certRFC9440TooLarge": false,
                    "certChainRFC9440": "",
                    "certChainRFC9440TooLarge": false
                },
                "verifiedBotCategory": "",
                "edgeL4": {
                    "deliveryRate": 10983653
                }
            }
        },
        "response": {
            "status": 200
        }
    }
}
{
    "wallTime": 9,
    "cpuTime": 7,
    "truncated": false,
    "executionModel": "stateless",
    "outcome": "ok",
    "scriptTags": [
        "cf:service=grupo-eye-staff"
    ],
    "scriptVersion": {
        "id": "3c658acb-3c0a-4f6c-999e-21a279335e47"
    },
    "scriptName": "grupo-eye-staff",
    "diagnosticsChannelEvents": [],
    "exceptions": [],
    "logs": [],
    "eventTimestamp": 1782506063511,
    "event": {
        "request": {
            "url": "https://eye-staff.app/api/whatsapp/backup",
            "method": "POST",
            "headers": {
                "accept": "*/*",
                "accept-encoding": "gzip, br",
                "accept-language": "*",
                "authorization": "REDACTED",
                "cf-connecting-ip": "74.220.48.235",
                "cf-ipcountry": "US",
                "cf-ray": "a11efe10bf34e8e9",
                "cf-visitor": "{\"scheme\":\"https\"}",
                "connection": "Keep-Alive",
                "content-length": "894674",
                "content-type": "application/zip",
                "host": "eye-staff.app",
                "sec-fetch-mode": "cors",
                "user-agent": "node",
                "x-forwarded-proto": "https",
                "x-real-ip": "74.220.48.235"
            },
            "cf": {
                "httpProtocol": "HTTP/2",
                "clientAcceptEncoding": "gzip, deflate, br",
                "requestPriority": "weight=16;exclusive=0;group=0;group-weight=0",
                "edgeRequestKeepAliveStatus": 1,
                "requestHeaderNames": {},
                "clientTcpRtt": 6,
                "clientQuicRtt": 0,
                "colo": "PDX",
                "asn": 16509,
                "asOrganization": "Render",
                "country": "US",
                "isEUCountry": false,
                "city": "Boardman",
                "continent": "NA",
                "region": "Oregon",
                "regionCode": "OR",
                "timezone": "America/Los_Angeles",
                "longitude": "-119.70058",
                "latitude": "45.83986",
                "postalCode": "97818",
                "metroCode": "810",
                "tlsVersion": "TLSv1.3",
                "tlsCipher": "AEAD-AES256-GCM-SHA384",
                "tlsClientRandom": "AxXpXp8MS6sFW5X+GNx1Cll9J8ghXOG/hqVXo/UL2AE=",
                "tlsClientCiphersSha1": "kXrN3VEKDdzz2cPKTQaKzpxVTxQ=",
                "tlsClientExtensionsSha1": "1eY97BUYYO8vDaTfHQywB1pcNdM=",
                "tlsClientExtensionsSha1Le": "u4wtEMFQBY18l3BzHAvORm+KGRw=",
                "tlsExportedAuthenticator": {
                    "clientHandshake": "82cb48bfb303d2c17cc596c712ceb5ca7878ea5e1015b8f2eb200b545a0a6e3718b10d4770b2c9e4ddac6be170838e41",
                    "serverHandshake": "6a049f976c2a7e27b6d0392ce41f6e489bd1bcb9a781900d3fdda82b700d7244419c8140f91607ec782d0b199bf70abd",
                    "clientFinished": "4800121311d0eaec7adfc35b1b3bcf690e9e095d970adc92482bc6716e6ff5a63ecd7358da2be154e7e39335e4877085",
                    "serverFinished": "8182d982a781e5b535fa5dd74f5818cd45a9342aafbc336d178e4e383708f694a6077d731f4c964d25f4d3fc2e5176b7"
                },
                "tlsClientHelloLength": "1599",
                "tlsClientAuth": {
                    "certPresented": "0",
                    "certVerified": "NONE",
                    "certRevoked": "0",
                    "certIssuerDN": "",
                    "certSubjectDN": "",
                    "certIssuerDNRFC2253": "",
                    "certSubjectDNRFC2253": "",
                    "certIssuerDNLegacy": "",
                    "certSubjectDNLegacy": "",
                    "certSerial": "",
                    "certIssuerSerial": "",
                    "certSKI": "",
                    "certIssuerSKI": "",
                    "certFingerprintSHA1": "",
                    "certFingerprintSHA256": "",
                    "certNotBefore": "",
                    "certNotAfter": "",
                    "certRFC9440": "",
                    "certRFC9440TooLarge": false,
                    "certChainRFC9440": "",
                    "certChainRFC9440TooLarge": false
                },
                "verifiedBotCategory": "",
                "edgeL4": {
                    "deliveryRate": 2198519
                }
            }
        },
        "response": {
            "status": 401
        }
    }
}
{
    "wallTime": 97,
    "cpuTime": 1,
    "truncated": false,
    "executionModel": "stateless",
    "outcome": "ok",
    "scriptTags": [
        "cf:service=grupo-eye-staff"
    ],
    "scriptVersion": {
        "id": "3c658acb-3c0a-4f6c-999e-21a279335e47"
    },
    "scriptName": "grupo-eye-staff",
    "diagnosticsChannelEvents": [],
    "exceptions": [],
    "logs": [],
    "eventTimestamp": 1782506064892,
    "event": {
        "request": {
            "url": "https://eye-staff.app/api/staff/live-locations?t=1782506064802",
            "method": "GET",
            "headers": {
                "accept": "*/*",
                "accept-encoding": "gzip, br",
                "accept-language": "es-ES,es;q=0.9,en;q=0.8",
                "authorization": "REDACTED",
                "cache-control": "no-cache",
                "cf-connecting-ip": "188.86.247.78",
                "cf-ipcountry": "ES",
                "cf-ray": "a11efe198cedc69e",
                "cf-visitor": "{\"scheme\":\"https\"}",
                "connection": "Keep-Alive",
                "content-type": "application/json",
                "host": "eye-staff.app",
                "pragma": "no-cache",
                "priority": "u=1, i",
                "referer": "https://eye-staff.app/",
                "sec-ch-ua": "\"Google Chrome\";v=\"149\", \"Chromium\";v=\"149\", \"Not)A;Brand\";v=\"24\"",
                "sec-ch-ua-mobile": "?0",
                "sec-ch-ua-platform": "\"macOS\"",
                "sec-fetch-dest": "empty",
                "sec-fetch-mode": "cors",
                "sec-fetch-site": "same-origin",
                "user-agent": "Mozilla/5.0 (Macintosh; Intel Mac OS X 10_15_7) AppleWebKit/537.36 (KHTML, like Gecko) Chrome/149.0.0.0 Safari/537.36",
                "x-forwarded-proto": "https",
                "x-real-ip": "188.86.247.78",
                "x-web-session-id": "1778900541741"
            },
            "cf": {
                "httpProtocol": "HTTP/3",
                "clientAcceptEncoding": "gzip, deflate, br",
                "requestPriority": "",
                "edgeRequestKeepAliveStatus": 1,
                "requestHeaderNames": {},
                "clientTcpRtt": 0,
                "clientQuicRtt": 33,
                "colo": "MAD",
                "asn": 12430,
                "asOrganization": "VODAFONE ESPANA, S.A.U",
                "country": "ES",
                "isEUCountry": "1",
                "city": "Madrid",
                "continent": "EU",
                "region": "Madrid",
                "regionCode": "MD",
                "timezone": "Europe/Madrid",
                "longitude": "-3.70256",
                "latitude": "40.4165",
                "postalCode": "28004",
                "tlsVersion": "TLSv1.3",
                "tlsCipher": "AEAD-AES128-GCM-SHA256",
                "tlsClientRandom": "MTR/VrdDTsWwLk6+a6medcGuTgM46+l+PN7QJbUzssY=",
                "tlsClientCiphersSha1": "3HTt3+R/6BL3zeALJDSq0pR1yOQ=",
                "tlsClientExtensionsSha1": "93pnLPs+ozaBzpwu7mDnjA2PRo4=",
                "tlsClientExtensionsSha1Le": "X7qkEoKDVK/pSQ7uCMMewQmugQQ=",
                "tlsClientHelloLength": "1740",
                "tlsClientAuth": {
                    "certPresented": "0",
                    "certVerified": "NONE",
                    "certRevoked": "0",
                    "certIssuerDN": "",
                    "certSubjectDN": "",
                    "certIssuerDNRFC2253": "",
                    "certSubjectDNRFC2253": "",
                    "certIssuerDNLegacy": "",
                    "certSubjectDNLegacy": "",
                    "certSerial": "",
                    "certIssuerSerial": "",
                    "certSKI": "",
                    "certIssuerSKI": "",
                    "certFingerprintSHA1": "",
                    "certFingerprintSHA256": "",
                    "certNotBefore": "",
                    "certNotAfter": "",
                    "certRFC9440": "",
                    "certRFC9440TooLarge": false,
                    "certChainRFC9440": "",
                    "certChainRFC9440TooLarge": false
                },
                "verifiedBotCategory": "",
                "edgeL4": {
                    "deliveryRate": 10983653
                }
            }
        },
        "response": {
            "status": 200
        }
    }
}
{
    "wallTime": 1682,
    "cpuTime": 17,
    "truncated": false,
    "executionModel": "stateless",
    "outcome": "ok",
    "scriptTags": [
        "cf:service=grupo-eye-staff"
    ],
    "scriptVersion": {
        "id": "3c658acb-3c0a-4f6c-999e-21a279335e47"
    },
    "scriptName": "grupo-eye-staff",
    "diagnosticsChannelEvents": [],
    "exceptions": [],
    "logs": [],
    "eventTimestamp": 1782506069887,
    "event": {
        "request": {
            "url": "https://eye-staff.app/api/chat/conversations",
            "method": "GET",
            "headers": {
                "accept": "*/*",
                "accept-encoding": "gzip, br",
                "accept-language": "es-ES,es;q=0.9,en;q=0.8",
                "authorization": "REDACTED",
                "cf-connecting-ip": "188.86.247.78",
                "cf-ipcountry": "ES",
                "cf-ray": "a11efe38c8f3c69e",
                "cf-visitor": "{\"scheme\":\"https\"}",
                "connection": "Keep-Alive",
                "host": "eye-staff.app",
                "priority": "u=1, i",
                "referer": "https://eye-staff.app/",
                "sec-ch-ua": "\"Google Chrome\";v=\"149\", \"Chromium\";v=\"149\", \"Not)A;Brand\";v=\"24\"",
                "sec-ch-ua-mobile": "?0",
                "sec-ch-ua-platform": "\"macOS\"",
                "sec-fetch-dest": "empty",
                "sec-fetch-mode": "cors",
                "sec-fetch-site": "same-origin",
                "user-agent": "Mozilla/5.0 (Macintosh; Intel Mac OS X 10_15_7) AppleWebKit/537.36 (KHTML, like Gecko) Chrome/149.0.0.0 Safari/537.36",
                "x-forwarded-proto": "https",
                "x-real-ip": "188.86.247.78"
            },
            "cf": {
                "httpProtocol": "HTTP/3",
                "clientAcceptEncoding": "gzip, deflate, br",
                "requestPriority": "",
                "edgeRequestKeepAliveStatus": 1,
                "requestHeaderNames": {},
                "clientTcpRtt": 0,
                "clientQuicRtt": 30,
                "colo": "MAD",
                "asn": 12430,
                "asOrganization": "VODAFONE ESPANA, S.A.U",
                "country": "ES",
                "isEUCountry": "1",
                "city": "Madrid",
                "continent": "EU",
                "region": "Madrid",
                "regionCode": "MD",
                "timezone": "Europe/Madrid",
                "longitude": "-3.70256",
                "latitude": "40.4165",
                "postalCode": "28004",
                "tlsVersion": "TLSv1.3",
                "tlsCipher": "AEAD-AES128-GCM-SHA256",
                "tlsClientRandom": "MTR/VrdDTsWwLk6+a6medcGuTgM46+l+PN7QJbUzssY=",
                "tlsClientCiphersSha1": "3HTt3+R/6BL3zeALJDSq0pR1yOQ=",
                "tlsClientExtensionsSha1": "93pnLPs+ozaBzpwu7mDnjA2PRo4=",
                "tlsClientExtensionsSha1Le": "X7qkEoKDVK/pSQ7uCMMewQmugQQ=",
                "tlsClientHelloLength": "1740",
                "tlsClientAuth": {
                    "certPresented": "0",
                    "certVerified": "NONE",
                    "certRevoked": "0",
                    "certIssuerDN": "",
                    "certSubjectDN": "",
                    "certIssuerDNRFC2253": "",
                    "certSubjectDNRFC2253": "",
                    "certIssuerDNLegacy": "",
                    "certSubjectDNLegacy": "",
                    "certSerial": "",
                    "certIssuerSerial": "",
                    "certSKI": "",
                    "certIssuerSKI": "",
                    "certFingerprintSHA1": "",
                    "certFingerprintSHA256": "",
                    "certNotBefore": "",
                    "certNotAfter": "",
                    "certRFC9440": "",
                    "certRFC9440TooLarge": false,
                    "certChainRFC9440": "",
                    "certChainRFC9440TooLarge": false
                },
                "verifiedBotCategory": "",
                "edgeL4": {
                    "deliveryRate": 10983653
                }
            }
        },
        "response": {
            "status": 200
        }
    }
}
{
    "wallTime": 204,
    "cpuTime": 14,
    "truncated": false,
    "executionModel": "stateless",
    "outcome": "ok",
    "scriptTags": [
        "cf:service=grupo-eye-staff"
    ],
    "scriptVersion": {
        "id": "3c658acb-3c0a-4f6c-999e-21a279335e47"
    },
    "scriptName": "grupo-eye-staff",
    "diagnosticsChannelEvents": [],
    "exceptions": [],
    "logs": [],
    "eventTimestamp": 1782506072755,
    "event": {
        "request": {
            "url": "https://eye-staff.app/api/public/test-applications-report",
            "method": "POST",
            "headers": {
                "accept": "*/*",
                "accept-encoding": "gzip, br",
                "cf-connecting-ip": "188.86.247.78",
                "cf-ipcountry": "ES",
                "cf-ray": "a11efe4aafffcfd8",
                "cf-visitor": "{\"scheme\":\"https\"}",
                "connection": "Keep-Alive",
                "content-length": "0",
                "host": "eye-staff.app",
                "user-agent": "curl/8.7.1",
                "x-forwarded-proto": "https",
                "x-real-ip": "188.86.247.78"
            },
            "cf": {
                "httpProtocol": "HTTP/2",
                "requestPriority": "weight=16;exclusive=0;group=0;group-weight=0",
                "edgeRequestKeepAliveStatus": 1,
                "requestHeaderNames": {},
                "clientTcpRtt": 6,
                "clientQuicRtt": 0,
                "colo": "MAD",
                "asn": 12430,
                "asOrganization": "VODAFONE ESPANA, S.A.U",
                "country": "ES",
                "isEUCountry": "1",
                "city": "Madrid",
                "continent": "EU",
                "region": "Madrid",
                "regionCode": "MD",
                "timezone": "Europe/Madrid",
                "longitude": "-3.70256",
                "latitude": "40.4165",
                "postalCode": "28004",
                "tlsVersion": "TLSv1.3",
                "tlsCipher": "AEAD-CHACHA20-POLY1305-SHA256",
                "tlsClientRandom": "abniIcX5FrSFpdk4Wgo6eqRvp3CkQV4ZZa/bdAbe9BA=",
                "tlsClientCiphersSha1": "eDGmD1H99AwNYzOR+7eoGLo6eLU=",
                "tlsClientExtensionsSha1": "Ub+nUmIm1U57hdNSUph0R+kx9Gc=",
                "tlsClientExtensionsSha1Le": "NMNf2YIpLBhtroOEBooGFi+jtJ8=",
                "tlsExportedAuthenticator": {
                    "clientHandshake": "eb7587e61a6139e5eb1ee1b1ba2d2751742a86bdb498d9ba46e60a34d0009e0e",
                    "serverHandshake": "cf5ea71232d35442b953a6e78af333a30de6bc3b067640bb51e63347eb624115",
                    "clientFinished": "fd94dbea180a66edd09adeb4d7072afb7228f3dd359e54e1ba80cc732635c0e8",
                    "serverFinished": "ab7e52887cad906c7b71384ed0224c197e7967b4ac83ce39e4078308122dad9e"
                },
                "tlsClientHelloLength": "314",
                "tlsClientAuth": {
                    "certPresented": "0",
                    "certVerified": "NONE",
                    "certRevoked": "0",
                    "certIssuerDN": "",
                    "certSubjectDN": "",
                    "certIssuerDNRFC2253": "",
                    "certSubjectDNRFC2253": "",
                    "certIssuerDNLegacy": "",
                    "certSubjectDNLegacy": "",
                    "certSerial": "",
                    "certIssuerSerial": "",
                    "certSKI": "",
                    "certIssuerSKI": "",
                    "certFingerprintSHA1": "",
                    "certFingerprintSHA256": "",
                    "certNotBefore": "",
                    "certNotAfter": "",
                    "certRFC9440": "",
                    "certRFC9440TooLarge": false,
                    "certChainRFC9440": "",
                    "certChainRFC9440TooLarge": false
                },
                "verifiedBotCategory": "",
                "edgeL4": {
                    "deliveryRate": 450563
                }
            }
        },
        "response": {
            "status": 200
        }
    }
}
{
    "wallTime": 92,
    "cpuTime": 1,
    "truncated": false,
    "executionModel": "stateless",
    "outcome": "ok",
    "scriptTags": [
        "cf:service=grupo-eye-staff"
    ],
    "scriptVersion": {
        "id": "3c658acb-3c0a-4f6c-999e-21a279335e47"
    },
    "scriptName": "grupo-eye-staff",
    "diagnosticsChannelEvents": [],
    "exceptions": [],
    "logs": [],
    "eventTimestamp": 1782506079888,
    "event": {
        "request": {
            "url": "https://eye-staff.app/api/staff/live-locations?t=1782506079801",
            "method": "GET",
            "headers": {
                "accept": "*/*",
                "accept-encoding": "gzip, br",
                "accept-language": "es-ES,es;q=0.9,en;q=0.8",
                "authorization": "REDACTED",
                "cache-control": "no-cache",
                "cf-connecting-ip": "188.86.247.78",
                "cf-ipcountry": "ES",
                "cf-ray": "a11efe774b89c69e",
                "cf-visitor": "{\"scheme\":\"https\"}",
                "connection": "Keep-Alive",
                "content-type": "application/json",
                "host": "eye-staff.app",
                "pragma": "no-cache",
                "priority": "u=1, i",
                "referer": "https://eye-staff.app/",
                "sec-ch-ua": "\"Google Chrome\";v=\"149\", \"Chromium\";v=\"149\", \"Not)A;Brand\";v=\"24\"",
                "sec-ch-ua-mobile": "?0",
                "sec-ch-ua-platform": "\"macOS\"",
                "sec-fetch-dest": "empty",
                "sec-fetch-mode": "cors",
                "sec-fetch-site": "same-origin",
                "user-agent": "Mozilla/5.0 (Macintosh; Intel Mac OS X 10_15_7) AppleWebKit/537.36 (KHTML, like Gecko) Chrome/149.0.0.0 Safari/537.36",
                "x-forwarded-proto": "https",
                "x-real-ip": "188.86.247.78",
                "x-web-session-id": "1778900541741"
            },
            "cf": {
                "httpProtocol": "HTTP/3",
                "clientAcceptEncoding": "gzip, deflate, br",
                "requestPriority": "",
                "edgeRequestKeepAliveStatus": 1,
                "requestHeaderNames": {},
                "clientTcpRtt": 0,
                "clientQuicRtt": 36,
                "colo": "MAD",
                "asn": 12430,
                "asOrganization": "VODAFONE ESPANA, S.A.U",
                "country": "ES",
                "isEUCountry": "1",
                "city": "Madrid",
                "continent": "EU",
                "region": "Madrid",
                "regionCode": "MD",
                "timezone": "Europe/Madrid",
                "longitude": "-3.70256",
                "latitude": "40.4165",
                "postalCode": "28004",
                "tlsVersion": "TLSv1.3",
                "tlsCipher": "AEAD-AES128-GCM-SHA256",
                "tlsClientRandom": "MTR/VrdDTsWwLk6+a6medcGuTgM46+l+PN7QJbUzssY=",
                "tlsClientCiphersSha1": "3HTt3+R/6BL3zeALJDSq0pR1yOQ=",
                "tlsClientExtensionsSha1": "93pnLPs+ozaBzpwu7mDnjA2PRo4=",
                "tlsClientExtensionsSha1Le": "X7qkEoKDVK/pSQ7uCMMewQmugQQ=",
                "tlsClientHelloLength": "1740",
                "tlsClientAuth": {
                    "certPresented": "0",
                    "certVerified": "NONE",
                    "certRevoked": "0",
                    "certIssuerDN": "",
                    "certSubjectDN": "",
                    "certIssuerDNRFC2253": "",
                    "certSubjectDNRFC2253": "",
                    "certIssuerDNLegacy": "",
                    "certSubjectDNLegacy": "",
                    "certSerial": "",
                    "certIssuerSerial": "",
                    "certSKI": "",
                    "certIssuerSKI": "",
                    "certFingerprintSHA1": "",
                    "certFingerprintSHA256": "",
                    "certNotBefore": "",
                    "certNotAfter": "",
                    "certRFC9440": "",
                    "certRFC9440TooLarge": false,
                    "certChainRFC9440": "",
                    "certChainRFC9440TooLarge": false
                },
                "verifiedBotCategory": "",
                "edgeL4": {
                    "deliveryRate": 10983653
                }
            }
        },
        "response": {
            "status": 200
        }
    }
}
{
    "wallTime": 1427,
    "cpuTime": 14,
    "truncated": false,
    "executionModel": "stateless",
    "outcome": "ok",
    "scriptTags": [
        "cf:service=grupo-eye-staff"
    ],
    "scriptVersion": {
        "id": "3c658acb-3c0a-4f6c-999e-21a279335e47"
    },
    "scriptName": "grupo-eye-staff",
    "diagnosticsChannelEvents": [],
    "exceptions": [],
    "logs": [],
    "eventTimestamp": 1782506079888,
    "event": {
        "request": {
            "url": "https://eye-staff.app/api/chat/conversations",
            "method": "GET",
            "headers": {
                "accept": "*/*",
                "accept-encoding": "gzip, br",
                "accept-language": "es-ES,es;q=0.9,en;q=0.8",
                "authorization": "REDACTED",
                "cf-connecting-ip": "188.86.247.78",
                "cf-ipcountry": "ES",
                "cf-ray": "a11efe774b88c69e",
                "cf-visitor": "{\"scheme\":\"https\"}",
                "connection": "Keep-Alive",
                "host": "eye-staff.app",
                "priority": "u=1, i",
                "referer": "https://eye-staff.app/",
                "sec-ch-ua": "\"Google Chrome\";v=\"149\", \"Chromium\";v=\"149\", \"Not)A;Brand\";v=\"24\"",
                "sec-ch-ua-mobile": "?0",
                "sec-ch-ua-platform": "\"macOS\"",
                "sec-fetch-dest": "empty",
                "sec-fetch-mode": "cors",
                "sec-fetch-site": "same-origin",
                "user-agent": "Mozilla/5.0 (Macintosh; Intel Mac OS X 10_15_7) AppleWebKit/537.36 (KHTML, like Gecko) Chrome/149.0.0.0 Safari/537.36",
                "x-forwarded-proto": "https",
                "x-real-ip": "188.86.247.78"
            },
            "cf": {
                "httpProtocol": "HTTP/3",
                "clientAcceptEncoding": "gzip, deflate, br",
                "requestPriority": "",
                "edgeRequestKeepAliveStatus": 1,
                "requestHeaderNames": {},
                "clientTcpRtt": 0,
                "clientQuicRtt": 36,
                "colo": "MAD",
                "asn": 12430,
                "asOrganization": "VODAFONE ESPANA, S.A.U",
                "country": "ES",
                "isEUCountry": "1",
                "city": "Madrid",
                "continent": "EU",
                "region": "Madrid",
                "regionCode": "MD",
                "timezone": "Europe/Madrid",
                "longitude": "-3.70256",
                "latitude": "40.4165",
                "postalCode": "28004",
                "tlsVersion": "TLSv1.3",
                "tlsCipher": "AEAD-AES128-GCM-SHA256",
                "tlsClientRandom": "MTR/VrdDTsWwLk6+a6medcGuTgM46+l+PN7QJbUzssY=",
                "tlsClientCiphersSha1": "3HTt3+R/6BL3zeALJDSq0pR1yOQ=",
                "tlsClientExtensionsSha1": "93pnLPs+ozaBzpwu7mDnjA2PRo4=",
                "tlsClientExtensionsSha1Le": "X7qkEoKDVK/pSQ7uCMMewQmugQQ=",
                "tlsClientHelloLength": "1740",
                "tlsClientAuth": {
                    "certPresented": "0",
                    "certVerified": "NONE",
                    "certRevoked": "0",
                    "certIssuerDN": "",
                    "certSubjectDN": "",
                    "certIssuerDNRFC2253": "",
                    "certSubjectDNRFC2253": "",
                    "certIssuerDNLegacy": "",
                    "certSubjectDNLegacy": "",
                    "certSerial": "",
                    "certIssuerSerial": "",
                    "certSKI": "",
                    "certIssuerSKI": "",
                    "certFingerprintSHA1": "",
                    "certFingerprintSHA256": "",
                    "certNotBefore": "",
                    "certNotAfter": "",
                    "certRFC9440": "",
                    "certRFC9440TooLarge": false,
                    "certChainRFC9440": "",
                    "certChainRFC9440TooLarge": false
                },
                "verifiedBotCategory": "",
                "edgeL4": {
                    "deliveryRate": 10983653
                }
            }
        },
        "response": {
            "status": 200
        }
    }
}
{
    "wallTime": 1419,
    "cpuTime": 16,
    "truncated": false,
    "executionModel": "stateless",
    "outcome": "ok",
    "scriptTags": [
        "cf:service=grupo-eye-staff"
    ],
    "scriptVersion": {
        "id": "3c658acb-3c0a-4f6c-999e-21a279335e47"
    },
    "scriptName": "grupo-eye-staff",
    "diagnosticsChannelEvents": [],
    "exceptions": [],
    "logs": [],
    "eventTimestamp": 1782506089886,
    "event": {
        "request": {
            "url": "https://eye-staff.app/api/chat/conversations",
            "method": "GET",
            "headers": {
                "accept": "*/*",
                "accept-encoding": "gzip, br",
                "accept-language": "es-ES,es;q=0.9,en;q=0.8",
                "authorization": "REDACTED",
                "cf-connecting-ip": "188.86.247.78",
                "cf-ipcountry": "ES",
                "cf-ray": "a11efeb5cdb2c69e",
                "cf-visitor": "{\"scheme\":\"https\"}",
                "connection": "Keep-Alive",
                "host": "eye-staff.app",
                "priority": "u=1, i",
                "referer": "https://eye-staff.app/",
                "sec-ch-ua": "\"Google Chrome\";v=\"149\", \"Chromium\";v=\"149\", \"Not)A;Brand\";v=\"24\"",
                "sec-ch-ua-mobile": "?0",
                "sec-ch-ua-platform": "\"macOS\"",
                "sec-fetch-dest": "empty",
                "sec-fetch-mode": "cors",
                "sec-fetch-site": "same-origin",
                "user-agent": "Mozilla/5.0 (Macintosh; Intel Mac OS X 10_15_7) AppleWebKit/537.36 (KHTML, like Gecko) Chrome/149.0.0.0 Safari/537.36",
                "x-forwarded-proto": "https",
                "x-real-ip": "188.86.247.78"
            },
            "cf": {
                "httpProtocol": "HTTP/3",
                "clientAcceptEncoding": "gzip, deflate, br",
                "requestPriority": "",
                "edgeRequestKeepAliveStatus": 1,
                "requestHeaderNames": {},
                "clientTcpRtt": 0,
                "clientQuicRtt": 29,
                "colo": "MAD",
                "asn": 12430,
                "asOrganization": "VODAFONE ESPANA, S.A.U",
                "country": "ES",
                "isEUCountry": "1",
                "city": "Madrid",
                "continent": "EU",
                "region": "Madrid",
                "regionCode": "MD",
                "timezone": "Europe/Madrid",
                "longitude": "-3.70256",
                "latitude": "40.4165",
                "postalCode": "28004",
                "tlsVersion": "TLSv1.3",
                "tlsCipher": "AEAD-AES128-GCM-SHA256",
                "tlsClientRandom": "MTR/VrdDTsWwLk6+a6medcGuTgM46+l+PN7QJbUzssY=",
                "tlsClientCiphersSha1": "3HTt3+R/6BL3zeALJDSq0pR1yOQ=",
                "tlsClientExtensionsSha1": "93pnLPs+ozaBzpwu7mDnjA2PRo4=",
                "tlsClientExtensionsSha1Le": "X7qkEoKDVK/pSQ7uCMMewQmugQQ=",
                "tlsClientHelloLength": "1740",
                "tlsClientAuth": {
                    "certPresented": "0",
                    "certVerified": "NONE",
                    "certRevoked": "0",
                    "certIssuerDN": "",
                    "certSubjectDN": "",
                    "certIssuerDNRFC2253": "",
                    "certSubjectDNRFC2253": "",
                    "certIssuerDNLegacy": "",
                    "certSubjectDNLegacy": "",
                    "certSerial": "",
                    "certIssuerSerial": "",
                    "certSKI": "",
                    "certIssuerSKI": "",
                    "certFingerprintSHA1": "",
                    "certFingerprintSHA256": "",
                    "certNotBefore": "",
                    "certNotAfter": "",
                    "certRFC9440": "",
                    "certRFC9440TooLarge": false,
                    "certChainRFC9440": "",
                    "certChainRFC9440TooLarge": false
                },
                "verifiedBotCategory": "",
                "edgeL4": {
                    "deliveryRate": 10983653
                }
            }
        },
        "response": {
            "status": 200
        }
    }
}
{
    "wallTime": 79,
    "cpuTime": 1,
    "truncated": false,
    "executionModel": "stateless",
    "outcome": "ok",
    "scriptTags": [
        "cf:service=grupo-eye-staff"
    ],
    "scriptVersion": {
        "id": "3c658acb-3c0a-4f6c-999e-21a279335e47"
    },
    "scriptName": "grupo-eye-staff",
    "diagnosticsChannelEvents": [],
    "exceptions": [],
    "logs": [],
    "eventTimestamp": 1782506094892,
    "event": {
        "request": {
            "url": "https://eye-staff.app/api/staff/live-locations?t=1782506094803",
            "method": "GET",
            "headers": {
                "accept": "*/*",
                "accept-encoding": "gzip, br",
                "accept-language": "es-ES,es;q=0.9,en;q=0.8",
                "authorization": "REDACTED",
                "cache-control": "no-cache",
                "cf-connecting-ip": "188.86.247.78",
                "cf-ipcountry": "ES",
                "cf-ray": "a11efed50affc69e",
                "cf-visitor": "{\"scheme\":\"https\"}",
                "connection": "Keep-Alive",
                "content-type": "application/json",
                "host": "eye-staff.app",
                "pragma": "no-cache",
                "priority": "u=1, i",
                "referer": "https://eye-staff.app/",
                "sec-ch-ua": "\"Google Chrome\";v=\"149\", \"Chromium\";v=\"149\", \"Not)A;Brand\";v=\"24\"",
                "sec-ch-ua-mobile": "?0",
                "sec-ch-ua-platform": "\"macOS\"",
                "sec-fetch-dest": "empty",
                "sec-fetch-mode": "cors",
                "sec-fetch-site": "same-origin",
                "user-agent": "Mozilla/5.0 (Macintosh; Intel Mac OS X 10_15_7) AppleWebKit/537.36 (KHTML, like Gecko) Chrome/149.0.0.0 Safari/537.36",
                "x-forwarded-proto": "https",
                "x-real-ip": "188.86.247.78",
                "x-web-session-id": "1778900541741"
            },
            "cf": {
                "httpProtocol": "HTTP/3",
                "clientAcceptEncoding": "gzip, deflate, br",
                "requestPriority": "",
                "edgeRequestKeepAliveStatus": 1,
                "requestHeaderNames": {},
                "clientTcpRtt": 0,
                "clientQuicRtt": 27,
                "colo": "MAD",
                "asn": 12430,
                "asOrganization": "VODAFONE ESPANA, S.A.U",
                "country": "ES",
                "isEUCountry": "1",
                "city": "Madrid",
                "continent": "EU",
                "region": "Madrid",
                "regionCode": "MD",
                "timezone": "Europe/Madrid",
                "longitude": "-3.70256",
                "latitude": "40.4165",
                "postalCode": "28004",
                "tlsVersion": "TLSv1.3",
                "tlsCipher": "AEAD-AES128-GCM-SHA256",
                "tlsClientRandom": "MTR/VrdDTsWwLk6+a6medcGuTgM46+l+PN7QJbUzssY=",
                "tlsClientCiphersSha1": "3HTt3+R/6BL3zeALJDSq0pR1yOQ=",
                "tlsClientExtensionsSha1": "93pnLPs+ozaBzpwu7mDnjA2PRo4=",
                "tlsClientExtensionsSha1Le": "X7qkEoKDVK/pSQ7uCMMewQmugQQ=",
                "tlsClientHelloLength": "1740",
                "tlsClientAuth": {
                    "certPresented": "0",
                    "certVerified": "NONE",
                    "certRevoked": "0",
                    "certIssuerDN": "",
                    "certSubjectDN": "",
                    "certIssuerDNRFC2253": "",
                    "certSubjectDNRFC2253": "",
                    "certIssuerDNLegacy": "",
                    "certSubjectDNLegacy": "",
                    "certSerial": "",
                    "certIssuerSerial": "",
                    "certSKI": "",
                    "certIssuerSKI": "",
                    "certFingerprintSHA1": "",
                    "certFingerprintSHA256": "",
                    "certNotBefore": "",
                    "certNotAfter": "",
                    "certRFC9440": "",
                    "certRFC9440TooLarge": false,
                    "certChainRFC9440": "",
                    "certChainRFC9440TooLarge": false
                },
                "verifiedBotCategory": "",
                "edgeL4": {
                    "deliveryRate": 10983653
                }
            }
        },
        "response": {
            "status": 200
        }
    }
}
{
    "wallTime": 1503,
    "cpuTime": 15,
    "truncated": false,
    "executionModel": "stateless",
    "outcome": "ok",
    "scriptTags": [
        "cf:service=grupo-eye-staff"
    ],
    "scriptVersion": {
        "id": "3c658acb-3c0a-4f6c-999e-21a279335e47"
    },
    "scriptName": "grupo-eye-staff",
    "diagnosticsChannelEvents": [],
    "exceptions": [],
    "logs": [],
    "eventTimestamp": 1782506099885,
    "event": {
        "request": {
            "url": "https://eye-staff.app/api/chat/conversations",
            "method": "GET",
            "headers": {
                "accept": "*/*",
                "accept-encoding": "gzip, br",
                "accept-language": "es-ES,es;q=0.9,en;q=0.8",
                "authorization": "REDACTED",
                "cf-connecting-ip": "188.86.247.78",
                "cf-ipcountry": "ES",
                "cf-ray": "a11efef44f75c69e",
                "cf-visitor": "{\"scheme\":\"https\"}",
                "connection": "Keep-Alive",
                "host": "eye-staff.app",
                "priority": "u=1, i",
                "referer": "https://eye-staff.app/",
                "sec-ch-ua": "\"Google Chrome\";v=\"149\", \"Chromium\";v=\"149\", \"Not)A;Brand\";v=\"24\"",
                "sec-ch-ua-mobile": "?0",
                "sec-ch-ua-platform": "\"macOS\"",
                "sec-fetch-dest": "empty",
                "sec-fetch-mode": "cors",
                "sec-fetch-site": "same-origin",
                "user-agent": "Mozilla/5.0 (Macintosh; Intel Mac OS X 10_15_7) AppleWebKit/537.36 (KHTML, like Gecko) Chrome/149.0.0.0 Safari/537.36",
                "x-forwarded-proto": "https",
                "x-real-ip": "188.86.247.78"
            },
            "cf": {
                "httpProtocol": "HTTP/3",
                "clientAcceptEncoding": "gzip, deflate, br",
                "requestPriority": "",
                "edgeRequestKeepAliveStatus": 1,
                "requestHeaderNames": {},
                "clientTcpRtt": 0,
                "clientQuicRtt": 24,
                "colo": "MAD",
                "asn": 12430,
                "asOrganization": "VODAFONE ESPANA, S.A.U",
                "country": "ES",
                "isEUCountry": "1",
                "city": "Madrid",
                "continent": "EU",
                "region": "Madrid",
                "regionCode": "MD",
                "timezone": "Europe/Madrid",
                "longitude": "-3.70256",
                "latitude": "40.4165",
                "postalCode": "28004",
                "tlsVersion": "TLSv1.3",
                "tlsCipher": "AEAD-AES128-GCM-SHA256",
                "tlsClientRandom": "MTR/VrdDTsWwLk6+a6medcGuTgM46+l+PN7QJbUzssY=",
                "tlsClientCiphersSha1": "3HTt3+R/6BL3zeALJDSq0pR1yOQ=",
                "tlsClientExtensionsSha1": "93pnLPs+ozaBzpwu7mDnjA2PRo4=",
                "tlsClientExtensionsSha1Le": "X7qkEoKDVK/pSQ7uCMMewQmugQQ=",
                "tlsClientHelloLength": "1740",
                "tlsClientAuth": {
                    "certPresented": "0",
                    "certVerified": "NONE",
                    "certRevoked": "0",
                    "certIssuerDN": "",
                    "certSubjectDN": "",
                    "certIssuerDNRFC2253": "",
                    "certSubjectDNRFC2253": "",
                    "certIssuerDNLegacy": "",
                    "certSubjectDNLegacy": "",
                    "certSerial": "",
                    "certIssuerSerial": "",
                    "certSKI": "",
                    "certIssuerSKI": "",
                    "certFingerprintSHA1": "",
                    "certFingerprintSHA256": "",
                    "certNotBefore": "",
                    "certNotAfter": "",
                    "certRFC9440": "",
                    "certRFC9440TooLarge": false,
                    "certChainRFC9440": "",
                    "certChainRFC9440TooLarge": false
                },
                "verifiedBotCategory": "",
                "edgeL4": {
                    "deliveryRate": 10983653
                }
            }
        },
        "response": {
            "status": 200
        }
    }
}
{
    "wallTime": 89,
    "cpuTime": 1,
    "truncated": false,
    "executionModel": "stateless",
    "outcome": "ok",
    "scriptTags": [
        "cf:service=grupo-eye-staff"
    ],
    "scriptVersion": {
        "id": "3c658acb-3c0a-4f6c-999e-21a279335e47"
    },
    "scriptName": "grupo-eye-staff",
    "diagnosticsChannelEvents": [],
    "exceptions": [],
    "logs": [],
    "eventTimestamp": 1782506109888,
    "event": {
        "request": {
            "url": "https://eye-staff.app/api/staff/live-locations?t=1782506109801",
            "method": "GET",
            "headers": {
                "accept": "*/*",
                "accept-encoding": "gzip, br",
                "accept-language": "es-ES,es;q=0.9,en;q=0.8",
                "authorization": "REDACTED",
                "cache-control": "no-cache",
                "cf-connecting-ip": "188.86.247.78",
                "cf-ipcountry": "ES",
                "cf-ray": "a11eff32c9fac69e",
                "cf-visitor": "{\"scheme\":\"https\"}",
                "connection": "Keep-Alive",
                "content-type": "application/json",
                "host": "eye-staff.app",
                "pragma": "no-cache",
                "priority": "u=1, i",
                "referer": "https://eye-staff.app/",
                "sec-ch-ua": "\"Google Chrome\";v=\"149\", \"Chromium\";v=\"149\", \"Not)A;Brand\";v=\"24\"",
                "sec-ch-ua-mobile": "?0",
                "sec-ch-ua-platform": "\"macOS\"",
                "sec-fetch-dest": "empty",
                "sec-fetch-mode": "cors",
                "sec-fetch-site": "same-origin",
                "user-agent": "Mozilla/5.0 (Macintosh; Intel Mac OS X 10_15_7) AppleWebKit/537.36 (KHTML, like Gecko) Chrome/149.0.0.0 Safari/537.36",
                "x-forwarded-proto": "https",
                "x-real-ip": "188.86.247.78",
                "x-web-session-id": "1778900541741"
            },
            "cf": {
                "httpProtocol": "HTTP/3",
                "clientAcceptEncoding": "gzip, deflate, br",
                "requestPriority": "",
                "edgeRequestKeepAliveStatus": 1,
                "requestHeaderNames": {},
                "clientTcpRtt": 0,
                "clientQuicRtt": 22,
                "colo": "MAD",
                "asn": 12430,
                "asOrganization": "VODAFONE ESPANA, S.A.U",
                "country": "ES",
                "isEUCountry": "1",
                "city": "Madrid",
                "continent": "EU",
                "region": "Madrid",
                "regionCode": "MD",
                "timezone": "Europe/Madrid",
                "longitude": "-3.70256",
                "latitude": "40.4165",
                "postalCode": "28004",
                "tlsVersion": "TLSv1.3",
                "tlsCipher": "AEAD-AES128-GCM-SHA256",
                "tlsClientRandom": "MTR/VrdDTsWwLk6+a6medcGuTgM46+l+PN7QJbUzssY=",
                "tlsClientCiphersSha1": "3HTt3+R/6BL3zeALJDSq0pR1yOQ=",
                "tlsClientExtensionsSha1": "93pnLPs+ozaBzpwu7mDnjA2PRo4=",
                "tlsClientExtensionsSha1Le": "X7qkEoKDVK/pSQ7uCMMewQmugQQ=",
                "tlsClientHelloLength": "1740",
                "tlsClientAuth": {
                    "certPresented": "0",
                    "certVerified": "NONE",
                    "certRevoked": "0",
                    "certIssuerDN": "",
                    "certSubjectDN": "",
                    "certIssuerDNRFC2253": "",
                    "certSubjectDNRFC2253": "",
                    "certIssuerDNLegacy": "",
                    "certSubjectDNLegacy": "",
                    "certSerial": "",
                    "certIssuerSerial": "",
                    "certSKI": "",
                    "certIssuerSKI": "",
                    "certFingerprintSHA1": "",
                    "certFingerprintSHA256": "",
                    "certNotBefore": "",
                    "certNotAfter": "",
                    "certRFC9440": "",
                    "certRFC9440TooLarge": false,
                    "certChainRFC9440": "",
                    "certChainRFC9440TooLarge": false
                },
                "verifiedBotCategory": "",
                "edgeL4": {
                    "deliveryRate": 10983653
                }
            }
        },
        "response": {
            "status": 200
        }
    }
}
{
    "wallTime": 1436,
    "cpuTime": 14,
    "truncated": false,
    "executionModel": "stateless",
    "outcome": "ok",
    "scriptTags": [
        "cf:service=grupo-eye-staff"
    ],
    "scriptVersion": {
        "id": "3c658acb-3c0a-4f6c-999e-21a279335e47"
    },
    "scriptName": "grupo-eye-staff",
    "diagnosticsChannelEvents": [],
    "exceptions": [],
    "logs": [],
    "eventTimestamp": 1782506109887,
    "event": {
        "request": {
            "url": "https://eye-staff.app/api/chat/conversations",
            "method": "GET",
            "headers": {
                "accept": "*/*",
                "accept-encoding": "gzip, br",
                "accept-language": "es-ES,es;q=0.9,en;q=0.8",
                "authorization": "REDACTED",
                "cf-connecting-ip": "188.86.247.78",
                "cf-ipcountry": "ES",
                "cf-ray": "a11eff32c9f9c69e",
                "cf-visitor": "{\"scheme\":\"https\"}",
                "connection": "Keep-Alive",
                "host": "eye-staff.app",
                "priority": "u=1, i",
                "referer": "https://eye-staff.app/",
                "sec-ch-ua": "\"Google Chrome\";v=\"149\", \"Chromium\";v=\"149\", \"Not)A;Brand\";v=\"24\"",
                "sec-ch-ua-mobile": "?0",
                "sec-ch-ua-platform": "\"macOS\"",
                "sec-fetch-dest": "empty",
                "sec-fetch-mode": "cors",
                "sec-fetch-site": "same-origin",
                "user-agent": "Mozilla/5.0 (Macintosh; Intel Mac OS X 10_15_7) AppleWebKit/537.36 (KHTML, like Gecko) Chrome/149.0.0.0 Safari/537.36",
                "x-forwarded-proto": "https",
                "x-real-ip": "188.86.247.78"
            },
            "cf": {
                "httpProtocol": "HTTP/3",
                "clientAcceptEncoding": "gzip, deflate, br",
                "requestPriority": "",
                "edgeRequestKeepAliveStatus": 1,
                "requestHeaderNames": {},
                "clientTcpRtt": 0,
                "clientQuicRtt": 22,
                "colo": "MAD",
                "asn": 12430,
                "asOrganization": "VODAFONE ESPANA, S.A.U",
                "country": "ES",
                "isEUCountry": "1",
                "city": "Madrid",
                "continent": "EU",
                "region": "Madrid",
                "regionCode": "MD",
                "timezone": "Europe/Madrid",
                "longitude": "-3.70256",
                "latitude": "40.4165",
                "postalCode": "28004",
                "tlsVersion": "TLSv1.3",
                "tlsCipher": "AEAD-AES128-GCM-SHA256",
                "tlsClientRandom": "MTR/VrdDTsWwLk6+a6medcGuTgM46+l+PN7QJbUzssY=",
                "tlsClientCiphersSha1": "3HTt3+R/6BL3zeALJDSq0pR1yOQ=",
                "tlsClientExtensionsSha1": "93pnLPs+ozaBzpwu7mDnjA2PRo4=",
                "tlsClientExtensionsSha1Le": "X7qkEoKDVK/pSQ7uCMMewQmugQQ=",
                "tlsClientHelloLength": "1740",
                "tlsClientAuth": {
                    "certPresented": "0",
                    "certVerified": "NONE",
                    "certRevoked": "0",
                    "certIssuerDN": "",
                    "certSubjectDN": "",
                    "certIssuerDNRFC2253": "",
                    "certSubjectDNRFC2253": "",
                    "certIssuerDNLegacy": "",
                    "certSubjectDNLegacy": "",
                    "certSerial": "",
                    "certIssuerSerial": "",
                    "certSKI": "",
                    "certIssuerSKI": "",
                    "certFingerprintSHA1": "",
                    "certFingerprintSHA256": "",
                    "certNotBefore": "",
                    "certNotAfter": "",
                    "certRFC9440": "",
                    "certRFC9440TooLarge": false,
                    "certChainRFC9440": "",
                    "certChainRFC9440TooLarge": false
                },
                "verifiedBotCategory": "",
                "edgeL4": {
                    "deliveryRate": 10983653
                }
            }
        },
        "response": {
            "status": 200
        }
    }
}
{
    "wallTime": 218,
    "cpuTime": 1,
    "truncated": false,
    "executionModel": "stateless",
    "outcome": "ok",
    "scriptTags": [
        "cf:service=grupo-eye-staff"
    ],
    "scriptVersion": {
        "id": "3c658acb-3c0a-4f6c-999e-21a279335e47"
    },
    "scriptName": "grupo-eye-staff",
    "diagnosticsChannelEvents": [],
    "exceptions": [],
    "logs": [
        {
            "message": [
                "[CRON] Revisando notificaciones para 2026-06-26 16:35..."
            ],
            "level": "log",
            "timestamp": 1782506115014
        }
    ],
    "eventTimestamp": 1782506115013,
    "event": {
        "cron": "* * * * *",
        "scheduledTime": 1782506114000
    }
}
{
    "wallTime": 1368,
    "cpuTime": 15,
    "truncated": false,
    "executionModel": "stateless",
    "outcome": "ok",
    "scriptTags": [
        "cf:service=grupo-eye-staff"
    ],
    "scriptVersion": {
        "id": "3c658acb-3c0a-4f6c-999e-21a279335e47"
    },
    "scriptName": "grupo-eye-staff",
    "diagnosticsChannelEvents": [],
    "exceptions": [],
    "logs": [],
    "eventTimestamp": 1782506119882,
    "event": {
        "request": {
            "url": "https://eye-staff.app/api/chat/conversations",
            "method": "GET",
            "headers": {
                "accept": "*/*",
                "accept-encoding": "gzip, br",
                "accept-language": "es-ES,es;q=0.9,en;q=0.8",
                "authorization": "REDACTED",
                "cf-connecting-ip": "188.86.247.78",
                "cf-ipcountry": "ES",
                "cf-ray": "a11eff713ae1c69e",
                "cf-visitor": "{\"scheme\":\"https\"}",
                "connection": "Keep-Alive",
                "host": "eye-staff.app",
                "priority": "u=1, i",
                "referer": "https://eye-staff.app/",
                "sec-ch-ua": "\"Google Chrome\";v=\"149\", \"Chromium\";v=\"149\", \"Not)A;Brand\";v=\"24\"",
                "sec-ch-ua-mobile": "?0",
                "sec-ch-ua-platform": "\"macOS\"",
                "sec-fetch-dest": "empty",
                "sec-fetch-mode": "cors",
                "sec-fetch-site": "same-origin",
                "user-agent": "Mozilla/5.0 (Macintosh; Intel Mac OS X 10_15_7) AppleWebKit/537.36 (KHTML, like Gecko) Chrome/149.0.0.0 Safari/537.36",
                "x-forwarded-proto": "https",
                "x-real-ip": "188.86.247.78"
            },
            "cf": {
                "httpProtocol": "HTTP/3",
                "clientAcceptEncoding": "gzip, deflate, br",
                "requestPriority": "",
                "edgeRequestKeepAliveStatus": 1,
                "requestHeaderNames": {},
                "clientTcpRtt": 0,
                "clientQuicRtt": 19,
                "colo": "MAD",
                "asn": 12430,
                "asOrganization": "VODAFONE ESPANA, S.A.U",
                "country": "ES",
                "isEUCountry": "1",
                "city": "Madrid",
                "continent": "EU",
                "region": "Madrid",
                "regionCode": "MD",
                "timezone": "Europe/Madrid",
                "longitude": "-3.70256",
                "latitude": "40.4165",
                "postalCode": "28004",
                "tlsVersion": "TLSv1.3",
                "tlsCipher": "AEAD-AES128-GCM-SHA256",
                "tlsClientRandom": "MTR/VrdDTsWwLk6+a6medcGuTgM46+l+PN7QJbUzssY=",
                "tlsClientCiphersSha1": "3HTt3+R/6BL3zeALJDSq0pR1yOQ=",
                "tlsClientExtensionsSha1": "93pnLPs+ozaBzpwu7mDnjA2PRo4=",
                "tlsClientExtensionsSha1Le": "X7qkEoKDVK/pSQ7uCMMewQmugQQ=",
                "tlsClientHelloLength": "1740",
                "tlsClientAuth": {
                    "certPresented": "0",
                    "certVerified": "NONE",
                    "certRevoked": "0",
                    "certIssuerDN": "",
                    "certSubjectDN": "",
                    "certIssuerDNRFC2253": "",
                    "certSubjectDNRFC2253": "",
                    "certIssuerDNLegacy": "",
                    "certSubjectDNLegacy": "",
                    "certSerial": "",
                    "certIssuerSerial": "",
                    "certSKI": "",
                    "certIssuerSKI": "",
                    "certFingerprintSHA1": "",
                    "certFingerprintSHA256": "",
                    "certNotBefore": "",
                    "certNotAfter": "",
                    "certRFC9440": "",
                    "certRFC9440TooLarge": false,
                    "certChainRFC9440": "",
                    "certChainRFC9440TooLarge": false
                },
                "verifiedBotCategory": "",
                "edgeL4": {
                    "deliveryRate": 10983653
                }
            }
        },
        "response": {
            "status": 200
        }
    }
}
{
    "wallTime": 108,
    "cpuTime": 1,
    "truncated": false,
    "executionModel": "stateless",
    "outcome": "ok",
    "scriptTags": [
        "cf:service=grupo-eye-staff"
    ],
    "scriptVersion": {
        "id": "3c658acb-3c0a-4f6c-999e-21a279335e47"
    },
    "scriptName": "grupo-eye-staff",
    "diagnosticsChannelEvents": [],
    "exceptions": [],
    "logs": [],
    "eventTimestamp": 1782506124893,
    "event": {
        "request": {
            "url": "https://eye-staff.app/api/staff/live-locations?t=1782506124803",
            "method": "GET",
            "headers": {
                "accept": "*/*",
                "accept-encoding": "gzip, br",
                "accept-language": "es-ES,es;q=0.9,en;q=0.8",
                "authorization": "REDACTED",
                "cache-control": "no-cache",
                "cf-connecting-ip": "188.86.247.78",
                "cf-ipcountry": "ES",
                "cf-ray": "a11eff908f28c69e",
                "cf-visitor": "{\"scheme\":\"https\"}",
                "connection": "Keep-Alive",
                "content-type": "application/json",
                "host": "eye-staff.app",
                "pragma": "no-cache",
                "priority": "u=1, i",
                "referer": "https://eye-staff.app/",
                "sec-ch-ua": "\"Google Chrome\";v=\"149\", \"Chromium\";v=\"149\", \"Not)A;Brand\";v=\"24\"",
                "sec-ch-ua-mobile": "?0",
                "sec-ch-ua-platform": "\"macOS\"",
                "sec-fetch-dest": "empty",
                "sec-fetch-mode": "cors",
                "sec-fetch-site": "same-origin",
                "user-agent": "Mozilla/5.0 (Macintosh; Intel Mac OS X 10_15_7) AppleWebKit/537.36 (KHTML, like Gecko) Chrome/149.0.0.0 Safari/537.36",
                "x-forwarded-proto": "https",
                "x-real-ip": "188.86.247.78",
                "x-web-session-id": "1778900541741"
            },
            "cf": {
                "httpProtocol": "HTTP/3",
                "clientAcceptEncoding": "gzip, deflate, br",
                "requestPriority": "",
                "edgeRequestKeepAliveStatus": 1,
                "requestHeaderNames": {},
                "clientTcpRtt": 0,
                "clientQuicRtt": 20,
                "colo": "MAD",
                "asn": 12430,
                "asOrganization": "VODAFONE ESPANA, S.A.U",
                "country": "ES",
                "isEUCountry": "1",
                "city": "Madrid",
                "continent": "EU",
                "region": "Madrid",
                "regionCode": "MD",
                "timezone": "Europe/Madrid",
                "longitude": "-3.70256",
                "latitude": "40.4165",
                "postalCode": "28004",
                "tlsVersion": "TLSv1.3",
                "tlsCipher": "AEAD-AES128-GCM-SHA256",
                "tlsClientRandom": "MTR/VrdDTsWwLk6+a6medcGuTgM46+l+PN7QJbUzssY=",
                "tlsClientCiphersSha1": "3HTt3+R/6BL3zeALJDSq0pR1yOQ=",
                "tlsClientExtensionsSha1": "93pnLPs+ozaBzpwu7mDnjA2PRo4=",
                "tlsClientExtensionsSha1Le": "X7qkEoKDVK/pSQ7uCMMewQmugQQ=",
                "tlsClientHelloLength": "1740",
                "tlsClientAuth": {
                    "certPresented": "0",
                    "certVerified": "NONE",
                    "certRevoked": "0",
                    "certIssuerDN": "",
                    "certSubjectDN": "",
                    "certIssuerDNRFC2253": "",
                    "certSubjectDNRFC2253": "",
                    "certIssuerDNLegacy": "",
                    "certSubjectDNLegacy": "",
                    "certSerial": "",
                    "certIssuerSerial": "",
                    "certSKI": "",
                    "certIssuerSKI": "",
                    "certFingerprintSHA1": "",
                    "certFingerprintSHA256": "",
                    "certNotBefore": "",
                    "certNotAfter": "",
                    "certRFC9440": "",
                    "certRFC9440TooLarge": false,
                    "certChainRFC9440": "",
                    "certChainRFC9440TooLarge": false
                },
                "verifiedBotCategory": "",
                "edgeL4": {
                    "deliveryRate": 10983653
                }
            }
        },
        "response": {
            "status": 200
        }
    }
}
{
    "wallTime": 1440,
    "cpuTime": 14,
    "truncated": false,
    "executionModel": "stateless",
    "outcome": "ok",
    "scriptTags": [
        "cf:service=grupo-eye-staff"
    ],
    "scriptVersion": {
        "id": "3c658acb-3c0a-4f6c-999e-21a279335e47"
    },
    "scriptName": "grupo-eye-staff",
    "diagnosticsChannelEvents": [],
    "exceptions": [],
    "logs": [],
    "eventTimestamp": 1782506129888,
    "event": {
        "request": {
            "url": "https://eye-staff.app/api/chat/conversations",
            "method": "GET",
            "headers": {
                "accept": "*/*",
                "accept-encoding": "gzip, br",
                "accept-language": "es-ES,es;q=0.9,en;q=0.8",
                "authorization": "REDACTED",
                "cf-connecting-ip": "188.86.247.78",
                "cf-ipcountry": "ES",
                "cf-ray": "a11effafcbe5c69e",
                "cf-visitor": "{\"scheme\":\"https\"}",
                "connection": "Keep-Alive",
                "host": "eye-staff.app",
                "priority": "u=1, i",
                "referer": "https://eye-staff.app/",
                "sec-ch-ua": "\"Google Chrome\";v=\"149\", \"Chromium\";v=\"149\", \"Not)A;Brand\";v=\"24\"",
                "sec-ch-ua-mobile": "?0",
                "sec-ch-ua-platform": "\"macOS\"",
                "sec-fetch-dest": "empty",
                "sec-fetch-mode": "cors",
                "sec-fetch-site": "same-origin",
                "user-agent": "Mozilla/5.0 (Macintosh; Intel Mac OS X 10_15_7) AppleWebKit/537.36 (KHTML, like Gecko) Chrome/149.0.0.0 Safari/537.36",
                "x-forwarded-proto": "https",
                "x-real-ip": "188.86.247.78"
            },
            "cf": {
                "httpProtocol": "HTTP/3",
                "clientAcceptEncoding": "gzip, deflate, br",
                "requestPriority": "",
                "edgeRequestKeepAliveStatus": 1,
                "requestHeaderNames": {},
                "clientTcpRtt": 0,
                "clientQuicRtt": 19,
                "colo": "MAD",
                "asn": 12430,
                "asOrganization": "VODAFONE ESPANA, S.A.U",
                "country": "ES",
                "isEUCountry": "1",
                "city": "Madrid",
                "continent": "EU",
                "region": "Madrid",
                "regionCode": "MD",
                "timezone": "Europe/Madrid",
                "longitude": "-3.70256",
                "latitude": "40.4165",
                "postalCode": "28004",
                "tlsVersion": "TLSv1.3",
                "tlsCipher": "AEAD-AES128-GCM-SHA256",
                "tlsClientRandom": "MTR/VrdDTsWwLk6+a6medcGuTgM46+l+PN7QJbUzssY=",
                "tlsClientCiphersSha1": "3HTt3+R/6BL3zeALJDSq0pR1yOQ=",
                "tlsClientExtensionsSha1": "93pnLPs+ozaBzpwu7mDnjA2PRo4=",
                "tlsClientExtensionsSha1Le": "X7qkEoKDVK/pSQ7uCMMewQmugQQ=",
                "tlsClientHelloLength": "1740",
                "tlsClientAuth": {
                    "certPresented": "0",
                    "certVerified": "NONE",
                    "certRevoked": "0",
                    "certIssuerDN": "",
                    "certSubjectDN": "",
                    "certIssuerDNRFC2253": "",
                    "certSubjectDNRFC2253": "",
                    "certIssuerDNLegacy": "",
                    "certSubjectDNLegacy": "",
                    "certSerial": "",
                    "certIssuerSerial": "",
                    "certSKI": "",
                    "certIssuerSKI": "",
                    "certFingerprintSHA1": "",
                    "certFingerprintSHA256": "",
                    "certNotBefore": "",
                    "certNotAfter": "",
                    "certRFC9440": "",
                    "certRFC9440TooLarge": false,
                    "certChainRFC9440": "",
                    "certChainRFC9440TooLarge": false
                },
                "verifiedBotCategory": "",
                "edgeL4": {
                    "deliveryRate": 10983653
                }
            }
        },
        "response": {
            "status": 200
        }
    }
}
{
    "wallTime": 86,
    "cpuTime": 1,
    "truncated": false,
    "executionModel": "stateless",
    "outcome": "ok",
    "scriptTags": [
        "cf:service=grupo-eye-staff"
    ],
    "scriptVersion": {
        "id": "3c658acb-3c0a-4f6c-999e-21a279335e47"
    },
    "scriptName": "grupo-eye-staff",
    "diagnosticsChannelEvents": [],
    "exceptions": [],
    "logs": [],
    "eventTimestamp": 1782506139889,
    "event": {
        "request": {
            "url": "https://eye-staff.app/api/staff/live-locations?t=1782506139801",
            "method": "GET",
            "headers": {
                "accept": "*/*",
                "accept-encoding": "gzip, br",
                "accept-language": "es-ES,es;q=0.9,en;q=0.8",
                "authorization": "REDACTED",
                "cache-control": "no-cache",
                "cf-connecting-ip": "188.86.247.78",
                "cf-ipcountry": "ES",
                "cf-ray": "a11effee4e28c69e",
                "cf-visitor": "{\"scheme\":\"https\"}",
                "connection": "Keep-Alive",
                "content-type": "application/json",
                "host": "eye-staff.app",
                "pragma": "no-cache",
                "priority": "u=1, i",
                "referer": "https://eye-staff.app/",
                "sec-ch-ua": "\"Google Chrome\";v=\"149\", \"Chromium\";v=\"149\", \"Not)A;Brand\";v=\"24\"",
                "sec-ch-ua-mobile": "?0",
                "sec-ch-ua-platform": "\"macOS\"",
                "sec-fetch-dest": "empty",
                "sec-fetch-mode": "cors",
                "sec-fetch-site": "same-origin",
                "user-agent": "Mozilla/5.0 (Macintosh; Intel Mac OS X 10_15_7) AppleWebKit/537.36 (KHTML, like Gecko) Chrome/149.0.0.0 Safari/537.36",
                "x-forwarded-proto": "https",
                "x-real-ip": "188.86.247.78",
                "x-web-session-id": "1778900541741"
            },
            "cf": {
                "httpProtocol": "HTTP/3",
                "clientAcceptEncoding": "gzip, deflate, br",
                "requestPriority": "",
                "edgeRequestKeepAliveStatus": 1,
                "requestHeaderNames": {},
                "clientTcpRtt": 0,
                "clientQuicRtt": 17,
                "colo": "MAD",
                "asn": 12430,
                "asOrganization": "VODAFONE ESPANA, S.A.U",
                "country": "ES",
                "isEUCountry": "1",
                "city": "Madrid",
                "continent": "EU",
                "region": "Madrid",
                "regionCode": "MD",
                "timezone": "Europe/Madrid",
                "longitude": "-3.70256",
                "latitude": "40.4165",
                "postalCode": "28004",
                "tlsVersion": "TLSv1.3",
                "tlsCipher": "AEAD-AES128-GCM-SHA256",
                "tlsClientRandom": "MTR/VrdDTsWwLk6+a6medcGuTgM46+l+PN7QJbUzssY=",
                "tlsClientCiphersSha1": "3HTt3+R/6BL3zeALJDSq0pR1yOQ=",
                "tlsClientExtensionsSha1": "93pnLPs+ozaBzpwu7mDnjA2PRo4=",
                "tlsClientExtensionsSha1Le": "X7qkEoKDVK/pSQ7uCMMewQmugQQ=",
                "tlsClientHelloLength": "1740",
                "tlsClientAuth": {
                    "certPresented": "0",
                    "certVerified": "NONE",
                    "certRevoked": "0",
                    "certIssuerDN": "",
                    "certSubjectDN": "",
                    "certIssuerDNRFC2253": "",
                    "certSubjectDNRFC2253": "",
                    "certIssuerDNLegacy": "",
                    "certSubjectDNLegacy": "",
                    "certSerial": "",
                    "certIssuerSerial": "",
                    "certSKI": "",
                    "certIssuerSKI": "",
                    "certFingerprintSHA1": "",
                    "certFingerprintSHA256": "",
                    "certNotBefore": "",
                    "certNotAfter": "",
                    "certRFC9440": "",
                    "certRFC9440TooLarge": false,
                    "certChainRFC9440": "",
                    "certChainRFC9440TooLarge": false
                },
                "verifiedBotCategory": "",
                "edgeL4": {
                    "deliveryRate": 10983653
                }
            }
        },
        "response": {
            "status": 200
        }
    }
}
{
    "wallTime": 396,
    "cpuTime": 4,
    "truncated": false,
    "executionModel": "stateless",
    "outcome": "ok",
    "scriptTags": [
        "cf:service=grupo-eye-staff"
    ],
    "scriptVersion": {
        "id": "3c658acb-3c0a-4f6c-999e-21a279335e47"
    },
    "scriptName": "grupo-eye-staff",
    "diagnosticsChannelEvents": [],
    "exceptions": [],
    "logs": [],
    "eventTimestamp": 1782506139890,
    "event": {
        "request": {
            "url": "https://eye-staff.app/api/sessions/active?t=1782506139801",
            "method": "GET",
            "headers": {
                "accept": "*/*",
                "accept-encoding": "gzip, br",
                "accept-language": "es-ES,es;q=0.9,en;q=0.8",
                "authorization": "REDACTED",
                "cache-control": "no-cache",
                "cf-connecting-ip": "188.86.247.78",
                "cf-ipcountry": "ES",
                "cf-ray": "a11effee4e29c69e",
                "cf-visitor": "{\"scheme\":\"https\"}",
                "connection": "Keep-Alive",
                "content-type": "application/json",
                "host": "eye-staff.app",
                "pragma": "no-cache",
                "priority": "u=1, i",
                "referer": "https://eye-staff.app/",
                "sec-ch-ua": "\"Google Chrome\";v=\"149\", \"Chromium\";v=\"149\", \"Not)A;Brand\";v=\"24\"",
                "sec-ch-ua-mobile": "?0",
                "sec-ch-ua-platform": "\"macOS\"",
                "sec-fetch-dest": "empty",
                "sec-fetch-mode": "cors",
                "sec-fetch-site": "same-origin",
                "user-agent": "Mozilla/5.0 (Macintosh; Intel Mac OS X 10_15_7) AppleWebKit/537.36 (KHTML, like Gecko) Chrome/149.0.0.0 Safari/537.36",
                "x-forwarded-proto": "https",
                "x-real-ip": "188.86.247.78",
                "x-web-session-id": "1778900541741"
            },
            "cf": {
                "httpProtocol": "HTTP/3",
                "clientAcceptEncoding": "gzip, deflate, br",
                "requestPriority": "",
                "edgeRequestKeepAliveStatus": 1,
                "requestHeaderNames": {},
                "clientTcpRtt": 0,
                "clientQuicRtt": 17,
                "colo": "MAD",
                "asn": 12430,
                "asOrganization": "VODAFONE ESPANA, S.A.U",
                "country": "ES",
                "isEUCountry": "1",
                "city": "Madrid",
                "continent": "EU",
                "region": "Madrid",
                "regionCode": "MD",
                "timezone": "Europe/Madrid",
                "longitude": "-3.70256",
                "latitude": "40.4165",
                "postalCode": "28004",
                "tlsVersion": "TLSv1.3",
                "tlsCipher": "AEAD-AES128-GCM-SHA256",
                "tlsClientRandom": "MTR/VrdDTsWwLk6+a6medcGuTgM46+l+PN7QJbUzssY=",
                "tlsClientCiphersSha1": "3HTt3+R/6BL3zeALJDSq0pR1yOQ=",
                "tlsClientExtensionsSha1": "93pnLPs+ozaBzpwu7mDnjA2PRo4=",
                "tlsClientExtensionsSha1Le": "X7qkEoKDVK/pSQ7uCMMewQmugQQ=",
                "tlsClientHelloLength": "1740",
                "tlsClientAuth": {
                    "certPresented": "0",
                    "certVerified": "NONE",
                    "certRevoked": "0",
                    "certIssuerDN": "",
                    "certSubjectDN": "",
                    "certIssuerDNRFC2253": "",
                    "certSubjectDNRFC2253": "",
                    "certIssuerDNLegacy": "",
                    "certSubjectDNLegacy": "",
                    "certSerial": "",
                    "certIssuerSerial": "",
                    "certSKI": "",
                    "certIssuerSKI": "",
                    "certFingerprintSHA1": "",
                    "certFingerprintSHA256": "",
                    "certNotBefore": "",
                    "certNotAfter": "",
                    "certRFC9440": "",
                    "certRFC9440TooLarge": false,
                    "certChainRFC9440": "",
                    "certChainRFC9440TooLarge": false
                },
                "verifiedBotCategory": "",
                "edgeL4": {
                    "deliveryRate": 10983653
                }
            }
        },
        "response": {
            "status": 200
        }
    }
}
{
    "wallTime": 953,
    "cpuTime": 8,
    "truncated": false,
    "executionModel": "stateless",
    "outcome": "ok",
    "scriptTags": [
        "cf:service=grupo-eye-staff"
    ],
    "scriptVersion": {
        "id": "3c658acb-3c0a-4f6c-999e-21a279335e47"
    },
    "scriptName": "grupo-eye-staff",
    "diagnosticsChannelEvents": [],
    "exceptions": [],
    "logs": [],
    "eventTimestamp": 1782506140367,
    "event": {
        "request": {
            "url": "https://eye-staff.app/api/sessions/concluded?t=1782506140281",
            "method": "GET",
            "headers": {
                "accept": "*/*",
                "accept-encoding": "gzip, br",
                "accept-language": "es-ES,es;q=0.9,en;q=0.8",
                "authorization": "REDACTED",
                "cache-control": "no-cache",
                "cf-connecting-ip": "188.86.247.78",
                "cf-ipcountry": "ES",
                "cf-ray": "a11efff14ea6c69e",
                "cf-visitor": "{\"scheme\":\"https\"}",
                "connection": "Keep-Alive",
                "content-type": "application/json",
                "host": "eye-staff.app",
                "pragma": "no-cache",
                "priority": "u=1, i",
                "referer": "https://eye-staff.app/",
                "sec-ch-ua": "\"Google Chrome\";v=\"149\", \"Chromium\";v=\"149\", \"Not)A;Brand\";v=\"24\"",
                "sec-ch-ua-mobile": "?0",
                "sec-ch-ua-platform": "\"macOS\"",
                "sec-fetch-dest": "empty",
                "sec-fetch-mode": "cors",
                "sec-fetch-site": "same-origin",
                "user-agent": "Mozilla/5.0 (Macintosh; Intel Mac OS X 10_15_7) AppleWebKit/537.36 (KHTML, like Gecko) Chrome/149.0.0.0 Safari/537.36",
                "x-forwarded-proto": "https",
                "x-real-ip": "188.86.247.78",
                "x-web-session-id": "1778900541741"
            },
            "cf": {
                "httpProtocol": "HTTP/3",
                "clientAcceptEncoding": "gzip, deflate, br",
                "requestPriority": "",
                "edgeRequestKeepAliveStatus": 1,
                "requestHeaderNames": {},
                "clientTcpRtt": 0,
                "clientQuicRtt": 28,
                "colo": "MAD",
                "asn": 12430,
                "asOrganization": "VODAFONE ESPANA, S.A.U",
                "country": "ES",
                "isEUCountry": "1",
                "city": "Madrid",
                "continent": "EU",
                "region": "Madrid",
                "regionCode": "MD",
                "timezone": "Europe/Madrid",
                "longitude": "-3.70256",
                "latitude": "40.4165",
                "postalCode": "28004",
                "tlsVersion": "TLSv1.3",
                "tlsCipher": "AEAD-AES128-GCM-SHA256",
                "tlsClientRandom": "MTR/VrdDTsWwLk6+a6medcGuTgM46+l+PN7QJbUzssY=",
                "tlsClientCiphersSha1": "3HTt3+R/6BL3zeALJDSq0pR1yOQ=",
                "tlsClientExtensionsSha1": "93pnLPs+ozaBzpwu7mDnjA2PRo4=",
                "tlsClientExtensionsSha1Le": "X7qkEoKDVK/pSQ7uCMMewQmugQQ=",
                "tlsClientHelloLength": "1740",
                "tlsClientAuth": {
                    "certPresented": "0",
                    "certVerified": "NONE",
                    "certRevoked": "0",
                    "certIssuerDN": "",
                    "certSubjectDN": "",
                    "certIssuerDNRFC2253": "",
                    "certSubjectDNRFC2253": "",
                    "certIssuerDNLegacy": "",
                    "certSubjectDNLegacy": "",
                    "certSerial": "",
                    "certIssuerSerial": "",
                    "certSKI": "",
                    "certIssuerSKI": "",
                    "certFingerprintSHA1": "",
                    "certFingerprintSHA256": "",
                    "certNotBefore": "",
                    "certNotAfter": "",
                    "certRFC9440": "",
                    "certRFC9440TooLarge": false,
                    "certChainRFC9440": "",
                    "certChainRFC9440TooLarge": false
                },
                "verifiedBotCategory": "",
                "edgeL4": {
                    "deliveryRate": 10983653
                }
            }
        },
        "response": {
            "status": 200
        }
    }
}
{
    "wallTime": 1475,
    "cpuTime": 14,
    "truncated": false,
    "executionModel": "stateless",
    "outcome": "ok",
    "scriptTags": [
        "cf:service=grupo-eye-staff"
    ],
    "scriptVersion": {
        "id": "3c658acb-3c0a-4f6c-999e-21a279335e47"
    },
    "scriptName": "grupo-eye-staff",
    "diagnosticsChannelEvents": [],
    "exceptions": [],
    "logs": [],
    "eventTimestamp": 1782506139888,
    "event": {
        "request": {
            "url": "https://eye-staff.app/api/chat/conversations",
            "method": "GET",
            "headers": {
                "accept": "*/*",
                "accept-encoding": "gzip, br",
                "accept-language": "es-ES,es;q=0.9,en;q=0.8",
                "authorization": "REDACTED",
                "cf-connecting-ip": "188.86.247.78",
                "cf-ipcountry": "ES",
                "cf-ray": "a11effee4e25c69e",
                "cf-visitor": "{\"scheme\":\"https\"}",
                "connection": "Keep-Alive",
                "host": "eye-staff.app",
                "priority": "u=1, i",
                "referer": "https://eye-staff.app/",
                "sec-ch-ua": "\"Google Chrome\";v=\"149\", \"Chromium\";v=\"149\", \"Not)A;Brand\";v=\"24\"",
                "sec-ch-ua-mobile": "?0",
                "sec-ch-ua-platform": "\"macOS\"",
                "sec-fetch-dest": "empty",
                "sec-fetch-mode": "cors",
                "sec-fetch-site": "same-origin",
                "user-agent": "Mozilla/5.0 (Macintosh; Intel Mac OS X 10_15_7) AppleWebKit/537.36 (KHTML, like Gecko) Chrome/149.0.0.0 Safari/537.36",
                "x-forwarded-proto": "https",
                "x-real-ip": "188.86.247.78"
            },
            "cf": {
                "httpProtocol": "HTTP/3",
                "clientAcceptEncoding": "gzip, deflate, br",
                "requestPriority": "",
                "edgeRequestKeepAliveStatus": 1,
                "requestHeaderNames": {},
                "clientTcpRtt": 0,
                "clientQuicRtt": 17,
                "colo": "MAD",
                "asn": 12430,
                "asOrganization": "VODAFONE ESPANA, S.A.U",
                "country": "ES",
                "isEUCountry": "1",
                "city": "Madrid",
                "continent": "EU",
                "region": "Madrid",
                "regionCode": "MD",
                "timezone": "Europe/Madrid",
                "longitude": "-3.70256",
                "latitude": "40.4165",
                "postalCode": "28004",
                "tlsVersion": "TLSv1.3",
                "tlsCipher": "AEAD-AES128-GCM-SHA256",
                "tlsClientRandom": "MTR/VrdDTsWwLk6+a6medcGuTgM46+l+PN7QJbUzssY=",
                "tlsClientCiphersSha1": "3HTt3+R/6BL3zeALJDSq0pR1yOQ=",
                "tlsClientExtensionsSha1": "93pnLPs+ozaBzpwu7mDnjA2PRo4=",
                "tlsClientExtensionsSha1Le": "X7qkEoKDVK/pSQ7uCMMewQmugQQ=",
                "tlsClientHelloLength": "1740",
                "tlsClientAuth": {
                    "certPresented": "0",
                    "certVerified": "NONE",
                    "certRevoked": "0",
                    "certIssuerDN": "",
                    "certSubjectDN": "",
                    "certIssuerDNRFC2253": "",
                    "certSubjectDNRFC2253": "",
                    "certIssuerDNLegacy": "",
                    "certSubjectDNLegacy": "",
                    "certSerial": "",
                    "certIssuerSerial": "",
                    "certSKI": "",
                    "certIssuerSKI": "",
                    "certFingerprintSHA1": "",
                    "certFingerprintSHA256": "",
                    "certNotBefore": "",
                    "certNotAfter": "",
                    "certRFC9440": "",
                    "certRFC9440TooLarge": false,
                    "certChainRFC9440": "",
                    "certChainRFC9440TooLarge": false
                },
                "verifiedBotCategory": "",
                "edgeL4": {
                    "deliveryRate": 10983653
                }
            }
        },
        "response": {
            "status": 200
        }
    }
}
{
    "wallTime": 38,
    "cpuTime": 1,
    "truncated": false,
    "executionModel": "stateless",
    "outcome": "ok",
    "scriptTags": [
        "cf:service=grupo-eye-staff"
    ],
    "scriptVersion": {
        "id": "3c658acb-3c0a-4f6c-999e-21a279335e47"
    },
    "scriptName": "grupo-eye-staff",
    "diagnosticsChannelEvents": [],
    "exceptions": [],
    "logs": [],
    "eventTimestamp": 1782506141366,
    "event": {
        "request": {
            "url": "https://eye-staff.app/api/presupuestos?t=1782506141255",
            "method": "GET",
            "headers": {
                "accept": "*/*",
                "accept-encoding": "gzip, br",
                "accept-language": "es-ES,es;q=0.9,en;q=0.8",
                "authorization": "REDACTED",
                "cache-control": "no-cache",
                "cf-connecting-ip": "188.86.247.78",
                "cf-ipcountry": "ES",
                "cf-ray": "a11efff78fcec69e",
                "cf-visitor": "{\"scheme\":\"https\"}",
                "connection": "Keep-Alive",
                "content-type": "application/json",
                "host": "eye-staff.app",
                "pragma": "no-cache",
                "priority": "u=1, i",
                "referer": "https://eye-staff.app/",
                "sec-ch-ua": "\"Google Chrome\";v=\"149\", \"Chromium\";v=\"149\", \"Not)A;Brand\";v=\"24\"",
                "sec-ch-ua-mobile": "?0",
                "sec-ch-ua-platform": "\"macOS\"",
                "sec-fetch-dest": "empty",
                "sec-fetch-mode": "cors",
                "sec-fetch-site": "same-origin",
                "user-agent": "Mozilla/5.0 (Macintosh; Intel Mac OS X 10_15_7) AppleWebKit/537.36 (KHTML, like Gecko) Chrome/149.0.0.0 Safari/537.36",
                "x-forwarded-proto": "https",
                "x-real-ip": "188.86.247.78",
                "x-web-session-id": "1778900541741"
            },
            "cf": {
                "httpProtocol": "HTTP/3",
                "clientAcceptEncoding": "gzip, deflate, br",
                "requestPriority": "",
                "edgeRequestKeepAliveStatus": 1,
                "requestHeaderNames": {},
                "clientTcpRtt": 0,
                "clientQuicRtt": 29,
                "colo": "MAD",
                "asn": 12430,
                "asOrganization": "VODAFONE ESPANA, S.A.U",
                "country": "ES",
                "isEUCountry": "1",
                "city": "Madrid",
                "continent": "EU",
                "region": "Madrid",
                "regionCode": "MD",
                "timezone": "Europe/Madrid",
                "longitude": "-3.70256",
                "latitude": "40.4165",
                "postalCode": "28004",
                "tlsVersion": "TLSv1.3",
                "tlsCipher": "AEAD-AES128-GCM-SHA256",
                "tlsClientRandom": "MTR/VrdDTsWwLk6+a6medcGuTgM46+l+PN7QJbUzssY=",
                "tlsClientCiphersSha1": "3HTt3+R/6BL3zeALJDSq0pR1yOQ=",
                "tlsClientExtensionsSha1": "93pnLPs+ozaBzpwu7mDnjA2PRo4=",
                "tlsClientExtensionsSha1Le": "X7qkEoKDVK/pSQ7uCMMewQmugQQ=",
                "tlsClientHelloLength": "1740",
                "tlsClientAuth": {
                    "certPresented": "0",
                    "certVerified": "NONE",
                    "certRevoked": "0",
                    "certIssuerDN": "",
                    "certSubjectDN": "",
                    "certIssuerDNRFC2253": "",
                    "certSubjectDNRFC2253": "",
                    "certIssuerDNLegacy": "",
                    "certSubjectDNLegacy": "",
                    "certSerial": "",
                    "certIssuerSerial": "",
                    "certSKI": "",
                    "certIssuerSKI": "",
                    "certFingerprintSHA1": "",
                    "certFingerprintSHA256": "",
                    "certNotBefore": "",
                    "certNotAfter": "",
                    "certRFC9440": "",
                    "certRFC9440TooLarge": false,
                    "certChainRFC9440": "",
                    "certChainRFC9440TooLarge": false
                },
                "verifiedBotCategory": "",
                "edgeL4": {
                    "deliveryRate": 10983653
                }
            }
        },
        "response": {
            "status": 200
        }
    }
}
{
    "wallTime": 80,
    "cpuTime": 1,
    "truncated": false,
    "executionModel": "stateless",
    "outcome": "ok",
    "scriptTags": [
        "cf:service=grupo-eye-staff"
    ],
    "scriptVersion": {
        "id": "3c658acb-3c0a-4f6c-999e-21a279335e47"
    },
    "scriptName": "grupo-eye-staff",
    "diagnosticsChannelEvents": [],
    "exceptions": [],
    "logs": [],
    "eventTimestamp": 1782506141422,
    "event": {
        "request": {
            "url": "https://eye-staff.app/api/vehicles/active?session_id=146&t=1782506141338",
            "method": "GET",
            "headers": {
                "accept": "*/*",
                "accept-encoding": "gzip, br",
                "accept-language": "es-ES,es;q=0.9,en;q=0.8",
                "authorization": "REDACTED",
                "cache-control": "no-cache",
                "cf-connecting-ip": "188.86.247.78",
                "cf-ipcountry": "ES",
                "cf-ray": "a11efff7dfe4c69e",
                "cf-visitor": "{\"scheme\":\"https\"}",
                "connection": "Keep-Alive",
                "content-type": "application/json",
                "host": "eye-staff.app",
                "pragma": "no-cache",
                "priority": "u=1, i",
                "referer": "https://eye-staff.app/",
                "sec-ch-ua": "\"Google Chrome\";v=\"149\", \"Chromium\";v=\"149\", \"Not)A;Brand\";v=\"24\"",
                "sec-ch-ua-mobile": "?0",
                "sec-ch-ua-platform": "\"macOS\"",
                "sec-fetch-dest": "empty",
                "sec-fetch-mode": "cors",
                "sec-fetch-site": "same-origin",
                "user-agent": "Mozilla/5.0 (Macintosh; Intel Mac OS X 10_15_7) AppleWebKit/537.36 (KHTML, like Gecko) Chrome/149.0.0.0 Safari/537.36",
                "x-forwarded-proto": "https",
                "x-real-ip": "188.86.247.78",
                "x-web-session-id": "1778900541741"
            },
            "cf": {
                "httpProtocol": "HTTP/3",
                "clientAcceptEncoding": "gzip, deflate, br",
                "requestPriority": "",
                "edgeRequestKeepAliveStatus": 1,
                "requestHeaderNames": {},
                "clientTcpRtt": 0,
                "clientQuicRtt": 24,
                "colo": "MAD",
                "asn": 12430,
                "asOrganization": "VODAFONE ESPANA, S.A.U",
                "country": "ES",
                "isEUCountry": "1",
                "city": "Madrid",
                "continent": "EU",
                "region": "Madrid",
                "regionCode": "MD",
                "timezone": "Europe/Madrid",
                "longitude": "-3.70256",
                "latitude": "40.4165",
                "postalCode": "28004",
                "tlsVersion": "TLSv1.3",
                "tlsCipher": "AEAD-AES128-GCM-SHA256",
                "tlsClientRandom": "MTR/VrdDTsWwLk6+a6medcGuTgM46+l+PN7QJbUzssY=",
                "tlsClientCiphersSha1": "3HTt3+R/6BL3zeALJDSq0pR1yOQ=",
                "tlsClientExtensionsSha1": "93pnLPs+ozaBzpwu7mDnjA2PRo4=",
                "tlsClientExtensionsSha1Le": "X7qkEoKDVK/pSQ7uCMMewQmugQQ=",
                "tlsClientHelloLength": "1740",
                "tlsClientAuth": {
                    "certPresented": "0",
                    "certVerified": "NONE",
                    "certRevoked": "0",
                    "certIssuerDN": "",
                    "certSubjectDN": "",
                    "certIssuerDNRFC2253": "",
                    "certSubjectDNRFC2253": "",
                    "certIssuerDNLegacy": "",
                    "certSubjectDNLegacy": "",
                    "certSerial": "",
                    "certIssuerSerial": "",
                    "certSKI": "",
                    "certIssuerSKI": "",
                    "certFingerprintSHA1": "",
                    "certFingerprintSHA256": "",
                    "certNotBefore": "",
                    "certNotAfter": "",
                    "certRFC9440": "",
                    "certRFC9440TooLarge": false,
                    "certChainRFC9440": "",
                    "certChainRFC9440TooLarge": false
                },
                "verifiedBotCategory": "",
                "edgeL4": {
                    "deliveryRate": 10983653
                }
            }
        },
        "response": {
            "status": 200
        }
    }
}
{
    "wallTime": 1441,
    "cpuTime": 16,
    "truncated": false,
    "executionModel": "stateless",
    "outcome": "ok",
    "scriptTags": [
        "cf:service=grupo-eye-staff"
    ],
    "scriptVersion": {
        "id": "3c658acb-3c0a-4f6c-999e-21a279335e47"
    },
    "scriptName": "grupo-eye-staff",
    "diagnosticsChannelEvents": [],
    "exceptions": [],
    "logs": [],
    "eventTimestamp": 1782506149889,
    "event": {
        "request": {
            "url": "https://eye-staff.app/api/chat/conversations",
            "method": "GET",
            "headers": {
                "accept": "*/*",
                "accept-encoding": "gzip, br",
                "accept-language": "es-ES,es;q=0.9,en;q=0.8",
                "authorization": "REDACTED",
                "cf-connecting-ip": "188.86.247.78",
                "cf-ipcountry": "ES",
                "cf-ray": "a11f002cc864c69e",
                "cf-visitor": "{\"scheme\":\"https\"}",
                "connection": "Keep-Alive",
                "host": "eye-staff.app",
                "priority": "u=1, i",
                "referer": "https://eye-staff.app/",
                "sec-ch-ua": "\"Google Chrome\";v=\"149\", \"Chromium\";v=\"149\", \"Not)A;Brand\";v=\"24\"",
                "sec-ch-ua-mobile": "?0",
                "sec-ch-ua-platform": "\"macOS\"",
                "sec-fetch-dest": "empty",
                "sec-fetch-mode": "cors",
                "sec-fetch-site": "same-origin",
                "user-agent": "Mozilla/5.0 (Macintosh; Intel Mac OS X 10_15_7) AppleWebKit/537.36 (KHTML, like Gecko) Chrome/149.0.0.0 Safari/537.36",
                "x-forwarded-proto": "https",
                "x-real-ip": "188.86.247.78"
            },
            "cf": {
                "httpProtocol": "HTTP/3",
                "clientAcceptEncoding": "gzip, deflate, br",
                "requestPriority": "",
                "edgeRequestKeepAliveStatus": 1,
                "requestHeaderNames": {},
                "clientTcpRtt": 0,
                "clientQuicRtt": 22,
                "colo": "MAD",
                "asn": 12430,
                "asOrganization": "VODAFONE ESPANA, S.A.U",
                "country": "ES",
                "isEUCountry": "1",
                "city": "Madrid",
                "continent": "EU",
                "region": "Madrid",
                "regionCode": "MD",
                "timezone": "Europe/Madrid",
                "longitude": "-3.70256",
                "latitude": "40.4165",
                "postalCode": "28004",
                "tlsVersion": "TLSv1.3",
                "tlsCipher": "AEAD-AES128-GCM-SHA256",
                "tlsClientRandom": "MTR/VrdDTsWwLk6+a6medcGuTgM46+l+PN7QJbUzssY=",
                "tlsClientCiphersSha1": "3HTt3+R/6BL3zeALJDSq0pR1yOQ=",
                "tlsClientExtensionsSha1": "93pnLPs+ozaBzpwu7mDnjA2PRo4=",
                "tlsClientExtensionsSha1Le": "X7qkEoKDVK/pSQ7uCMMewQmugQQ=",
                "tlsClientHelloLength": "1740",
                "tlsClientAuth": {
                    "certPresented": "0",
                    "certVerified": "NONE",
                    "certRevoked": "0",
                    "certIssuerDN": "",
                    "certSubjectDN": "",
                    "certIssuerDNRFC2253": "",
                    "certSubjectDNRFC2253": "",
                    "certIssuerDNLegacy": "",
                    "certSubjectDNLegacy": "",
                    "certSerial": "",
                    "certIssuerSerial": "",
                    "certSKI": "",
                    "certIssuerSKI": "",
                    "certFingerprintSHA1": "",
                    "certFingerprintSHA256": "",
                    "certNotBefore": "",
                    "certNotAfter": "",
                    "certRFC9440": "",
                    "certRFC9440TooLarge": false,
                    "certChainRFC9440": "",
                    "certChainRFC9440TooLarge": false
                },
                "verifiedBotCategory": "",
                "edgeL4": {
                    "deliveryRate": 10983653
                }
            }
        },
        "response": {
            "status": 200
        }
    }
}
{
    "wallTime": 82,
    "cpuTime": 1,
    "truncated": false,
    "executionModel": "stateless",
    "outcome": "ok",
    "scriptTags": [
        "cf:service=grupo-eye-staff"
    ],
    "scriptVersion": {
        "id": "3c658acb-3c0a-4f6c-999e-21a279335e47"
    },
    "scriptName": "grupo-eye-staff",
    "diagnosticsChannelEvents": [],
    "exceptions": [],
    "logs": [],
    "eventTimestamp": 1782506154890,
    "event": {
        "request": {
            "url": "https://eye-staff.app/api/staff/live-locations?t=1782506154802",
            "method": "GET",
            "headers": {
                "accept": "*/*",
                "accept-encoding": "gzip, br",
                "accept-language": "es-ES,es;q=0.9,en;q=0.8",
                "authorization": "REDACTED",
                "cache-control": "no-cache",
                "cf-connecting-ip": "188.86.247.78",
                "cf-ipcountry": "ES",
                "cf-ray": "a11f004c0c7bc69e",
                "cf-visitor": "{\"scheme\":\"https\"}",
                "connection": "Keep-Alive",
                "content-type": "application/json",
                "host": "eye-staff.app",
                "pragma": "no-cache",
                "priority": "u=1, i",
                "referer": "https://eye-staff.app/",
                "sec-ch-ua": "\"Google Chrome\";v=\"149\", \"Chromium\";v=\"149\", \"Not)A;Brand\";v=\"24\"",
                "sec-ch-ua-mobile": "?0",
                "sec-ch-ua-platform": "\"macOS\"",
                "sec-fetch-dest": "empty",
                "sec-fetch-mode": "cors",
                "sec-fetch-site": "same-origin",
                "user-agent": "Mozilla/5.0 (Macintosh; Intel Mac OS X 10_15_7) AppleWebKit/537.36 (KHTML, like Gecko) Chrome/149.0.0.0 Safari/537.36",
                "x-forwarded-proto": "https",
                "x-real-ip": "188.86.247.78",
                "x-web-session-id": "1778900541741"
            },
            "cf": {
                "httpProtocol": "HTTP/3",
                "clientAcceptEncoding": "gzip, deflate, br",
                "requestPriority": "",
                "edgeRequestKeepAliveStatus": 1,
                "requestHeaderNames": {},
                "clientTcpRtt": 0,
                "clientQuicRtt": 20,
                "colo": "MAD",
                "asn": 12430,
                "asOrganization": "VODAFONE ESPANA, S.A.U",
                "country": "ES",
                "isEUCountry": "1",
                "city": "Madrid",
                "continent": "EU",
                "region": "Madrid",
                "regionCode": "MD",
                "timezone": "Europe/Madrid",
                "longitude": "-3.70256",
                "latitude": "40.4165",
                "postalCode": "28004",
                "tlsVersion": "TLSv1.3",
                "tlsCipher": "AEAD-AES128-GCM-SHA256",
                "tlsClientRandom": "MTR/VrdDTsWwLk6+a6medcGuTgM46+l+PN7QJbUzssY=",
                "tlsClientCiphersSha1": "3HTt3+R/6BL3zeALJDSq0pR1yOQ=",
                "tlsClientExtensionsSha1": "93pnLPs+ozaBzpwu7mDnjA2PRo4=",
                "tlsClientExtensionsSha1Le": "X7qkEoKDVK/pSQ7uCMMewQmugQQ=",
                "tlsClientHelloLength": "1740",
                "tlsClientAuth": {
                    "certPresented": "0",
                    "certVerified": "NONE",
                    "certRevoked": "0",
                    "certIssuerDN": "",
                    "certSubjectDN": "",
                    "certIssuerDNRFC2253": "",
                    "certSubjectDNRFC2253": "",
                    "certIssuerDNLegacy": "",
                    "certSubjectDNLegacy": "",
                    "certSerial": "",
                    "certIssuerSerial": "",
                    "certSKI": "",
                    "certIssuerSKI": "",
                    "certFingerprintSHA1": "",
                    "certFingerprintSHA256": "",
                    "certNotBefore": "",
                    "certNotAfter": "",
                    "certRFC9440": "",
                    "certRFC9440TooLarge": false,
                    "certChainRFC9440": "",
                    "certChainRFC9440TooLarge": false
                },
                "verifiedBotCategory": "",
                "edgeL4": {
                    "deliveryRate": 10983653
                }
            }
        },
        "response": {
            "status": 200
        }
    }
}
{
    "wallTime": 1449,
    "cpuTime": 14,
    "truncated": false,
    "executionModel": "stateless",
    "outcome": "ok",
    "scriptTags": [
        "cf:service=grupo-eye-staff"
    ],
    "scriptVersion": {
        "id": "3c658acb-3c0a-4f6c-999e-21a279335e47"
    },
    "scriptName": "grupo-eye-staff",
    "diagnosticsChannelEvents": [],
    "exceptions": [],
    "logs": [],
    "eventTimestamp": 1782506159887,
    "event": {
        "request": {
            "url": "https://eye-staff.app/api/chat/conversations",
            "method": "GET",
            "headers": {
                "accept": "*/*",
                "accept-encoding": "gzip, br",
                "accept-language": "es-ES,es;q=0.9,en;q=0.8",
                "authorization": "REDACTED",
                "cf-connecting-ip": "188.86.247.78",
                "cf-ipcountry": "ES",
                "cf-ray": "a11f006b49ecc69e",
                "cf-visitor": "{\"scheme\":\"https\"}",
                "connection": "Keep-Alive",
                "host": "eye-staff.app",
                "priority": "u=1, i",
                "referer": "https://eye-staff.app/",
                "sec-ch-ua": "\"Google Chrome\";v=\"149\", \"Chromium\";v=\"149\", \"Not)A;Brand\";v=\"24\"",
                "sec-ch-ua-mobile": "?0",
                "sec-ch-ua-platform": "\"macOS\"",
                "sec-fetch-dest": "empty",
                "sec-fetch-mode": "cors",
                "sec-fetch-site": "same-origin",
                "user-agent": "Mozilla/5.0 (Macintosh; Intel Mac OS X 10_15_7) AppleWebKit/537.36 (KHTML, like Gecko) Chrome/149.0.0.0 Safari/537.36",
                "x-forwarded-proto": "https",
                "x-real-ip": "188.86.247.78"
            },
            "cf": {
                "httpProtocol": "HTTP/3",
                "clientAcceptEncoding": "gzip, deflate, br",
                "requestPriority": "",
                "edgeRequestKeepAliveStatus": 1,
                "requestHeaderNames": {},
                "clientTcpRtt": 0,
                "clientQuicRtt": 19,
                "colo": "MAD",
                "asn": 12430,
                "asOrganization": "VODAFONE ESPANA, S.A.U",
                "country": "ES",
                "isEUCountry": "1",
                "city": "Madrid",
                "continent": "EU",
                "region": "Madrid",
                "regionCode": "MD",
                "timezone": "Europe/Madrid",
                "longitude": "-3.70256",
                "latitude": "40.4165",
                "postalCode": "28004",
                "tlsVersion": "TLSv1.3",
                "tlsCipher": "AEAD-AES128-GCM-SHA256",
                "tlsClientRandom": "MTR/VrdDTsWwLk6+a6medcGuTgM46+l+PN7QJbUzssY=",
                "tlsClientCiphersSha1": "3HTt3+R/6BL3zeALJDSq0pR1yOQ=",
                "tlsClientExtensionsSha1": "93pnLPs+ozaBzpwu7mDnjA2PRo4=",
                "tlsClientExtensionsSha1Le": "X7qkEoKDVK/pSQ7uCMMewQmugQQ=",
                "tlsClientHelloLength": "1740",
                "tlsClientAuth": {
                    "certPresented": "0",
                    "certVerified": "NONE",
                    "certRevoked": "0",
                    "certIssuerDN": "",
                    "certSubjectDN": "",
                    "certIssuerDNRFC2253": "",
                    "certSubjectDNRFC2253": "",
                    "certIssuerDNLegacy": "",
                    "certSubjectDNLegacy": "",
                    "certSerial": "",
                    "certIssuerSerial": "",
                    "certSKI": "",
                    "certIssuerSKI": "",
                    "certFingerprintSHA1": "",
                    "certFingerprintSHA256": "",
                    "certNotBefore": "",
                    "certNotAfter": "",
                    "certRFC9440": "",
                    "certRFC9440TooLarge": false,
                    "certChainRFC9440": "",
                    "certChainRFC9440TooLarge": false
                },
                "verifiedBotCategory": "",
                "edgeL4": {
                    "deliveryRate": 10983653
                }
            }
        },
        "response": {
            "status": 200
        }
    }
}
{
    "wallTime": 89,
    "cpuTime": 1,
    "truncated": false,
    "executionModel": "stateless",
    "outcome": "ok",
    "scriptTags": [
        "cf:service=grupo-eye-staff"
    ],
    "scriptVersion": {
        "id": "3c658acb-3c0a-4f6c-999e-21a279335e47"
    },
    "scriptName": "grupo-eye-staff",
    "diagnosticsChannelEvents": [],
    "exceptions": [],
    "logs": [],
    "eventTimestamp": 1782506169885,
    "event": {
        "request": {
            "url": "https://eye-staff.app/api/staff/live-locations?t=1782506169800",
            "method": "GET",
            "headers": {
                "accept": "*/*",
                "accept-encoding": "gzip, br",
                "accept-language": "es-ES,es;q=0.9,en;q=0.8",
                "authorization": "REDACTED",
                "cache-control": "no-cache",
                "cf-connecting-ip": "188.86.247.78",
                "cf-ipcountry": "ES",
                "cf-ray": "a11f00a9bb8bc69e",
                "cf-visitor": "{\"scheme\":\"https\"}",
                "connection": "Keep-Alive",
                "content-type": "application/json",
                "host": "eye-staff.app",
                "pragma": "no-cache",
                "priority": "u=1, i",
                "referer": "https://eye-staff.app/",
                "sec-ch-ua": "\"Google Chrome\";v=\"149\", \"Chromium\";v=\"149\", \"Not)A;Brand\";v=\"24\"",
                "sec-ch-ua-mobile": "?0",
                "sec-ch-ua-platform": "\"macOS\"",
                "sec-fetch-dest": "empty",
                "sec-fetch-mode": "cors",
                "sec-fetch-site": "same-origin",
                "user-agent": "Mozilla/5.0 (Macintosh; Intel Mac OS X 10_15_7) AppleWebKit/537.36 (KHTML, like Gecko) Chrome/149.0.0.0 Safari/537.36",
                "x-forwarded-proto": "https",
                "x-real-ip": "188.86.247.78",
                "x-web-session-id": "1778900541741"
            },
            "cf": {
                "httpProtocol": "HTTP/3",
                "clientAcceptEncoding": "gzip, deflate, br",
                "requestPriority": "",
                "edgeRequestKeepAliveStatus": 1,
                "requestHeaderNames": {},
                "clientTcpRtt": 0,
                "clientQuicRtt": 18,
                "colo": "MAD",
                "asn": 12430,
                "asOrganization": "VODAFONE ESPANA, S.A.U",
                "country": "ES",
                "isEUCountry": "1",
                "city": "Madrid",
                "continent": "EU",
                "region": "Madrid",
                "regionCode": "MD",
                "timezone": "Europe/Madrid",
                "longitude": "-3.70256",
                "latitude": "40.4165",
                "postalCode": "28004",
                "tlsVersion": "TLSv1.3",
                "tlsCipher": "AEAD-AES128-GCM-SHA256",
                "tlsClientRandom": "MTR/VrdDTsWwLk6+a6medcGuTgM46+l+PN7QJbUzssY=",
                "tlsClientCiphersSha1": "3HTt3+R/6BL3zeALJDSq0pR1yOQ=",
                "tlsClientExtensionsSha1": "93pnLPs+ozaBzpwu7mDnjA2PRo4=",
                "tlsClientExtensionsSha1Le": "X7qkEoKDVK/pSQ7uCMMewQmugQQ=",
                "tlsClientHelloLength": "1740",
                "tlsClientAuth": {
                    "certPresented": "0",
                    "certVerified": "NONE",
                    "certRevoked": "0",
                    "certIssuerDN": "",
                    "certSubjectDN": "",
                    "certIssuerDNRFC2253": "",
                    "certSubjectDNRFC2253": "",
                    "certIssuerDNLegacy": "",
                    "certSubjectDNLegacy": "",
                    "certSerial": "",
                    "certIssuerSerial": "",
                    "certSKI": "",
                    "certIssuerSKI": "",
                    "certFingerprintSHA1": "",
                    "certFingerprintSHA256": "",
                    "certNotBefore": "",
                    "certNotAfter": "",
                    "certRFC9440": "",
                    "certRFC9440TooLarge": false,
                    "certChainRFC9440": "",
                    "certChainRFC9440TooLarge": false
                },
                "verifiedBotCategory": "",
                "edgeL4": {
                    "deliveryRate": 10983653
                }
            }
        },
        "response": {
            "status": 200
        }
    }
}
{
    "wallTime": 1488,
    "cpuTime": 15,
    "truncated": false,
    "executionModel": "stateless",
    "outcome": "ok",
    "scriptTags": [
        "cf:service=grupo-eye-staff"
    ],
    "scriptVersion": {
        "id": "3c658acb-3c0a-4f6c-999e-21a279335e47"
    },
    "scriptName": "grupo-eye-staff",
    "diagnosticsChannelEvents": [],
    "exceptions": [],
    "logs": [],
    "eventTimestamp": 1782506169884,
    "event": {
        "request": {
            "url": "https://eye-staff.app/api/chat/conversations",
            "method": "GET",
            "headers": {
                "accept": "*/*",
                "accept-encoding": "gzip, br",
                "accept-language": "es-ES,es;q=0.9,en;q=0.8",
                "authorization": "REDACTED",
                "cf-connecting-ip": "188.86.247.78",
                "cf-ipcountry": "ES",
                "cf-ray": "a11f00a9bb89c69e",
                "cf-visitor": "{\"scheme\":\"https\"}",
                "connection": "Keep-Alive",
                "host": "eye-staff.app",
                "priority": "u=1, i",
                "referer": "https://eye-staff.app/",
                "sec-ch-ua": "\"Google Chrome\";v=\"149\", \"Chromium\";v=\"149\", \"Not)A;Brand\";v=\"24\"",
                "sec-ch-ua-mobile": "?0",
                "sec-ch-ua-platform": "\"macOS\"",
                "sec-fetch-dest": "empty",
                "sec-fetch-mode": "cors",
                "sec-fetch-site": "same-origin",
                "user-agent": "Mozilla/5.0 (Macintosh; Intel Mac OS X 10_15_7) AppleWebKit/537.36 (KHTML, like Gecko) Chrome/149.0.0.0 Safari/537.36",
                "x-forwarded-proto": "https",
                "x-real-ip": "188.86.247.78"
            },
            "cf": {
                "httpProtocol": "HTTP/3",
                "clientAcceptEncoding": "gzip, deflate, br",
                "requestPriority": "",
                "edgeRequestKeepAliveStatus": 1,
                "requestHeaderNames": {},
                "clientTcpRtt": 0,
                "clientQuicRtt": 18,
                "colo": "MAD",
                "asn": 12430,
                "asOrganization": "VODAFONE ESPANA, S.A.U",
                "country": "ES",
                "isEUCountry": "1",
                "city": "Madrid",
                "continent": "EU",
                "region": "Madrid",
                "regionCode": "MD",
                "timezone": "Europe/Madrid",
                "longitude": "-3.70256",
                "latitude": "40.4165",
                "postalCode": "28004",
                "tlsVersion": "TLSv1.3",
                "tlsCipher": "AEAD-AES128-GCM-SHA256",
                "tlsClientRandom": "MTR/VrdDTsWwLk6+a6medcGuTgM46+l+PN7QJbUzssY=",
                "tlsClientCiphersSha1": "3HTt3+R/6BL3zeALJDSq0pR1yOQ=",
                "tlsClientExtensionsSha1": "93pnLPs+ozaBzpwu7mDnjA2PRo4=",
                "tlsClientExtensionsSha1Le": "X7qkEoKDVK/pSQ7uCMMewQmugQQ=",
                "tlsClientHelloLength": "1740",
                "tlsClientAuth": {
                    "certPresented": "0",
                    "certVerified": "NONE",
                    "certRevoked": "0",
                    "certIssuerDN": "",
                    "certSubjectDN": "",
                    "certIssuerDNRFC2253": "",
                    "certSubjectDNRFC2253": "",
                    "certIssuerDNLegacy": "",
                    "certSubjectDNLegacy": "",
                    "certSerial": "",
                    "certIssuerSerial": "",
                    "certSKI": "",
                    "certIssuerSKI": "",
                    "certFingerprintSHA1": "",
                    "certFingerprintSHA256": "",
                    "certNotBefore": "",
                    "certNotAfter": "",
                    "certRFC9440": "",
                    "certRFC9440TooLarge": false,
                    "certChainRFC9440": "",
                    "certChainRFC9440TooLarge": false
                },
                "verifiedBotCategory": "",
                "edgeL4": {
                    "deliveryRate": 10983653
                }
            }
        },
        "response": {
            "status": 200
        }
    }
}
{
    "wallTime": 190,
    "cpuTime": 0,
    "truncated": false,
    "executionModel": "stateless",
    "outcome": "ok",
    "scriptTags": [
        "cf:service=grupo-eye-staff"
    ],
    "scriptVersion": {
        "id": "3c658acb-3c0a-4f6c-999e-21a279335e47"
    },
    "scriptName": "grupo-eye-staff",
    "diagnosticsChannelEvents": [],
    "exceptions": [],
    "logs": [
        {
            "message": [
                "[CRON] Revisando notificaciones para 2026-06-26 16:36..."
            ],
            "level": "log",
            "timestamp": 1782506175014
        }
    ],
    "eventTimestamp": 1782506175014,
    "event": {
        "cron": "* * * * *",
        "scheduledTime": 1782506174000
    }
}
{
    "wallTime": 1459,
    "cpuTime": 15,
    "truncated": false,
    "executionModel": "stateless",
    "outcome": "ok",
    "scriptTags": [
        "cf:service=grupo-eye-staff"
    ],
    "scriptVersion": {
        "id": "3c658acb-3c0a-4f6c-999e-21a279335e47"
    },
    "scriptName": "grupo-eye-staff",
    "diagnosticsChannelEvents": [],
    "exceptions": [],
    "logs": [],
    "eventTimestamp": 1782506179884,
    "event": {
        "request": {
            "url": "https://eye-staff.app/api/chat/conversations",
            "method": "GET",
            "headers": {
                "accept": "*/*",
                "accept-encoding": "gzip, br",
                "accept-language": "es-ES,es;q=0.9,en;q=0.8",
                "authorization": "REDACTED",
                "cf-connecting-ip": "188.86.247.78",
                "cf-ipcountry": "ES",
                "cf-ray": "a11f00e84ec5c69e",
                "cf-visitor": "{\"scheme\":\"https\"}",
                "connection": "Keep-Alive",
                "host": "eye-staff.app",
                "priority": "u=1, i",
                "referer": "https://eye-staff.app/",
                "sec-ch-ua": "\"Google Chrome\";v=\"149\", \"Chromium\";v=\"149\", \"Not)A;Brand\";v=\"24\"",
                "sec-ch-ua-mobile": "?0",
                "sec-ch-ua-platform": "\"macOS\"",
                "sec-fetch-dest": "empty",
                "sec-fetch-mode": "cors",
                "sec-fetch-site": "same-origin",
                "user-agent": "Mozilla/5.0 (Macintosh; Intel Mac OS X 10_15_7) AppleWebKit/537.36 (KHTML, like Gecko) Chrome/149.0.0.0 Safari/537.36",
                "x-forwarded-proto": "https",
                "x-real-ip": "188.86.247.78"
            },
            "cf": {
                "httpProtocol": "HTTP/3",
                "clientAcceptEncoding": "gzip, deflate, br",
                "requestPriority": "",
                "edgeRequestKeepAliveStatus": 1,
                "requestHeaderNames": {},
                "clientTcpRtt": 0,
                "clientQuicRtt": 16,
                "colo": "MAD",
                "asn": 12430,
                "asOrganization": "VODAFONE ESPANA, S.A.U",
                "country": "ES",
                "isEUCountry": "1",
                "city": "Madrid",
                "continent": "EU",
                "region": "Madrid",
                "regionCode": "MD",
                "timezone": "Europe/Madrid",
                "longitude": "-3.70256",
                "latitude": "40.4165",
                "postalCode": "28004",
                "tlsVersion": "TLSv1.3",
                "tlsCipher": "AEAD-AES128-GCM-SHA256",
                "tlsClientRandom": "MTR/VrdDTsWwLk6+a6medcGuTgM46+l+PN7QJbUzssY=",
                "tlsClientCiphersSha1": "3HTt3+R/6BL3zeALJDSq0pR1yOQ=",
                "tlsClientExtensionsSha1": "93pnLPs+ozaBzpwu7mDnjA2PRo4=",
                "tlsClientExtensionsSha1Le": "X7qkEoKDVK/pSQ7uCMMewQmugQQ=",
                "tlsClientHelloLength": "1740",
                "tlsClientAuth": {
                    "certPresented": "0",
                    "certVerified": "NONE",
                    "certRevoked": "0",
                    "certIssuerDN": "",
                    "certSubjectDN": "",
                    "certIssuerDNRFC2253": "",
                    "certSubjectDNRFC2253": "",
                    "certIssuerDNLegacy": "",
                    "certSubjectDNLegacy": "",
                    "certSerial": "",
                    "certIssuerSerial": "",
                    "certSKI": "",
                    "certIssuerSKI": "",
                    "certFingerprintSHA1": "",
                    "certFingerprintSHA256": "",
                    "certNotBefore": "",
                    "certNotAfter": "",
                    "certRFC9440": "",
                    "certRFC9440TooLarge": false,
                    "certChainRFC9440": "",
                    "certChainRFC9440TooLarge": false
                },
                "verifiedBotCategory": "",
                "edgeL4": {
                    "deliveryRate": 10983653
                }
            }
        },
        "response": {
            "status": 200
        }
    }
}
{
    "wallTime": 83,
    "cpuTime": 1,
    "truncated": false,
    "executionModel": "stateless",
    "outcome": "ok",
    "scriptTags": [
        "cf:service=grupo-eye-staff"
    ],
    "scriptVersion": {
        "id": "3c658acb-3c0a-4f6c-999e-21a279335e47"
    },
    "scriptName": "grupo-eye-staff",
    "diagnosticsChannelEvents": [],
    "exceptions": [],
    "logs": [],
    "eventTimestamp": 1782506184890,
    "event": {
        "request": {
            "url": "https://eye-staff.app/api/staff/live-locations?t=1782506184802",
            "method": "GET",
            "headers": {
                "accept": "*/*",
                "accept-encoding": "gzip, br",
                "accept-language": "es-ES,es;q=0.9,en;q=0.8",
                "authorization": "REDACTED",
                "cache-control": "no-cache",
                "cf-connecting-ip": "188.86.247.78",
                "cf-ipcountry": "ES",
                "cf-ray": "a11f01078b5ec69e",
                "cf-visitor": "{\"scheme\":\"https\"}",
                "connection": "Keep-Alive",
                "content-type": "application/json",
                "host": "eye-staff.app",
                "pragma": "no-cache",
                "priority": "u=1, i",
                "referer": "https://eye-staff.app/",
                "sec-ch-ua": "\"Google Chrome\";v=\"149\", \"Chromium\";v=\"149\", \"Not)A;Brand\";v=\"24\"",
                "sec-ch-ua-mobile": "?0",
                "sec-ch-ua-platform": "\"macOS\"",
                "sec-fetch-dest": "empty",
                "sec-fetch-mode": "cors",
                "sec-fetch-site": "same-origin",
                "user-agent": "Mozilla/5.0 (Macintosh; Intel Mac OS X 10_15_7) AppleWebKit/537.36 (KHTML, like Gecko) Chrome/149.0.0.0 Safari/537.36",
                "x-forwarded-proto": "https",
                "x-real-ip": "188.86.247.78",
                "x-web-session-id": "1778900541741"
            },
            "cf": {
                "httpProtocol": "HTTP/3",
                "clientAcceptEncoding": "gzip, deflate, br",
                "requestPriority": "",
                "edgeRequestKeepAliveStatus": 1,
                "requestHeaderNames": {},
                "clientTcpRtt": 0,
                "clientQuicRtt": 15,
                "colo": "MAD",
                "asn": 12430,
                "asOrganization": "VODAFONE ESPANA, S.A.U",
                "country": "ES",
                "isEUCountry": "1",
                "city": "Madrid",
                "continent": "EU",
                "region": "Madrid",
                "regionCode": "MD",
                "timezone": "Europe/Madrid",
                "longitude": "-3.70256",
                "latitude": "40.4165",
                "postalCode": "28004",
                "tlsVersion": "TLSv1.3",
                "tlsCipher": "AEAD-AES128-GCM-SHA256",
                "tlsClientRandom": "MTR/VrdDTsWwLk6+a6medcGuTgM46+l+PN7QJbUzssY=",
                "tlsClientCiphersSha1": "3HTt3+R/6BL3zeALJDSq0pR1yOQ=",
                "tlsClientExtensionsSha1": "93pnLPs+ozaBzpwu7mDnjA2PRo4=",
                "tlsClientExtensionsSha1Le": "X7qkEoKDVK/pSQ7uCMMewQmugQQ=",
                "tlsClientHelloLength": "1740",
                "tlsClientAuth": {
                    "certPresented": "0",
                    "certVerified": "NONE",
                    "certRevoked": "0",
                    "certIssuerDN": "",
                    "certSubjectDN": "",
                    "certIssuerDNRFC2253": "",
                    "certSubjectDNRFC2253": "",
                    "certIssuerDNLegacy": "",
                    "certSubjectDNLegacy": "",
                    "certSerial": "",
                    "certIssuerSerial": "",
                    "certSKI": "",
                    "certIssuerSKI": "",
                    "certFingerprintSHA1": "",
                    "certFingerprintSHA256": "",
                    "certNotBefore": "",
                    "certNotAfter": "",
                    "certRFC9440": "",
                    "certRFC9440TooLarge": false,
                    "certChainRFC9440": "",
                    "certChainRFC9440TooLarge": false
                },
                "verifiedBotCategory": "",
                "edgeL4": {
                    "deliveryRate": 10983653
                }
            }
        },
        "response": {
            "status": 200
        }
    }
}
{
    "wallTime": 1426,
    "cpuTime": 14,
    "truncated": false,
    "executionModel": "stateless",
    "outcome": "ok",
    "scriptTags": [
        "cf:service=grupo-eye-staff"
    ],
    "scriptVersion": {
        "id": "3c658acb-3c0a-4f6c-999e-21a279335e47"
    },
    "scriptName": "grupo-eye-staff",
    "diagnosticsChannelEvents": [],
    "exceptions": [],
    "logs": [],
    "eventTimestamp": 1782506189887,
    "event": {
        "request": {
            "url": "https://eye-staff.app/api/chat/conversations",
            "method": "GET",
            "headers": {
                "accept": "*/*",
                "accept-encoding": "gzip, br",
                "accept-language": "es-ES,es;q=0.9,en;q=0.8",
                "authorization": "REDACTED",
                "cf-connecting-ip": "188.86.247.78",
                "cf-ipcountry": "ES",
                "cf-ray": "a11f0126c859c69e",
                "cf-visitor": "{\"scheme\":\"https\"}",
                "connection": "Keep-Alive",
                "host": "eye-staff.app",
                "priority": "u=1, i",
                "referer": "https://eye-staff.app/",
                "sec-ch-ua": "\"Google Chrome\";v=\"149\", \"Chromium\";v=\"149\", \"Not)A;Brand\";v=\"24\"",
                "sec-ch-ua-mobile": "?0",
                "sec-ch-ua-platform": "\"macOS\"",
                "sec-fetch-dest": "empty",
                "sec-fetch-mode": "cors",
                "sec-fetch-site": "same-origin",
                "user-agent": "Mozilla/5.0 (Macintosh; Intel Mac OS X 10_15_7) AppleWebKit/537.36 (KHTML, like Gecko) Chrome/149.0.0.0 Safari/537.36",
                "x-forwarded-proto": "https",
                "x-real-ip": "188.86.247.78"
            },
            "cf": {
                "httpProtocol": "HTTP/3",
                "clientAcceptEncoding": "gzip, deflate, br",
                "requestPriority": "",
                "edgeRequestKeepAliveStatus": 1,
                "requestHeaderNames": {},
                "clientTcpRtt": 0,
                "clientQuicRtt": 14,
                "colo": "MAD",
                "asn": 12430,
                "asOrganization": "VODAFONE ESPANA, S.A.U",
                "country": "ES",
                "isEUCountry": "1",
                "city": "Madrid",
                "continent": "EU",
                "region": "Madrid",
                "regionCode": "MD",
                "timezone": "Europe/Madrid",
                "longitude": "-3.70256",
                "latitude": "40.4165",
                "postalCode": "28004",
                "tlsVersion": "TLSv1.3",
                "tlsCipher": "AEAD-AES128-GCM-SHA256",
                "tlsClientRandom": "MTR/VrdDTsWwLk6+a6medcGuTgM46+l+PN7QJbUzssY=",
                "tlsClientCiphersSha1": "3HTt3+R/6BL3zeALJDSq0pR1yOQ=",
                "tlsClientExtensionsSha1": "93pnLPs+ozaBzpwu7mDnjA2PRo4=",
                "tlsClientExtensionsSha1Le": "X7qkEoKDVK/pSQ7uCMMewQmugQQ=",
                "tlsClientHelloLength": "1740",
                "tlsClientAuth": {
                    "certPresented": "0",
                    "certVerified": "NONE",
                    "certRevoked": "0",
                    "certIssuerDN": "",
                    "certSubjectDN": "",
                    "certIssuerDNRFC2253": "",
                    "certSubjectDNRFC2253": "",
                    "certIssuerDNLegacy": "",
                    "certSubjectDNLegacy": "",
                    "certSerial": "",
                    "certIssuerSerial": "",
                    "certSKI": "",
                    "certIssuerSKI": "",
                    "certFingerprintSHA1": "",
                    "certFingerprintSHA256": "",
                    "certNotBefore": "",
                    "certNotAfter": "",
                    "certRFC9440": "",
                    "certRFC9440TooLarge": false,
                    "certChainRFC9440": "",
                    "certChainRFC9440TooLarge": false
                },
                "verifiedBotCategory": "",
                "edgeL4": {
                    "deliveryRate": 10983653
                }
            }
        },
        "response": {
            "status": 200
        }
    }
}
{
    "wallTime": 82,
    "cpuTime": 1,
    "truncated": false,
    "executionModel": "stateless",
    "outcome": "ok",
    "scriptTags": [
        "cf:service=grupo-eye-staff"
    ],
    "scriptVersion": {
        "id": "3c658acb-3c0a-4f6c-999e-21a279335e47"
    },
    "scriptName": "grupo-eye-staff",
    "diagnosticsChannelEvents": [],
    "exceptions": [],
    "logs": [],
    "eventTimestamp": 1782506199889,
    "event": {
        "request": {
            "url": "https://eye-staff.app/api/staff/live-locations?t=1782506199800",
            "method": "GET",
            "headers": {
                "accept": "*/*",
                "accept-encoding": "gzip, br",
                "accept-language": "es-ES,es;q=0.9,en;q=0.8",
                "authorization": "REDACTED",
                "cache-control": "no-cache",
                "cf-connecting-ip": "188.86.247.78",
                "cf-ipcountry": "ES",
                "cf-ray": "a11f01654946c69e",
                "cf-visitor": "{\"scheme\":\"https\"}",
                "connection": "Keep-Alive",
                "content-type": "application/json",
                "host": "eye-staff.app",
                "pragma": "no-cache",
                "priority": "u=1, i",
                "referer": "https://eye-staff.app/",
                "sec-ch-ua": "\"Google Chrome\";v=\"149\", \"Chromium\";v=\"149\", \"Not)A;Brand\";v=\"24\"",
                "sec-ch-ua-mobile": "?0",
                "sec-ch-ua-platform": "\"macOS\"",
                "sec-fetch-dest": "empty",
                "sec-fetch-mode": "cors",
                "sec-fetch-site": "same-origin",
                "user-agent": "Mozilla/5.0 (Macintosh; Intel Mac OS X 10_15_7) AppleWebKit/537.36 (KHTML, like Gecko) Chrome/149.0.0.0 Safari/537.36",
                "x-forwarded-proto": "https",
                "x-real-ip": "188.86.247.78",
                "x-web-session-id": "1778900541741"
            },
            "cf": {
                "httpProtocol": "HTTP/3",
                "clientAcceptEncoding": "gzip, deflate, br",
                "requestPriority": "",
                "edgeRequestKeepAliveStatus": 1,
                "requestHeaderNames": {},
                "clientTcpRtt": 0,
                "clientQuicRtt": 15,
                "colo": "MAD",
                "asn": 12430,
                "asOrganization": "VODAFONE ESPANA, S.A.U",
                "country": "ES",
                "isEUCountry": "1",
                "city": "Madrid",
                "continent": "EU",
                "region": "Madrid",
                "regionCode": "MD",
                "timezone": "Europe/Madrid",
                "longitude": "-3.70256",
                "latitude": "40.4165",
                "postalCode": "28004",
                "tlsVersion": "TLSv1.3",
                "tlsCipher": "AEAD-AES128-GCM-SHA256",
                "tlsClientRandom": "MTR/VrdDTsWwLk6+a6medcGuTgM46+l+PN7QJbUzssY=",
                "tlsClientCiphersSha1": "3HTt3+R/6BL3zeALJDSq0pR1yOQ=",
                "tlsClientExtensionsSha1": "93pnLPs+ozaBzpwu7mDnjA2PRo4=",
                "tlsClientExtensionsSha1Le": "X7qkEoKDVK/pSQ7uCMMewQmugQQ=",
                "tlsClientHelloLength": "1740",
                "tlsClientAuth": {
                    "certPresented": "0",
                    "certVerified": "NONE",
                    "certRevoked": "0",
                    "certIssuerDN": "",
                    "certSubjectDN": "",
                    "certIssuerDNRFC2253": "",
                    "certSubjectDNRFC2253": "",
                    "certIssuerDNLegacy": "",
                    "certSubjectDNLegacy": "",
                    "certSerial": "",
                    "certIssuerSerial": "",
                    "certSKI": "",
                    "certIssuerSKI": "",
                    "certFingerprintSHA1": "",
                    "certFingerprintSHA256": "",
                    "certNotBefore": "",
                    "certNotAfter": "",
                    "certRFC9440": "",
                    "certRFC9440TooLarge": false,
                    "certChainRFC9440": "",
                    "certChainRFC9440TooLarge": false
                },
                "verifiedBotCategory": "",
                "edgeL4": {
                    "deliveryRate": 10983653
                }
            }
        },
        "response": {
            "status": 200
        }
    }
}
{
    "wallTime": 1409,
    "cpuTime": 13,
    "truncated": false,
    "executionModel": "stateless",
    "outcome": "ok",
    "scriptTags": [
        "cf:service=grupo-eye-staff"
    ],
    "scriptVersion": {
        "id": "3c658acb-3c0a-4f6c-999e-21a279335e47"
    },
    "scriptName": "grupo-eye-staff",
    "diagnosticsChannelEvents": [],
    "exceptions": [],
    "logs": [],
    "eventTimestamp": 1782506199885,
    "event": {
        "request": {
            "url": "https://eye-staff.app/api/chat/conversations",
            "method": "GET",
            "headers": {
                "accept": "*/*",
                "accept-encoding": "gzip, br",
                "accept-language": "es-ES,es;q=0.9,en;q=0.8",
                "authorization": "REDACTED",
                "cf-connecting-ip": "188.86.247.78",
                "cf-ipcountry": "ES",
                "cf-ray": "a11f01654945c69e",
                "cf-visitor": "{\"scheme\":\"https\"}",
                "connection": "Keep-Alive",
                "host": "eye-staff.app",
                "priority": "u=1, i",
                "referer": "https://eye-staff.app/",
                "sec-ch-ua": "\"Google Chrome\";v=\"149\", \"Chromium\";v=\"149\", \"Not)A;Brand\";v=\"24\"",
                "sec-ch-ua-mobile": "?0",
                "sec-ch-ua-platform": "\"macOS\"",
                "sec-fetch-dest": "empty",
                "sec-fetch-mode": "cors",
                "sec-fetch-site": "same-origin",
                "user-agent": "Mozilla/5.0 (Macintosh; Intel Mac OS X 10_15_7) AppleWebKit/537.36 (KHTML, like Gecko) Chrome/149.0.0.0 Safari/537.36",
                "x-forwarded-proto": "https",
                "x-real-ip": "188.86.247.78"
            },
            "cf": {
                "httpProtocol": "HTTP/3",
                "clientAcceptEncoding": "gzip, deflate, br",
                "requestPriority": "",
                "edgeRequestKeepAliveStatus": 1,
                "requestHeaderNames": {},
                "clientTcpRtt": 0,
                "clientQuicRtt": 15,
                "colo": "MAD",
                "asn": 12430,
                "asOrganization": "VODAFONE ESPANA, S.A.U",
                "country": "ES",
                "isEUCountry": "1",
                "city": "Madrid",
                "continent": "EU",
                "region": "Madrid",
                "regionCode": "MD",
                "timezone": "Europe/Madrid",
                "longitude": "-3.70256",
                "latitude": "40.4165",
                "postalCode": "28004",
                "tlsVersion": "TLSv1.3",
                "tlsCipher": "AEAD-AES128-GCM-SHA256",
                "tlsClientRandom": "MTR/VrdDTsWwLk6+a6medcGuTgM46+l+PN7QJbUzssY=",
                "tlsClientCiphersSha1": "3HTt3+R/6BL3zeALJDSq0pR1yOQ=",
                "tlsClientExtensionsSha1": "93pnLPs+ozaBzpwu7mDnjA2PRo4=",
                "tlsClientExtensionsSha1Le": "X7qkEoKDVK/pSQ7uCMMewQmugQQ=",
                "tlsClientHelloLength": "1740",
                "tlsClientAuth": {
                    "certPresented": "0",
                    "certVerified": "NONE",
                    "certRevoked": "0",
                    "certIssuerDN": "",
                    "certSubjectDN": "",
                    "certIssuerDNRFC2253": "",
                    "certSubjectDNRFC2253": "",
                    "certIssuerDNLegacy": "",
                    "certSubjectDNLegacy": "",
                    "certSerial": "",
                    "certIssuerSerial": "",
                    "certSKI": "",
                    "certIssuerSKI": "",
                    "certFingerprintSHA1": "",
                    "certFingerprintSHA256": "",
                    "certNotBefore": "",
                    "certNotAfter": "",
                    "certRFC9440": "",
                    "certRFC9440TooLarge": false,
                    "certChainRFC9440": "",
                    "certChainRFC9440TooLarge": false
                },
                "verifiedBotCategory": "",
                "edgeL4": {
                    "deliveryRate": 10983653
                }
            }
        },
        "response": {
            "status": 200
        }
    }
}
{
    "wallTime": 90,
    "cpuTime": 2,
    "truncated": false,
    "executionModel": "stateless",
    "outcome": "ok",
    "scriptTags": [
        "cf:service=grupo-eye-staff"
    ],
    "scriptVersion": {
        "id": "3c658acb-3c0a-4f6c-999e-21a279335e47"
    },
    "scriptName": "grupo-eye-staff",
    "diagnosticsChannelEvents": [],
    "exceptions": [],
    "logs": [],
    "eventTimestamp": 1782506201660,
    "event": {
        "request": {
            "url": "https://eye-staff.app/api/my-permissions?t=1782506201571",
            "method": "GET",
            "headers": {
                "accept": "*/*",
                "accept-encoding": "gzip, br",
                "accept-language": "es-ES,es;q=0.9,en;q=0.8",
                "authorization": "REDACTED",
                "cache-control": "no-cache",
                "cf-connecting-ip": "188.86.247.78",
                "cf-ipcountry": "ES",
                "cf-ray": "a11f01705acdc69e",
                "cf-visitor": "{\"scheme\":\"https\"}",
                "connection": "Keep-Alive",
                "content-type": "application/json",
                "host": "eye-staff.app",
                "pragma": "no-cache",
                "priority": "u=1, i",
                "referer": "https://eye-staff.app/",
                "sec-ch-ua": "\"Google Chrome\";v=\"149\", \"Chromium\";v=\"149\", \"Not)A;Brand\";v=\"24\"",
                "sec-ch-ua-mobile": "?0",
                "sec-ch-ua-platform": "\"macOS\"",
                "sec-fetch-dest": "empty",
                "sec-fetch-mode": "cors",
                "sec-fetch-site": "same-origin",
                "user-agent": "Mozilla/5.0 (Macintosh; Intel Mac OS X 10_15_7) AppleWebKit/537.36 (KHTML, like Gecko) Chrome/149.0.0.0 Safari/537.36",
                "x-forwarded-proto": "https",
                "x-real-ip": "188.86.247.78",
                "x-web-session-id": "1778900541741"
            },
            "cf": {
                "httpProtocol": "HTTP/3",
                "clientAcceptEncoding": "gzip, deflate, br",
                "requestPriority": "",
                "edgeRequestKeepAliveStatus": 1,
                "requestHeaderNames": {},
                "clientTcpRtt": 0,
                "clientQuicRtt": 8,
                "colo": "MAD",
                "asn": 12430,
                "asOrganization": "VODAFONE ESPANA, S.A.U",
                "country": "ES",
                "isEUCountry": "1",
                "city": "Madrid",
                "continent": "EU",
                "region": "Madrid",
                "regionCode": "MD",
                "timezone": "Europe/Madrid",
                "longitude": "-3.70256",
                "latitude": "40.4165",
                "postalCode": "28004",
                "tlsVersion": "TLSv1.3",
                "tlsCipher": "AEAD-AES128-GCM-SHA256",
                "tlsClientRandom": "MTR/VrdDTsWwLk6+a6medcGuTgM46+l+PN7QJbUzssY=",
                "tlsClientCiphersSha1": "3HTt3+R/6BL3zeALJDSq0pR1yOQ=",
                "tlsClientExtensionsSha1": "93pnLPs+ozaBzpwu7mDnjA2PRo4=",
                "tlsClientExtensionsSha1Le": "X7qkEoKDVK/pSQ7uCMMewQmugQQ=",
                "tlsClientHelloLength": "1740",
                "tlsClientAuth": {
                    "certPresented": "0",
                    "certVerified": "NONE",
                    "certRevoked": "0",
                    "certIssuerDN": "",
                    "certSubjectDN": "",
                    "certIssuerDNRFC2253": "",
                    "certSubjectDNRFC2253": "",
                    "certIssuerDNLegacy": "",
                    "certSubjectDNLegacy": "",
                    "certSerial": "",
                    "certIssuerSerial": "",
                    "certSKI": "",
                    "certIssuerSKI": "",
                    "certFingerprintSHA1": "",
                    "certFingerprintSHA256": "",
                    "certNotBefore": "",
                    "certNotAfter": "",
                    "certRFC9440": "",
                    "certRFC9440TooLarge": false,
                    "certChainRFC9440": "",
                    "certChainRFC9440TooLarge": false
                },
                "verifiedBotCategory": "",
                "edgeL4": {
                    "deliveryRate": 14516421
                }
            }
        },
        "response": {
            "status": 200
        }
    }
}
{
    "wallTime": 91,
    "cpuTime": 1,
    "truncated": false,
    "executionModel": "stateless",
    "outcome": "ok",
    "scriptTags": [
        "cf:service=grupo-eye-staff"
    ],
    "scriptVersion": {
        "id": "3c658acb-3c0a-4f6c-999e-21a279335e47"
    },
    "scriptName": "grupo-eye-staff",
    "diagnosticsChannelEvents": [],
    "exceptions": [],
    "logs": [],
    "eventTimestamp": 1782506201660,
    "event": {
        "request": {
            "url": "https://eye-staff.app/api/staff/live-locations?t=1782506201572",
            "method": "GET",
            "headers": {
                "accept": "*/*",
                "accept-encoding": "gzip, br",
                "accept-language": "es-ES,es;q=0.9,en;q=0.8",
                "authorization": "REDACTED",
                "cache-control": "no-cache",
                "cf-connecting-ip": "188.86.247.78",
                "cf-ipcountry": "ES",
                "cf-ray": "a11f01705acfc69e",
                "cf-visitor": "{\"scheme\":\"https\"}",
                "connection": "Keep-Alive",
                "content-type": "application/json",
                "host": "eye-staff.app",
                "pragma": "no-cache",
                "priority": "u=1, i",
                "referer": "https://eye-staff.app/",
                "sec-ch-ua": "\"Google Chrome\";v=\"149\", \"Chromium\";v=\"149\", \"Not)A;Brand\";v=\"24\"",
                "sec-ch-ua-mobile": "?0",
                "sec-ch-ua-platform": "\"macOS\"",
                "sec-fetch-dest": "empty",
                "sec-fetch-mode": "cors",
                "sec-fetch-site": "same-origin",
                "user-agent": "Mozilla/5.0 (Macintosh; Intel Mac OS X 10_15_7) AppleWebKit/537.36 (KHTML, like Gecko) Chrome/149.0.0.0 Safari/537.36",
                "x-forwarded-proto": "https",
                "x-real-ip": "188.86.247.78",
                "x-web-session-id": "1778900541741"
            },
            "cf": {
                "httpProtocol": "HTTP/3",
                "clientAcceptEncoding": "gzip, deflate, br",
                "requestPriority": "",
                "edgeRequestKeepAliveStatus": 1,
                "requestHeaderNames": {},
                "clientTcpRtt": 0,
                "clientQuicRtt": 8,
                "colo": "MAD",
                "asn": 12430,
                "asOrganization": "VODAFONE ESPANA, S.A.U",
                "country": "ES",
                "isEUCountry": "1",
                "city": "Madrid",
                "continent": "EU",
                "region": "Madrid",
                "regionCode": "MD",
                "timezone": "Europe/Madrid",
                "longitude": "-3.70256",
                "latitude": "40.4165",
                "postalCode": "28004",
                "tlsVersion": "TLSv1.3",
                "tlsCipher": "AEAD-AES128-GCM-SHA256",
                "tlsClientRandom": "MTR/VrdDTsWwLk6+a6medcGuTgM46+l+PN7QJbUzssY=",
                "tlsClientCiphersSha1": "3HTt3+R/6BL3zeALJDSq0pR1yOQ=",
                "tlsClientExtensionsSha1": "93pnLPs+ozaBzpwu7mDnjA2PRo4=",
                "tlsClientExtensionsSha1Le": "X7qkEoKDVK/pSQ7uCMMewQmugQQ=",
                "tlsClientHelloLength": "1740",
                "tlsClientAuth": {
                    "certPresented": "0",
                    "certVerified": "NONE",
                    "certRevoked": "0",
                    "certIssuerDN": "",
                    "certSubjectDN": "",
                    "certIssuerDNRFC2253": "",
                    "certSubjectDNRFC2253": "",
                    "certIssuerDNLegacy": "",
                    "certSubjectDNLegacy": "",
                    "certSerial": "",
                    "certIssuerSerial": "",
                    "certSKI": "",
                    "certIssuerSKI": "",
                    "certFingerprintSHA1": "",
                    "certFingerprintSHA256": "",
                    "certNotBefore": "",
                    "certNotAfter": "",
                    "certRFC9440": "",
                    "certRFC9440TooLarge": false,
                    "certChainRFC9440": "",
                    "certChainRFC9440TooLarge": false
                },
                "verifiedBotCategory": "",
                "edgeL4": {
                    "deliveryRate": 14516421
                }
            }
        },
        "response": {
            "status": 200
        }
    }
}
{
    "wallTime": 1378,
    "cpuTime": 14,
    "truncated": false,
    "executionModel": "stateless",
    "outcome": "ok",
    "scriptTags": [
        "cf:service=grupo-eye-staff"
    ],
    "scriptVersion": {
        "id": "3c658acb-3c0a-4f6c-999e-21a279335e47"
    },
    "scriptName": "grupo-eye-staff",
    "diagnosticsChannelEvents": [],
    "exceptions": [],
    "logs": [],
    "eventTimestamp": 1782506201658,
    "event": {
        "request": {
            "url": "https://eye-staff.app/api/settings?t=1782506201571",
            "method": "GET",
            "headers": {
                "accept": "*/*",
                "accept-encoding": "gzip, br",
                "accept-language": "es-ES,es;q=0.9,en;q=0.8",
                "authorization": "REDACTED",
                "cache-control": "no-cache",
                "cf-connecting-ip": "188.86.247.78",
                "cf-ipcountry": "ES",
                "cf-ray": "a11f01705acec69e",
                "cf-visitor": "{\"scheme\":\"https\"}",
                "connection": "Keep-Alive",
                "content-type": "application/json",
                "host": "eye-staff.app",
                "pragma": "no-cache",
                "priority": "u=1, i",
                "referer": "https://eye-staff.app/",
                "sec-ch-ua": "\"Google Chrome\";v=\"149\", \"Chromium\";v=\"149\", \"Not)A;Brand\";v=\"24\"",
                "sec-ch-ua-mobile": "?0",
                "sec-ch-ua-platform": "\"macOS\"",
                "sec-fetch-dest": "empty",
                "sec-fetch-mode": "cors",
                "sec-fetch-site": "same-origin",
                "user-agent": "Mozilla/5.0 (Macintosh; Intel Mac OS X 10_15_7) AppleWebKit/537.36 (KHTML, like Gecko) Chrome/149.0.0.0 Safari/537.36",
                "x-forwarded-proto": "https",
                "x-real-ip": "188.86.247.78",
                "x-web-session-id": "1778900541741"
            },
            "cf": {
                "httpProtocol": "HTTP/3",
                "clientAcceptEncoding": "gzip, deflate, br",
                "requestPriority": "",
                "edgeRequestKeepAliveStatus": 1,
                "requestHeaderNames": {},
                "clientTcpRtt": 0,
                "clientQuicRtt": 8,
                "colo": "MAD",
                "asn": 12430,
                "asOrganization": "VODAFONE ESPANA, S.A.U",
                "country": "ES",
                "isEUCountry": "1",
                "city": "Madrid",
                "continent": "EU",
                "region": "Madrid",
                "regionCode": "MD",
                "timezone": "Europe/Madrid",
                "longitude": "-3.70256",
                "latitude": "40.4165",
                "postalCode": "28004",
                "tlsVersion": "TLSv1.3",
                "tlsCipher": "AEAD-AES128-GCM-SHA256",
                "tlsClientRandom": "MTR/VrdDTsWwLk6+a6medcGuTgM46+l+PN7QJbUzssY=",
                "tlsClientCiphersSha1": "3HTt3+R/6BL3zeALJDSq0pR1yOQ=",
                "tlsClientExtensionsSha1": "93pnLPs+ozaBzpwu7mDnjA2PRo4=",
                "tlsClientExtensionsSha1Le": "X7qkEoKDVK/pSQ7uCMMewQmugQQ=",
                "tlsClientHelloLength": "1740",
                "tlsClientAuth": {
                    "certPresented": "0",
                    "certVerified": "NONE",
                    "certRevoked": "0",
                    "certIssuerDN": "",
                    "certSubjectDN": "",
                    "certIssuerDNRFC2253": "",
                    "certSubjectDNRFC2253": "",
                    "certIssuerDNLegacy": "",
                    "certSubjectDNLegacy": "",
                    "certSerial": "",
                    "certIssuerSerial": "",
                    "certSKI": "",
                    "certIssuerSKI": "",
                    "certFingerprintSHA1": "",
                    "certFingerprintSHA256": "",
                    "certNotBefore": "",
                    "certNotAfter": "",
                    "certRFC9440": "",
                    "certRFC9440TooLarge": false,
                    "certChainRFC9440": "",
                    "certChainRFC9440TooLarge": false
                },
                "verifiedBotCategory": "",
                "edgeL4": {
                    "deliveryRate": 14516421
                }
            }
        },
        "response": {
            "status": 200
        }
    }
}
{
    "wallTime": 384,
    "cpuTime": 3,
    "truncated": false,
    "executionModel": "stateless",
    "outcome": "ok",
    "scriptTags": [
        "cf:service=grupo-eye-staff"
    ],
    "scriptVersion": {
        "id": "3c658acb-3c0a-4f6c-999e-21a279335e47"
    },
    "scriptName": "grupo-eye-staff",
    "diagnosticsChannelEvents": [],
    "exceptions": [],
    "logs": [],
    "eventTimestamp": 1782506203138,
    "event": {
        "request": {
            "url": "https://eye-staff.app/api/sessions/active?t=1782506203051",
            "method": "GET",
            "headers": {
                "accept": "*/*",
                "accept-encoding": "gzip, br",
                "accept-language": "es-ES,es;q=0.9,en;q=0.8",
                "authorization": "REDACTED",
                "cache-control": "no-cache",
                "cf-connecting-ip": "188.86.247.78",
                "cf-ipcountry": "ES",
                "cf-ray": "a11f01799c1bc69e",
                "cf-visitor": "{\"scheme\":\"https\"}",
                "connection": "Keep-Alive",
                "content-type": "application/json",
                "host": "eye-staff.app",
                "pragma": "no-cache",
                "priority": "u=1, i",
                "referer": "https://eye-staff.app/",
                "sec-ch-ua": "\"Google Chrome\";v=\"149\", \"Chromium\";v=\"149\", \"Not)A;Brand\";v=\"24\"",
                "sec-ch-ua-mobile": "?0",
                "sec-ch-ua-platform": "\"macOS\"",
                "sec-fetch-dest": "empty",
                "sec-fetch-mode": "cors",
                "sec-fetch-site": "same-origin",
                "user-agent": "Mozilla/5.0 (Macintosh; Intel Mac OS X 10_15_7) AppleWebKit/537.36 (KHTML, like Gecko) Chrome/149.0.0.0 Safari/537.36",
                "x-forwarded-proto": "https",
                "x-real-ip": "188.86.247.78",
                "x-web-session-id": "1778900541741"
            },
            "cf": {
                "httpProtocol": "HTTP/3",
                "clientAcceptEncoding": "gzip, deflate, br",
                "requestPriority": "",
                "edgeRequestKeepAliveStatus": 1,
                "requestHeaderNames": {},
                "clientTcpRtt": 0,
                "clientQuicRtt": 12,
                "colo": "MAD",
                "asn": 12430,
                "asOrganization": "VODAFONE ESPANA, S.A.U",
                "country": "ES",
                "isEUCountry": "1",
                "city": "Madrid",
                "continent": "EU",
                "region": "Madrid",
                "regionCode": "MD",
                "timezone": "Europe/Madrid",
                "longitude": "-3.70256",
                "latitude": "40.4165",
                "postalCode": "28004",
                "tlsVersion": "TLSv1.3",
                "tlsCipher": "AEAD-AES128-GCM-SHA256",
                "tlsClientRandom": "MTR/VrdDTsWwLk6+a6medcGuTgM46+l+PN7QJbUzssY=",
                "tlsClientCiphersSha1": "3HTt3+R/6BL3zeALJDSq0pR1yOQ=",
                "tlsClientExtensionsSha1": "93pnLPs+ozaBzpwu7mDnjA2PRo4=",
                "tlsClientExtensionsSha1Le": "X7qkEoKDVK/pSQ7uCMMewQmugQQ=",
                "tlsClientHelloLength": "1740",
                "tlsClientAuth": {
                    "certPresented": "0",
                    "certVerified": "NONE",
                    "certRevoked": "0",
                    "certIssuerDN": "",
                    "certSubjectDN": "",
                    "certIssuerDNRFC2253": "",
                    "certSubjectDNRFC2253": "",
                    "certIssuerDNLegacy": "",
                    "certSubjectDNLegacy": "",
                    "certSerial": "",
                    "certIssuerSerial": "",
                    "certSKI": "",
                    "certIssuerSKI": "",
                    "certFingerprintSHA1": "",
                    "certFingerprintSHA256": "",
                    "certNotBefore": "",
                    "certNotAfter": "",
                    "certRFC9440": "",
                    "certRFC9440TooLarge": false,
                    "certChainRFC9440": "",
                    "certChainRFC9440TooLarge": false
                },
                "verifiedBotCategory": "",
                "edgeL4": {
                    "deliveryRate": 14516421
                }
            }
        },
        "response": {
            "status": 200
        }
    }
}
{
    "wallTime": 1437,
    "cpuTime": 12,
    "truncated": false,
    "executionModel": "stateless",
    "outcome": "ok",
    "scriptTags": [
        "cf:service=grupo-eye-staff"
    ],
    "scriptVersion": {
        "id": "3c658acb-3c0a-4f6c-999e-21a279335e47"
    },
    "scriptName": "grupo-eye-staff",
    "diagnosticsChannelEvents": [],
    "exceptions": [],
    "logs": [],
    "eventTimestamp": 1782506202661,
    "event": {
        "request": {
            "url": "https://eye-staff.app/api/chat/conversations",
            "method": "GET",
            "headers": {
                "accept": "*/*",
                "accept-encoding": "gzip, br",
                "accept-language": "es-ES,es;q=0.9,en;q=0.8",
                "authorization": "REDACTED",
                "cf-connecting-ip": "188.86.247.78",
                "cf-ipcountry": "ES",
                "cf-ray": "a11f01769bb6c69e",
                "cf-visitor": "{\"scheme\":\"https\"}",
                "connection": "Keep-Alive",
                "host": "eye-staff.app",
                "priority": "u=1, i",
                "referer": "https://eye-staff.app/",
                "sec-ch-ua": "\"Google Chrome\";v=\"149\", \"Chromium\";v=\"149\", \"Not)A;Brand\";v=\"24\"",
                "sec-ch-ua-mobile": "?0",
                "sec-ch-ua-platform": "\"macOS\"",
                "sec-fetch-dest": "empty",
                "sec-fetch-mode": "cors",
                "sec-fetch-site": "same-origin",
                "user-agent": "Mozilla/5.0 (Macintosh; Intel Mac OS X 10_15_7) AppleWebKit/537.36 (KHTML, like Gecko) Chrome/149.0.0.0 Safari/537.36",
                "x-forwarded-proto": "https",
                "x-real-ip": "188.86.247.78"
            },
            "cf": {
                "httpProtocol": "HTTP/3",
                "clientAcceptEncoding": "gzip, deflate, br",
                "requestPriority": "",
                "edgeRequestKeepAliveStatus": 1,
                "requestHeaderNames": {},
                "clientTcpRtt": 0,
                "clientQuicRtt": 7,
                "colo": "MAD",
                "asn": 12430,
                "asOrganization": "VODAFONE ESPANA, S.A.U",
                "country": "ES",
                "isEUCountry": "1",
                "city": "Madrid",
                "continent": "EU",
                "region": "Madrid",
                "regionCode": "MD",
                "timezone": "Europe/Madrid",
                "longitude": "-3.70256",
                "latitude": "40.4165",
                "postalCode": "28004",
                "tlsVersion": "TLSv1.3",
                "tlsCipher": "AEAD-AES128-GCM-SHA256",
                "tlsClientRandom": "MTR/VrdDTsWwLk6+a6medcGuTgM46+l+PN7QJbUzssY=",
                "tlsClientCiphersSha1": "3HTt3+R/6BL3zeALJDSq0pR1yOQ=",
                "tlsClientExtensionsSha1": "93pnLPs+ozaBzpwu7mDnjA2PRo4=",
                "tlsClientExtensionsSha1Le": "X7qkEoKDVK/pSQ7uCMMewQmugQQ=",
                "tlsClientHelloLength": "1740",
                "tlsClientAuth": {
                    "certPresented": "0",
                    "certVerified": "NONE",
                    "certRevoked": "0",
                    "certIssuerDN": "",
                    "certSubjectDN": "",
                    "certIssuerDNRFC2253": "",
                    "certSubjectDNRFC2253": "",
                    "certIssuerDNLegacy": "",
                    "certSubjectDNLegacy": "",
                    "certSerial": "",
                    "certIssuerSerial": "",
                    "certSKI": "",
                    "certIssuerSKI": "",
                    "certFingerprintSHA1": "",
                    "certFingerprintSHA256": "",
                    "certNotBefore": "",
                    "certNotAfter": "",
                    "certRFC9440": "",
                    "certRFC9440TooLarge": false,
                    "certChainRFC9440": "",
                    "certChainRFC9440TooLarge": false
                },
                "verifiedBotCategory": "",
                "edgeL4": {
                    "deliveryRate": 14516421
                }
            }
        },
        "response": {
            "status": 200
        }
    }
}
{
    "wallTime": 910,
    "cpuTime": 7,
    "truncated": false,
    "executionModel": "stateless",
    "outcome": "ok",
    "scriptTags": [
        "cf:service=grupo-eye-staff"
    ],
    "scriptVersion": {
        "id": "3c658acb-3c0a-4f6c-999e-21a279335e47"
    },
    "scriptName": "grupo-eye-staff",
    "diagnosticsChannelEvents": [],
    "exceptions": [],
    "logs": [],
    "eventTimestamp": 1782506203655,
    "event": {
        "request": {
            "url": "https://eye-staff.app/api/sessions/concluded?t=1782506203569",
            "method": "GET",
            "headers": {
                "accept": "*/*",
                "accept-encoding": "gzip, br",
                "accept-language": "es-ES,es;q=0.9,en;q=0.8",
                "authorization": "REDACTED",
                "cache-control": "no-cache",
                "cf-connecting-ip": "188.86.247.78",
                "cf-ipcountry": "ES",
                "cf-ray": "a11f017ccc96c69e",
                "cf-visitor": "{\"scheme\":\"https\"}",
                "connection": "Keep-Alive",
                "content-type": "application/json",
                "host": "eye-staff.app",
                "pragma": "no-cache",
                "priority": "u=1, i",
                "referer": "https://eye-staff.app/",
                "sec-ch-ua": "\"Google Chrome\";v=\"149\", \"Chromium\";v=\"149\", \"Not)A;Brand\";v=\"24\"",
                "sec-ch-ua-mobile": "?0",
                "sec-ch-ua-platform": "\"macOS\"",
                "sec-fetch-dest": "empty",
                "sec-fetch-mode": "cors",
                "sec-fetch-site": "same-origin",
                "user-agent": "Mozilla/5.0 (Macintosh; Intel Mac OS X 10_15_7) AppleWebKit/537.36 (KHTML, like Gecko) Chrome/149.0.0.0 Safari/537.36",
                "x-forwarded-proto": "https",
                "x-real-ip": "188.86.247.78",
                "x-web-session-id": "1778900541741"
            },
            "cf": {
                "httpProtocol": "HTTP/3",
                "clientAcceptEncoding": "gzip, deflate, br",
                "requestPriority": "",
                "edgeRequestKeepAliveStatus": 1,
                "requestHeaderNames": {},
                "clientTcpRtt": 0,
                "clientQuicRtt": 17,
                "colo": "MAD",
                "asn": 12430,
                "asOrganization": "VODAFONE ESPANA, S.A.U",
                "country": "ES",
                "isEUCountry": "1",
                "city": "Madrid",
                "continent": "EU",
                "region": "Madrid",
                "regionCode": "MD",
                "timezone": "Europe/Madrid",
                "longitude": "-3.70256",
                "latitude": "40.4165",
                "postalCode": "28004",
                "tlsVersion": "TLSv1.3",
                "tlsCipher": "AEAD-AES128-GCM-SHA256",
                "tlsClientRandom": "MTR/VrdDTsWwLk6+a6medcGuTgM46+l+PN7QJbUzssY=",
                "tlsClientCiphersSha1": "3HTt3+R/6BL3zeALJDSq0pR1yOQ=",
                "tlsClientExtensionsSha1": "93pnLPs+ozaBzpwu7mDnjA2PRo4=",
                "tlsClientExtensionsSha1Le": "X7qkEoKDVK/pSQ7uCMMewQmugQQ=",
                "tlsClientHelloLength": "1740",
                "tlsClientAuth": {
                    "certPresented": "0",
                    "certVerified": "NONE",
                    "certRevoked": "0",
                    "certIssuerDN": "",
                    "certSubjectDN": "",
                    "certIssuerDNRFC2253": "",
                    "certSubjectDNRFC2253": "",
                    "certIssuerDNLegacy": "",
                    "certSubjectDNLegacy": "",
                    "certSerial": "",
                    "certIssuerSerial": "",
                    "certSKI": "",
                    "certIssuerSKI": "",
                    "certFingerprintSHA1": "",
                    "certFingerprintSHA256": "",
                    "certNotBefore": "",
                    "certNotAfter": "",
                    "certRFC9440": "",
                    "certRFC9440TooLarge": false,
                    "certChainRFC9440": "",
                    "certChainRFC9440TooLarge": false
                },
                "verifiedBotCategory": "",
                "edgeL4": {
                    "deliveryRate": 14516421
                }
            }
        },
        "response": {
            "status": 200
        }
    }
}
{
    "wallTime": 37,
    "cpuTime": 0,
    "truncated": false,
    "executionModel": "stateless",
    "outcome": "ok",
    "scriptTags": [
        "cf:service=grupo-eye-staff"
    ],
    "scriptVersion": {
        "id": "3c658acb-3c0a-4f6c-999e-21a279335e47"
    },
    "scriptName": "grupo-eye-staff",
    "diagnosticsChannelEvents": [],
    "exceptions": [],
    "logs": [],
    "eventTimestamp": 1782506204675,
    "event": {
        "request": {
            "url": "https://eye-staff.app/api/presupuestos?t=1782506204589",
            "method": "GET",
            "headers": {
                "accept": "*/*",
                "accept-encoding": "gzip, br",
                "accept-language": "es-ES,es;q=0.9,en;q=0.8",
                "authorization": "REDACTED",
                "cache-control": "no-cache",
                "cf-connecting-ip": "188.86.247.78",
                "cf-ipcountry": "ES",
                "cf-ray": "a11f01833d7ac69e",
                "cf-visitor": "{\"scheme\":\"https\"}",
                "connection": "Keep-Alive",
                "content-type": "application/json",
                "host": "eye-staff.app",
                "pragma": "no-cache",
                "priority": "u=1, i",
                "referer": "https://eye-staff.app/",
                "sec-ch-ua": "\"Google Chrome\";v=\"149\", \"Chromium\";v=\"149\", \"Not)A;Brand\";v=\"24\"",
                "sec-ch-ua-mobile": "?0",
                "sec-ch-ua-platform": "\"macOS\"",
                "sec-fetch-dest": "empty",
                "sec-fetch-mode": "cors",
                "sec-fetch-site": "same-origin",
                "user-agent": "Mozilla/5.0 (Macintosh; Intel Mac OS X 10_15_7) AppleWebKit/537.36 (KHTML, like Gecko) Chrome/149.0.0.0 Safari/537.36",
                "x-forwarded-proto": "https",
                "x-real-ip": "188.86.247.78",
                "x-web-session-id": "1778900541741"
            },
            "cf": {
                "httpProtocol": "HTTP/3",
                "clientAcceptEncoding": "gzip, deflate, br",
                "requestPriority": "",
                "edgeRequestKeepAliveStatus": 1,
                "requestHeaderNames": {},
                "clientTcpRtt": 0,
                "clientQuicRtt": 22,
                "colo": "MAD",
                "asn": 12430,
                "asOrganization": "VODAFONE ESPANA, S.A.U",
                "country": "ES",
                "isEUCountry": "1",
                "city": "Madrid",
                "continent": "EU",
                "region": "Madrid",
                "regionCode": "MD",
                "timezone": "Europe/Madrid",
                "longitude": "-3.70256",
                "latitude": "40.4165",
                "postalCode": "28004",
                "tlsVersion": "TLSv1.3",
                "tlsCipher": "AEAD-AES128-GCM-SHA256",
                "tlsClientRandom": "MTR/VrdDTsWwLk6+a6medcGuTgM46+l+PN7QJbUzssY=",
                "tlsClientCiphersSha1": "3HTt3+R/6BL3zeALJDSq0pR1yOQ=",
                "tlsClientExtensionsSha1": "93pnLPs+ozaBzpwu7mDnjA2PRo4=",
                "tlsClientExtensionsSha1Le": "X7qkEoKDVK/pSQ7uCMMewQmugQQ=",
                "tlsClientHelloLength": "1740",
                "tlsClientAuth": {
                    "certPresented": "0",
                    "certVerified": "NONE",
                    "certRevoked": "0",
                    "certIssuerDN": "",
                    "certSubjectDN": "",
                    "certIssuerDNRFC2253": "",
                    "certSubjectDNRFC2253": "",
                    "certIssuerDNLegacy": "",
                    "certSubjectDNLegacy": "",
                    "certSerial": "",
                    "certIssuerSerial": "",
                    "certSKI": "",
                    "certIssuerSKI": "",
                    "certFingerprintSHA1": "",
                    "certFingerprintSHA256": "",
                    "certNotBefore": "",
                    "certNotAfter": "",
                    "certRFC9440": "",
                    "certRFC9440TooLarge": false,
                    "certChainRFC9440": "",
                    "certChainRFC9440TooLarge": false
                },
                "verifiedBotCategory": "",
                "edgeL4": {
                    "deliveryRate": 14516421
                }
            }
        },
        "response": {
            "status": 200
        }
    }
}
{
    "wallTime": 86,
    "cpuTime": 1,
    "truncated": false,
    "executionModel": "stateless",
    "outcome": "ok",
    "scriptTags": [
        "cf:service=grupo-eye-staff"
    ],
    "scriptVersion": {
        "id": "3c658acb-3c0a-4f6c-999e-21a279335e47"
    },
    "scriptName": "grupo-eye-staff",
    "diagnosticsChannelEvents": [],
    "exceptions": [],
    "logs": [],
    "eventTimestamp": 1782506204738,
    "event": {
        "request": {
            "url": "https://eye-staff.app/api/vehicles/active?session_id=146&t=1782506204647",
            "method": "GET",
            "headers": {
                "accept": "*/*",
                "accept-encoding": "gzip, br",
                "accept-language": "es-ES,es;q=0.9,en;q=0.8",
                "authorization": "REDACTED",
                "cache-control": "no-cache",
                "cf-connecting-ip": "188.86.247.78",
                "cf-ipcountry": "ES",
                "cf-ray": "a11f01838d86c69e",
                "cf-visitor": "{\"scheme\":\"https\"}",
                "connection": "Keep-Alive",
                "content-type": "application/json",
                "host": "eye-staff.app",
                "pragma": "no-cache",
                "priority": "u=1, i",
                "referer": "https://eye-staff.app/",
                "sec-ch-ua": "\"Google Chrome\";v=\"149\", \"Chromium\";v=\"149\", \"Not)A;Brand\";v=\"24\"",
                "sec-ch-ua-mobile": "?0",
                "sec-ch-ua-platform": "\"macOS\"",
                "sec-fetch-dest": "empty",
                "sec-fetch-mode": "cors",
                "sec-fetch-site": "same-origin",
                "user-agent": "Mozilla/5.0 (Macintosh; Intel Mac OS X 10_15_7) AppleWebKit/537.36 (KHTML, like Gecko) Chrome/149.0.0.0 Safari/537.36",
                "x-forwarded-proto": "https",
                "x-real-ip": "188.86.247.78",
                "x-web-session-id": "1778900541741"
            },
            "cf": {
                "httpProtocol": "HTTP/3",
                "clientAcceptEncoding": "gzip, deflate, br",
                "requestPriority": "",
                "edgeRequestKeepAliveStatus": 1,
                "requestHeaderNames": {},
                "clientTcpRtt": 0,
                "clientQuicRtt": 20,
                "colo": "MAD",
                "asn": 12430,
                "asOrganization": "VODAFONE ESPANA, S.A.U",
                "country": "ES",
                "isEUCountry": "1",
                "city": "Madrid",
                "continent": "EU",
                "region": "Madrid",
                "regionCode": "MD",
                "timezone": "Europe/Madrid",
                "longitude": "-3.70256",
                "latitude": "40.4165",
                "postalCode": "28004",
                "tlsVersion": "TLSv1.3",
                "tlsCipher": "AEAD-AES128-GCM-SHA256",
                "tlsClientRandom": "MTR/VrdDTsWwLk6+a6medcGuTgM46+l+PN7QJbUzssY=",
                "tlsClientCiphersSha1": "3HTt3+R/6BL3zeALJDSq0pR1yOQ=",
                "tlsClientExtensionsSha1": "93pnLPs+ozaBzpwu7mDnjA2PRo4=",
                "tlsClientExtensionsSha1Le": "X7qkEoKDVK/pSQ7uCMMewQmugQQ=",
                "tlsClientHelloLength": "1740",
                "tlsClientAuth": {
                    "certPresented": "0",
                    "certVerified": "NONE",
                    "certRevoked": "0",
                    "certIssuerDN": "",
                    "certSubjectDN": "",
                    "certIssuerDNRFC2253": "",
                    "certSubjectDNRFC2253": "",
                    "certIssuerDNLegacy": "",
                    "certSubjectDNLegacy": "",
                    "certSerial": "",
                    "certIssuerSerial": "",
                    "certSKI": "",
                    "certIssuerSKI": "",
                    "certFingerprintSHA1": "",
                    "certFingerprintSHA256": "",
                    "certNotBefore": "",
                    "certNotAfter": "",
                    "certRFC9440": "",
                    "certRFC9440TooLarge": false,
                    "certChainRFC9440": "",
                    "certChainRFC9440TooLarge": false
                },
                "verifiedBotCategory": "",
                "edgeL4": {
                    "deliveryRate": 14516421
                }
            }
        },
        "response": {
            "status": 200
        }
    }
}
{
    "wallTime": 0,
    "cpuTime": 0,
    "truncated": false,
    "executionModel": "stateless",
    "outcome": "ok",
    "scriptTags": [
        "cf:service=grupo-eye-staff"
    ],
    "scriptVersion": {
        "id": "3c658acb-3c0a-4f6c-999e-21a279335e47"
    },
    "scriptName": "grupo-eye-staff",
    "diagnosticsChannelEvents": [],
    "exceptions": [],
    "logs": [],
    "eventTimestamp": 1782506214695,
    "event": {
        "request": {
            "url": "https://eye-staff.app/api/chat/conversations",
            "method": "GET",
            "headers": {
                "accept": "*/*",
                "accept-encoding": "gzip, br",
                "accept-language": "es-ES,es;q=0.9,en;q=0.8",
                "authorization": "REDACTED",
                "cf-connecting-ip": "188.86.247.78",
                "cf-ipcountry": "ES",
                "cf-ray": "a11f01c1cf30cfe6",
                "cf-visitor": "{\"scheme\":\"https\"}",
                "connection": "Keep-Alive",
                "host": "eye-staff.app",
                "priority": "u=1, i",
                "referer": "https://eye-staff.app/",
                "sec-ch-ua": "\"Google Chrome\";v=\"149\", \"Chromium\";v=\"149\", \"Not)A;Brand\";v=\"24\"",
                "sec-ch-ua-mobile": "?0",
                "sec-ch-ua-platform": "\"macOS\"",
                "sec-fetch-dest": "empty",
                "sec-fetch-mode": "cors",
                "sec-fetch-site": "same-origin",
                "user-agent": "Mozilla/5.0 (Macintosh; Intel Mac OS X 10_15_7) AppleWebKit/537.36 (KHTML, like Gecko) Chrome/149.0.0.0 Safari/537.36",
                "x-forwarded-proto": "https",
                "x-real-ip": "188.86.247.78"
            },
            "cf": {
                "httpProtocol": "HTTP/3",
                "clientAcceptEncoding": "gzip, deflate, br",
                "requestPriority": "",
                "edgeRequestKeepAliveStatus": 1,
                "requestHeaderNames": {},
                "clientTcpRtt": 0,
                "clientQuicRtt": 9,
                "colo": "MAD",
                "asn": 12430,
                "asOrganization": "VODAFONE ESPANA, S.A.U",
                "country": "ES",
                "isEUCountry": "1",
                "city": "Madrid",
                "continent": "EU",
                "region": "Madrid",
                "regionCode": "MD",
                "timezone": "Europe/Madrid",
                "longitude": "-3.70256",
                "latitude": "40.4165",
                "postalCode": "28004",
                "tlsVersion": "TLSv1.3",
                "tlsCipher": "AEAD-AES128-GCM-SHA256",
                "tlsClientRandom": "lEhHLkeltTuGatDjbH9Y3td71wjMaZMC0SWJno9sWik=",
                "tlsClientCiphersSha1": "3HTt3+R/6BL3zeALJDSq0pR1yOQ=",
                "tlsClientExtensionsSha1": "PPT2zCLZcxBRujH33uzWORkDak0=",
                "tlsClientExtensionsSha1Le": "9LMMsfeJvXG9KT3BYn5rjd8xyXM=",
                "tlsClientHelloLength": "1722",
                "tlsClientAuth": {
                    "certPresented": "0",
                    "certVerified": "NONE",
                    "certRevoked": "0",
                    "certIssuerDN": "",
                    "certSubjectDN": "",
                    "certIssuerDNRFC2253": "",
                    "certSubjectDNRFC2253": "",
                    "certIssuerDNLegacy": "",
                    "certSubjectDNLegacy": "",
                    "certSerial": "",
                    "certIssuerSerial": "",
                    "certSKI": "",
                    "certIssuerSKI": "",
                    "certFingerprintSHA1": "",
                    "certFingerprintSHA256": "",
                    "certNotBefore": "",
                    "certNotAfter": "",
                    "certRFC9440": "",
                    "certRFC9440TooLarge": false,
                    "certChainRFC9440": "",
                    "certChainRFC9440TooLarge": false
                },
                "verifiedBotCategory": "",
                "edgeL4": {
                    "deliveryRate": 27177812
                }
            }
        },
        "response": {
            "status": 401
        }
    }
}
{
    "wallTime": 276,
    "cpuTime": 7,
    "truncated": false,
    "executionModel": "stateless",
    "outcome": "ok",
    "scriptTags": [
        "cf:service=grupo-eye-staff"
    ],
    "scriptVersion": {
        "id": "3c658acb-3c0a-4f6c-999e-21a279335e47"
    },
    "scriptName": "grupo-eye-staff",
    "diagnosticsChannelEvents": [],
    "exceptions": [],
    "logs": [],
    "eventTimestamp": 1782506214793,
    "event": {
        "request": {
            "url": "https://eye-staff.app/api/staff/login",
            "method": "POST",
            "headers": {
                "accept": "*/*",
                "accept-encoding": "gzip, br",
                "accept-language": "es-ES,es;q=0.9,en;q=0.8",
                "cf-connecting-ip": "188.86.247.78",
                "cf-ipcountry": "ES",
                "cf-ray": "a11f01c26f33cfe6",
                "cf-visitor": "{\"scheme\":\"https\"}",
                "connection": "Keep-Alive",
                "content-length": "40",
                "content-type": "application/json",
                "host": "eye-staff.app",
                "origin": "https://eye-staff.app",
                "priority": "u=1, i",
                "referer": "https://eye-staff.app/",
                "sec-ch-ua": "\"Google Chrome\";v=\"149\", \"Chromium\";v=\"149\", \"Not)A;Brand\";v=\"24\"",
                "sec-ch-ua-mobile": "?0",
                "sec-ch-ua-platform": "\"macOS\"",
                "sec-fetch-dest": "empty",
                "sec-fetch-mode": "cors",
                "sec-fetch-site": "same-origin",
                "user-agent": "Mozilla/5.0 (Macintosh; Intel Mac OS X 10_15_7) AppleWebKit/537.36 (KHTML, like Gecko) Chrome/149.0.0.0 Safari/537.36",
                "x-forwarded-proto": "https",
                "x-real-ip": "188.86.247.78"
            },
            "cf": {
                "httpProtocol": "HTTP/3",
                "clientAcceptEncoding": "gzip, deflate, br",
                "requestPriority": "",
                "edgeRequestKeepAliveStatus": 1,
                "requestHeaderNames": {},
                "clientTcpRtt": 0,
                "clientQuicRtt": 9,
                "colo": "MAD",
                "asn": 12430,
                "asOrganization": "VODAFONE ESPANA, S.A.U",
                "country": "ES",
                "isEUCountry": "1",
                "city": "Madrid",
                "continent": "EU",
                "region": "Madrid",
                "regionCode": "MD",
                "timezone": "Europe/Madrid",
                "longitude": "-3.70256",
                "latitude": "40.4165",
                "postalCode": "28004",
                "tlsVersion": "TLSv1.3",
                "tlsCipher": "AEAD-AES128-GCM-SHA256",
                "tlsClientRandom": "lEhHLkeltTuGatDjbH9Y3td71wjMaZMC0SWJno9sWik=",
                "tlsClientCiphersSha1": "3HTt3+R/6BL3zeALJDSq0pR1yOQ=",
                "tlsClientExtensionsSha1": "PPT2zCLZcxBRujH33uzWORkDak0=",
                "tlsClientExtensionsSha1Le": "9LMMsfeJvXG9KT3BYn5rjd8xyXM=",
                "tlsClientHelloLength": "1722",
                "tlsClientAuth": {
                    "certPresented": "0",
                    "certVerified": "NONE",
                    "certRevoked": "0",
                    "certIssuerDN": "",
                    "certSubjectDN": "",
                    "certIssuerDNRFC2253": "",
                    "certSubjectDNRFC2253": "",
                    "certIssuerDNLegacy": "",
                    "certSubjectDNLegacy": "",
                    "certSerial": "",
                    "certIssuerSerial": "",
                    "certSKI": "",
                    "certIssuerSKI": "",
                    "certFingerprintSHA1": "",
                    "certFingerprintSHA256": "",
                    "certNotBefore": "",
                    "certNotAfter": "",
                    "certRFC9440": "",
                    "certRFC9440TooLarge": false,
                    "certChainRFC9440": "",
                    "certChainRFC9440TooLarge": false
                },
                "verifiedBotCategory": "",
                "edgeL4": {
                    "deliveryRate": 27177812
                }
            }
        },
        "response": {
            "status": 200
        }
    }
}
{
    "wallTime": 95,
    "cpuTime": 1,
    "truncated": false,
    "executionModel": "stateless",
    "outcome": "ok",
    "scriptTags": [
        "cf:service=grupo-eye-staff"
    ],
    "scriptVersion": {
        "id": "3c658acb-3c0a-4f6c-999e-21a279335e47"
    },
    "scriptName": "grupo-eye-staff",
    "diagnosticsChannelEvents": [],
    "exceptions": [],
    "logs": [],
    "eventTimestamp": 1782506216079,
    "event": {
        "request": {
            "url": "https://eye-staff.app/api/my-permissions?t=1782506215990",
            "method": "GET",
            "headers": {
                "accept": "*/*",
                "accept-encoding": "gzip, br",
                "accept-language": "es-ES,es;q=0.9,en;q=0.8",
                "authorization": "REDACTED",
                "cache-control": "no-cache",
                "cf-connecting-ip": "188.86.247.78",
                "cf-ipcountry": "ES",
                "cf-ray": "a11f01ca7f55cfe6",
                "cf-visitor": "{\"scheme\":\"https\"}",
                "connection": "Keep-Alive",
                "content-type": "application/json",
                "host": "eye-staff.app",
                "pragma": "no-cache",
                "priority": "u=1, i",
                "referer": "https://eye-staff.app/",
                "sec-ch-ua": "\"Google Chrome\";v=\"149\", \"Chromium\";v=\"149\", \"Not)A;Brand\";v=\"24\"",
                "sec-ch-ua-mobile": "?0",
                "sec-ch-ua-platform": "\"macOS\"",
                "sec-fetch-dest": "empty",
                "sec-fetch-mode": "cors",
                "sec-fetch-site": "same-origin",
                "user-agent": "Mozilla/5.0 (Macintosh; Intel Mac OS X 10_15_7) AppleWebKit/537.36 (KHTML, like Gecko) Chrome/149.0.0.0 Safari/537.36",
                "x-forwarded-proto": "https",
                "x-real-ip": "188.86.247.78",
                "x-web-session-id": "1778900541742"
            },
            "cf": {
                "httpProtocol": "HTTP/3",
                "clientAcceptEncoding": "gzip, deflate, br",
                "requestPriority": "",
                "edgeRequestKeepAliveStatus": 1,
                "requestHeaderNames": {},
                "clientTcpRtt": 0,
                "clientQuicRtt": 10,
                "colo": "MAD",
                "asn": 12430,
                "asOrganization": "VODAFONE ESPANA, S.A.U",
                "country": "ES",
                "isEUCountry": "1",
                "city": "Madrid",
                "continent": "EU",
                "region": "Madrid",
                "regionCode": "MD",
                "timezone": "Europe/Madrid",
                "longitude": "-3.70256",
                "latitude": "40.4165",
                "postalCode": "28004",
                "tlsVersion": "TLSv1.3",
                "tlsCipher": "AEAD-AES128-GCM-SHA256",
                "tlsClientRandom": "lEhHLkeltTuGatDjbH9Y3td71wjMaZMC0SWJno9sWik=",
                "tlsClientCiphersSha1": "3HTt3+R/6BL3zeALJDSq0pR1yOQ=",
                "tlsClientExtensionsSha1": "PPT2zCLZcxBRujH33uzWORkDak0=",
                "tlsClientExtensionsSha1Le": "9LMMsfeJvXG9KT3BYn5rjd8xyXM=",
                "tlsClientHelloLength": "1722",
                "tlsClientAuth": {
                    "certPresented": "0",
                    "certVerified": "NONE",
                    "certRevoked": "0",
                    "certIssuerDN": "",
                    "certSubjectDN": "",
                    "certIssuerDNRFC2253": "",
                    "certSubjectDNRFC2253": "",
                    "certIssuerDNLegacy": "",
                    "certSubjectDNLegacy": "",
                    "certSerial": "",
                    "certIssuerSerial": "",
                    "certSKI": "",
                    "certIssuerSKI": "",
                    "certFingerprintSHA1": "",
                    "certFingerprintSHA256": "",
                    "certNotBefore": "",
                    "certNotAfter": "",
                    "certRFC9440": "",
                    "certRFC9440TooLarge": false,
                    "certChainRFC9440": "",
                    "certChainRFC9440TooLarge": false
                },
                "verifiedBotCategory": "",
                "edgeL4": {
                    "deliveryRate": 27177812
                }
            }
        },
        "response": {
            "status": 200
        }
    }
}
{
    "wallTime": 100,
    "cpuTime": 3,
    "truncated": false,
    "executionModel": "stateless",
    "outcome": "ok",
    "scriptTags": [
        "cf:service=grupo-eye-staff"
    ],
    "scriptVersion": {
        "id": "3c658acb-3c0a-4f6c-999e-21a279335e47"
    },
    "scriptName": "grupo-eye-staff",
    "diagnosticsChannelEvents": [],
    "exceptions": [],
    "logs": [],
    "eventTimestamp": 1782506216081,
    "event": {
        "request": {
            "url": "https://eye-staff.app/api/staff/live-locations?t=1782506215991",
            "method": "GET",
            "headers": {
                "accept": "*/*",
                "accept-encoding": "gzip, br",
                "accept-language": "es-ES,es;q=0.9,en;q=0.8",
                "authorization": "REDACTED",
                "cache-control": "no-cache",
                "cf-connecting-ip": "188.86.247.78",
                "cf-ipcountry": "ES",
                "cf-ray": "a11f01ca7f57cfe6",
                "cf-visitor": "{\"scheme\":\"https\"}",
                "connection": "Keep-Alive",
                "content-type": "application/json",
                "host": "eye-staff.app",
                "pragma": "no-cache",
                "priority": "u=1, i",
                "referer": "https://eye-staff.app/",
                "sec-ch-ua": "\"Google Chrome\";v=\"149\", \"Chromium\";v=\"149\", \"Not)A;Brand\";v=\"24\"",
                "sec-ch-ua-mobile": "?0",
                "sec-ch-ua-platform": "\"macOS\"",
                "sec-fetch-dest": "empty",
                "sec-fetch-mode": "cors",
                "sec-fetch-site": "same-origin",
                "user-agent": "Mozilla/5.0 (Macintosh; Intel Mac OS X 10_15_7) AppleWebKit/537.36 (KHTML, like Gecko) Chrome/149.0.0.0 Safari/537.36",
                "x-forwarded-proto": "https",
                "x-real-ip": "188.86.247.78",
                "x-web-session-id": "1778900541742"
            },
            "cf": {
                "httpProtocol": "HTTP/3",
                "clientAcceptEncoding": "gzip, deflate, br",
                "requestPriority": "",
                "edgeRequestKeepAliveStatus": 1,
                "requestHeaderNames": {},
                "clientTcpRtt": 0,
                "clientQuicRtt": 10,
                "colo": "MAD",
                "asn": 12430,
                "asOrganization": "VODAFONE ESPANA, S.A.U",
                "country": "ES",
                "isEUCountry": "1",
                "city": "Madrid",
                "continent": "EU",
                "region": "Madrid",
                "regionCode": "MD",
                "timezone": "Europe/Madrid",
                "longitude": "-3.70256",
                "latitude": "40.4165",
                "postalCode": "28004",
                "tlsVersion": "TLSv1.3",
                "tlsCipher": "AEAD-AES128-GCM-SHA256",
                "tlsClientRandom": "lEhHLkeltTuGatDjbH9Y3td71wjMaZMC0SWJno9sWik=",
                "tlsClientCiphersSha1": "3HTt3+R/6BL3zeALJDSq0pR1yOQ=",
                "tlsClientExtensionsSha1": "PPT2zCLZcxBRujH33uzWORkDak0=",
                "tlsClientExtensionsSha1Le": "9LMMsfeJvXG9KT3BYn5rjd8xyXM=",
                "tlsClientHelloLength": "1722",
                "tlsClientAuth": {
                    "certPresented": "0",
                    "certVerified": "NONE",
                    "certRevoked": "0",
                    "certIssuerDN": "",
                    "certSubjectDN": "",
                    "certIssuerDNRFC2253": "",
                    "certSubjectDNRFC2253": "",
                    "certIssuerDNLegacy": "",
                    "certSubjectDNLegacy": "",
                    "certSerial": "",
                    "certIssuerSerial": "",
                    "certSKI": "",
                    "certIssuerSKI": "",
                    "certFingerprintSHA1": "",
                    "certFingerprintSHA256": "",
                    "certNotBefore": "",
                    "certNotAfter": "",
                    "certRFC9440": "",
                    "certRFC9440TooLarge": false,
                    "certChainRFC9440": "",
                    "certChainRFC9440TooLarge": false
                },
                "verifiedBotCategory": "",
                "edgeL4": {
                    "deliveryRate": 27177812
                }
            }
        },
        "response": {
            "status": 200
        }
    }
}
{
    "wallTime": 1435,
    "cpuTime": 12,
    "truncated": false,
    "executionModel": "stateless",
    "outcome": "ok",
    "scriptTags": [
        "cf:service=grupo-eye-staff"
    ],
    "scriptVersion": {
        "id": "3c658acb-3c0a-4f6c-999e-21a279335e47"
    },
    "scriptName": "grupo-eye-staff",
    "diagnosticsChannelEvents": [],
    "exceptions": [],
    "logs": [],
    "eventTimestamp": 1782506216080,
    "event": {
        "request": {
            "url": "https://eye-staff.app/api/settings?t=1782506215990",
            "method": "GET",
            "headers": {
                "accept": "*/*",
                "accept-encoding": "gzip, br",
                "accept-language": "es-ES,es;q=0.9,en;q=0.8",
                "authorization": "REDACTED",
                "cache-control": "no-cache",
                "cf-connecting-ip": "188.86.247.78",
                "cf-ipcountry": "ES",
                "cf-ray": "a11f01ca7f56cfe6",
                "cf-visitor": "{\"scheme\":\"https\"}",
                "connection": "Keep-Alive",
                "content-type": "application/json",
                "host": "eye-staff.app",
                "pragma": "no-cache",
                "priority": "u=1, i",
                "referer": "https://eye-staff.app/",
                "sec-ch-ua": "\"Google Chrome\";v=\"149\", \"Chromium\";v=\"149\", \"Not)A;Brand\";v=\"24\"",
                "sec-ch-ua-mobile": "?0",
                "sec-ch-ua-platform": "\"macOS\"",
                "sec-fetch-dest": "empty",
                "sec-fetch-mode": "cors",
                "sec-fetch-site": "same-origin",
                "user-agent": "Mozilla/5.0 (Macintosh; Intel Mac OS X 10_15_7) AppleWebKit/537.36 (KHTML, like Gecko) Chrome/149.0.0.0 Safari/537.36",
                "x-forwarded-proto": "https",
                "x-real-ip": "188.86.247.78",
                "x-web-session-id": "1778900541742"
            },
            "cf": {
                "httpProtocol": "HTTP/3",
                "clientAcceptEncoding": "gzip, deflate, br",
                "requestPriority": "",
                "edgeRequestKeepAliveStatus": 1,
                "requestHeaderNames": {},
                "clientTcpRtt": 0,
                "clientQuicRtt": 10,
                "colo": "MAD",
                "asn": 12430,
                "asOrganization": "VODAFONE ESPANA, S.A.U",
                "country": "ES",
                "isEUCountry": "1",
                "city": "Madrid",
                "continent": "EU",
                "region": "Madrid",
                "regionCode": "MD",
                "timezone": "Europe/Madrid",
                "longitude": "-3.70256",
                "latitude": "40.4165",
                "postalCode": "28004",
                "tlsVersion": "TLSv1.3",
                "tlsCipher": "AEAD-AES128-GCM-SHA256",
                "tlsClientRandom": "lEhHLkeltTuGatDjbH9Y3td71wjMaZMC0SWJno9sWik=",
                "tlsClientCiphersSha1": "3HTt3+R/6BL3zeALJDSq0pR1yOQ=",
                "tlsClientExtensionsSha1": "PPT2zCLZcxBRujH33uzWORkDak0=",
                "tlsClientExtensionsSha1Le": "9LMMsfeJvXG9KT3BYn5rjd8xyXM=",
                "tlsClientHelloLength": "1722",
                "tlsClientAuth": {
                    "certPresented": "0",
                    "certVerified": "NONE",
                    "certRevoked": "0",
                    "certIssuerDN": "",
                    "certSubjectDN": "",
                    "certIssuerDNRFC2253": "",
                    "certSubjectDNRFC2253": "",
                    "certIssuerDNLegacy": "",
                    "certSubjectDNLegacy": "",
                    "certSerial": "",
                    "certIssuerSerial": "",
                    "certSKI": "",
                    "certIssuerSKI": "",
                    "certFingerprintSHA1": "",
                    "certFingerprintSHA256": "",
                    "certNotBefore": "",
                    "certNotAfter": "",
                    "certRFC9440": "",
                    "certRFC9440TooLarge": false,
                    "certChainRFC9440": "",
                    "certChainRFC9440TooLarge": false
                },
                "verifiedBotCategory": "",
                "edgeL4": {
                    "deliveryRate": 27177812
                }
            }
        },
        "response": {
            "status": 200
        }
    }
}
{
    "wallTime": 387,
    "cpuTime": 3,
    "truncated": false,
    "executionModel": "stateless",
    "outcome": "ok",
    "scriptTags": [
        "cf:service=grupo-eye-staff"
    ],
    "scriptVersion": {
        "id": "3c658acb-3c0a-4f6c-999e-21a279335e47"
    },
    "scriptName": "grupo-eye-staff",
    "diagnosticsChannelEvents": [],
    "exceptions": [],
    "logs": [],
    "eventTimestamp": 1782506217577,
    "event": {
        "request": {
            "url": "https://eye-staff.app/api/sessions/active?t=1782506217489",
            "method": "GET",
            "headers": {
                "accept": "*/*",
                "accept-encoding": "gzip, br",
                "accept-language": "es-ES,es;q=0.9,en;q=0.8",
                "authorization": "REDACTED",
                "cache-control": "no-cache",
                "cf-connecting-ip": "188.86.247.78",
                "cf-ipcountry": "ES",
                "cf-ray": "a11f01d3cf78cfe6",
                "cf-visitor": "{\"scheme\":\"https\"}",
                "connection": "Keep-Alive",
                "content-type": "application/json",
                "host": "eye-staff.app",
                "pragma": "no-cache",
                "priority": "u=1, i",
                "referer": "https://eye-staff.app/",
                "sec-ch-ua": "\"Google Chrome\";v=\"149\", \"Chromium\";v=\"149\", \"Not)A;Brand\";v=\"24\"",
                "sec-ch-ua-mobile": "?0",
                "sec-ch-ua-platform": "\"macOS\"",
                "sec-fetch-dest": "empty",
                "sec-fetch-mode": "cors",
                "sec-fetch-site": "same-origin",
                "user-agent": "Mozilla/5.0 (Macintosh; Intel Mac OS X 10_15_7) AppleWebKit/537.36 (KHTML, like Gecko) Chrome/149.0.0.0 Safari/537.36",
                "x-forwarded-proto": "https",
                "x-real-ip": "188.86.247.78",
                "x-web-session-id": "1778900541742"
            },
            "cf": {
                "httpProtocol": "HTTP/3",
                "clientAcceptEncoding": "gzip, deflate, br",
                "requestPriority": "",
                "edgeRequestKeepAliveStatus": 1,
                "requestHeaderNames": {},
                "clientTcpRtt": 0,
                "clientQuicRtt": 18,
                "colo": "MAD",
                "asn": 12430,
                "asOrganization": "VODAFONE ESPANA, S.A.U",
                "country": "ES",
                "isEUCountry": "1",
                "city": "Madrid",
                "continent": "EU",
                "region": "Madrid",
                "regionCode": "MD",
                "timezone": "Europe/Madrid",
                "longitude": "-3.70256",
                "latitude": "40.4165",
                "postalCode": "28004",
                "tlsVersion": "TLSv1.3",
                "tlsCipher": "AEAD-AES128-GCM-SHA256",
                "tlsClientRandom": "lEhHLkeltTuGatDjbH9Y3td71wjMaZMC0SWJno9sWik=",
                "tlsClientCiphersSha1": "3HTt3+R/6BL3zeALJDSq0pR1yOQ=",
                "tlsClientExtensionsSha1": "PPT2zCLZcxBRujH33uzWORkDak0=",
                "tlsClientExtensionsSha1Le": "9LMMsfeJvXG9KT3BYn5rjd8xyXM=",
                "tlsClientHelloLength": "1722",
                "tlsClientAuth": {
                    "certPresented": "0",
                    "certVerified": "NONE",
                    "certRevoked": "0",
                    "certIssuerDN": "",
                    "certSubjectDN": "",
                    "certIssuerDNRFC2253": "",
                    "certSubjectDNRFC2253": "",
                    "certIssuerDNLegacy": "",
                    "certSubjectDNLegacy": "",
                    "certSerial": "",
                    "certIssuerSerial": "",
                    "certSKI": "",
                    "certIssuerSKI": "",
                    "certFingerprintSHA1": "",
                    "certFingerprintSHA256": "",
                    "certNotBefore": "",
                    "certNotAfter": "",
                    "certRFC9440": "",
                    "certRFC9440TooLarge": false,
                    "certChainRFC9440": "",
                    "certChainRFC9440TooLarge": false
                },
                "verifiedBotCategory": "",
                "edgeL4": {
                    "deliveryRate": 27177812
                }
            }
        },
        "response": {
            "status": 200
        }
    }
}
{
    "wallTime": 1440,
    "cpuTime": 13,
    "truncated": false,
    "executionModel": "stateless",
    "outcome": "ok",
    "scriptTags": [
        "cf:service=grupo-eye-staff"
    ],
    "scriptVersion": {
        "id": "3c658acb-3c0a-4f6c-999e-21a279335e47"
    },
    "scriptName": "grupo-eye-staff",
    "diagnosticsChannelEvents": [],
    "exceptions": [],
    "logs": [],
    "eventTimestamp": 1782506217081,
    "event": {
        "request": {
            "url": "https://eye-staff.app/api/chat/conversations",
            "method": "GET",
            "headers": {
                "accept": "*/*",
                "accept-encoding": "gzip, br",
                "accept-language": "es-ES,es;q=0.9,en;q=0.8",
                "authorization": "REDACTED",
                "cf-connecting-ip": "188.86.247.78",
                "cf-ipcountry": "ES",
                "cf-ray": "a11f01d0bf6ecfe6",
                "cf-visitor": "{\"scheme\":\"https\"}",
                "connection": "Keep-Alive",
                "host": "eye-staff.app",
                "priority": "u=1, i",
                "referer": "https://eye-staff.app/",
                "sec-ch-ua": "\"Google Chrome\";v=\"149\", \"Chromium\";v=\"149\", \"Not)A;Brand\";v=\"24\"",
                "sec-ch-ua-mobile": "?0",
                "sec-ch-ua-platform": "\"macOS\"",
                "sec-fetch-dest": "empty",
                "sec-fetch-mode": "cors",
                "sec-fetch-site": "same-origin",
                "user-agent": "Mozilla/5.0 (Macintosh; Intel Mac OS X 10_15_7) AppleWebKit/537.36 (KHTML, like Gecko) Chrome/149.0.0.0 Safari/537.36",
                "x-forwarded-proto": "https",
                "x-real-ip": "188.86.247.78"
            },
            "cf": {
                "httpProtocol": "HTTP/3",
                "clientAcceptEncoding": "gzip, deflate, br",
                "requestPriority": "",
                "edgeRequestKeepAliveStatus": 1,
                "requestHeaderNames": {},
                "clientTcpRtt": 0,
                "clientQuicRtt": 14,
                "colo": "MAD",
                "asn": 12430,
                "asOrganization": "VODAFONE ESPANA, S.A.U",
                "country": "ES",
                "isEUCountry": "1",
                "city": "Madrid",
                "continent": "EU",
                "region": "Madrid",
                "regionCode": "MD",
                "timezone": "Europe/Madrid",
                "longitude": "-3.70256",
                "latitude": "40.4165",
                "postalCode": "28004",
                "tlsVersion": "TLSv1.3",
                "tlsCipher": "AEAD-AES128-GCM-SHA256",
                "tlsClientRandom": "lEhHLkeltTuGatDjbH9Y3td71wjMaZMC0SWJno9sWik=",
                "tlsClientCiphersSha1": "3HTt3+R/6BL3zeALJDSq0pR1yOQ=",
                "tlsClientExtensionsSha1": "PPT2zCLZcxBRujH33uzWORkDak0=",
                "tlsClientExtensionsSha1Le": "9LMMsfeJvXG9KT3BYn5rjd8xyXM=",
                "tlsClientHelloLength": "1722",
                "tlsClientAuth": {
                    "certPresented": "0",
                    "certVerified": "NONE",
                    "certRevoked": "0",
                    "certIssuerDN": "",
                    "certSubjectDN": "",
                    "certIssuerDNRFC2253": "",
                    "certSubjectDNRFC2253": "",
                    "certIssuerDNLegacy": "",
                    "certSubjectDNLegacy": "",
                    "certSerial": "",
                    "certIssuerSerial": "",
                    "certSKI": "",
                    "certIssuerSKI": "",
                    "certFingerprintSHA1": "",
                    "certFingerprintSHA256": "",
                    "certNotBefore": "",
                    "certNotAfter": "",
                    "certRFC9440": "",
                    "certRFC9440TooLarge": false,
                    "certChainRFC9440": "",
                    "certChainRFC9440TooLarge": false
                },
                "verifiedBotCategory": "",
                "edgeL4": {
                    "deliveryRate": 27177812
                }
            }
        },
        "response": {
            "status": 200
        }
    }
}
{
    "wallTime": 910,
    "cpuTime": 9,
    "truncated": false,
    "executionModel": "stateless",
    "outcome": "ok",
    "scriptTags": [
        "cf:service=grupo-eye-staff"
    ],
    "scriptVersion": {
        "id": "3c658acb-3c0a-4f6c-999e-21a279335e47"
    },
    "scriptName": "grupo-eye-staff",
    "diagnosticsChannelEvents": [],
    "exceptions": [],
    "logs": [],
    "eventTimestamp": 1782506217987,
    "event": {
        "request": {
            "url": "https://eye-staff.app/api/sessions/concluded?t=1782506217898",
            "method": "GET",
            "headers": {
                "accept": "*/*",
                "accept-encoding": "gzip, br",
                "accept-language": "es-ES,es;q=0.9,en;q=0.8",
                "authorization": "REDACTED",
                "cache-control": "no-cache",
                "cf-connecting-ip": "188.86.247.78",
                "cf-ipcountry": "ES",
                "cf-ray": "a11f01d65f82cfe6",
                "cf-visitor": "{\"scheme\":\"https\"}",
                "connection": "Keep-Alive",
                "content-type": "application/json",
                "host": "eye-staff.app",
                "pragma": "no-cache",
                "priority": "u=1, i",
                "referer": "https://eye-staff.app/",
                "sec-ch-ua": "\"Google Chrome\";v=\"149\", \"Chromium\";v=\"149\", \"Not)A;Brand\";v=\"24\"",
                "sec-ch-ua-mobile": "?0",
                "sec-ch-ua-platform": "\"macOS\"",
                "sec-fetch-dest": "empty",
                "sec-fetch-mode": "cors",
                "sec-fetch-site": "same-origin",
                "user-agent": "Mozilla/5.0 (Macintosh; Intel Mac OS X 10_15_7) AppleWebKit/537.36 (KHTML, like Gecko) Chrome/149.0.0.0 Safari/537.36",
                "x-forwarded-proto": "https",
                "x-real-ip": "188.86.247.78",
                "x-web-session-id": "1778900541742"
            },
            "cf": {
                "httpProtocol": "HTTP/3",
                "clientAcceptEncoding": "gzip, deflate, br",
                "requestPriority": "",
                "edgeRequestKeepAliveStatus": 1,
                "requestHeaderNames": {},
                "clientTcpRtt": 0,
                "clientQuicRtt": 15,
                "colo": "MAD",
                "asn": 12430,
                "asOrganization": "VODAFONE ESPANA, S.A.U",
                "country": "ES",
                "isEUCountry": "1",
                "city": "Madrid",
                "continent": "EU",
                "region": "Madrid",
                "regionCode": "MD",
                "timezone": "Europe/Madrid",
                "longitude": "-3.70256",
                "latitude": "40.4165",
                "postalCode": "28004",
                "tlsVersion": "TLSv1.3",
                "tlsCipher": "AEAD-AES128-GCM-SHA256",
                "tlsClientRandom": "lEhHLkeltTuGatDjbH9Y3td71wjMaZMC0SWJno9sWik=",
                "tlsClientCiphersSha1": "3HTt3+R/6BL3zeALJDSq0pR1yOQ=",
                "tlsClientExtensionsSha1": "PPT2zCLZcxBRujH33uzWORkDak0=",
                "tlsClientExtensionsSha1Le": "9LMMsfeJvXG9KT3BYn5rjd8xyXM=",
                "tlsClientHelloLength": "1722",
                "tlsClientAuth": {
                    "certPresented": "0",
                    "certVerified": "NONE",
                    "certRevoked": "0",
                    "certIssuerDN": "",
                    "certSubjectDN": "",
                    "certIssuerDNRFC2253": "",
                    "certSubjectDNRFC2253": "",
                    "certIssuerDNLegacy": "",
                    "certSubjectDNLegacy": "",
                    "certSerial": "",
                    "certIssuerSerial": "",
                    "certSKI": "",
                    "certIssuerSKI": "",
                    "certFingerprintSHA1": "",
                    "certFingerprintSHA256": "",
                    "certNotBefore": "",
                    "certNotAfter": "",
                    "certRFC9440": "",
                    "certRFC9440TooLarge": false,
                    "certChainRFC9440": "",
                    "certChainRFC9440TooLarge": false
                },
                "verifiedBotCategory": "",
                "edgeL4": {
                    "deliveryRate": 27177812
                }
            }
        },
        "response": {
            "status": 200
        }
    }
}
{
    "wallTime": 41,
    "cpuTime": 0,
    "truncated": false,
    "executionModel": "stateless",
    "outcome": "ok",
    "scriptTags": [
        "cf:service=grupo-eye-staff"
    ],
    "scriptVersion": {
        "id": "3c658acb-3c0a-4f6c-999e-21a279335e47"
    },
    "scriptName": "grupo-eye-staff",
    "diagnosticsChannelEvents": [],
    "exceptions": [],
    "logs": [],
    "eventTimestamp": 1782506219008,
    "event": {
        "request": {
            "url": "https://eye-staff.app/api/presupuestos?t=1782506218922",
            "method": "GET",
            "headers": {
                "accept": "*/*",
                "accept-encoding": "gzip, br",
                "accept-language": "es-ES,es;q=0.9,en;q=0.8",
                "authorization": "REDACTED",
                "cache-control": "no-cache",
                "cf-connecting-ip": "188.86.247.78",
                "cf-ipcountry": "ES",
                "cf-ray": "a11f01dccf96cfe6",
                "cf-visitor": "{\"scheme\":\"https\"}",
                "connection": "Keep-Alive",
                "content-type": "application/json",
                "host": "eye-staff.app",
                "pragma": "no-cache",
                "priority": "u=1, i",
                "referer": "https://eye-staff.app/",
                "sec-ch-ua": "\"Google Chrome\";v=\"149\", \"Chromium\";v=\"149\", \"Not)A;Brand\";v=\"24\"",
                "sec-ch-ua-mobile": "?0",
                "sec-ch-ua-platform": "\"macOS\"",
                "sec-fetch-dest": "empty",
                "sec-fetch-mode": "cors",
                "sec-fetch-site": "same-origin",
                "user-agent": "Mozilla/5.0 (Macintosh; Intel Mac OS X 10_15_7) AppleWebKit/537.36 (KHTML, like Gecko) Chrome/149.0.0.0 Safari/537.36",
                "x-forwarded-proto": "https",
                "x-real-ip": "188.86.247.78",
                "x-web-session-id": "1778900541742"
            },
            "cf": {
                "httpProtocol": "HTTP/3",
                "clientAcceptEncoding": "gzip, deflate, br",
                "requestPriority": "",
                "edgeRequestKeepAliveStatus": 1,
                "requestHeaderNames": {},
                "clientTcpRtt": 0,
                "clientQuicRtt": 31,
                "colo": "MAD",
                "asn": 12430,
                "asOrganization": "VODAFONE ESPANA, S.A.U",
                "country": "ES",
                "isEUCountry": "1",
                "city": "Madrid",
                "continent": "EU",
                "region": "Madrid",
                "regionCode": "MD",
                "timezone": "Europe/Madrid",
                "longitude": "-3.70256",
                "latitude": "40.4165",
                "postalCode": "28004",
                "tlsVersion": "TLSv1.3",
                "tlsCipher": "AEAD-AES128-GCM-SHA256",
                "tlsClientRandom": "lEhHLkeltTuGatDjbH9Y3td71wjMaZMC0SWJno9sWik=",
                "tlsClientCiphersSha1": "3HTt3+R/6BL3zeALJDSq0pR1yOQ=",
                "tlsClientExtensionsSha1": "PPT2zCLZcxBRujH33uzWORkDak0=",
                "tlsClientExtensionsSha1Le": "9LMMsfeJvXG9KT3BYn5rjd8xyXM=",
                "tlsClientHelloLength": "1722",
                "tlsClientAuth": {
                    "certPresented": "0",
                    "certVerified": "NONE",
                    "certRevoked": "0",
                    "certIssuerDN": "",
                    "certSubjectDN": "",
                    "certIssuerDNRFC2253": "",
                    "certSubjectDNRFC2253": "",
                    "certIssuerDNLegacy": "",
                    "certSubjectDNLegacy": "",
                    "certSerial": "",
                    "certIssuerSerial": "",
                    "certSKI": "",
                    "certIssuerSKI": "",
                    "certFingerprintSHA1": "",
                    "certFingerprintSHA256": "",
                    "certNotBefore": "",
                    "certNotAfter": "",
                    "certRFC9440": "",
                    "certRFC9440TooLarge": false,
                    "certChainRFC9440": "",
                    "certChainRFC9440TooLarge": false
                },
                "verifiedBotCategory": "",
                "edgeL4": {
                    "deliveryRate": 27177812
                }
            }
        },
        "response": {
            "status": 200
        }
    }
}
{
    "wallTime": 76,
    "cpuTime": 1,
    "truncated": false,
    "executionModel": "stateless",
    "outcome": "ok",
    "scriptTags": [
        "cf:service=grupo-eye-staff"
    ],
    "scriptVersion": {
        "id": "3c658acb-3c0a-4f6c-999e-21a279335e47"
    },
    "scriptName": "grupo-eye-staff",
    "diagnosticsChannelEvents": [],
    "exceptions": [],
    "logs": [],
    "eventTimestamp": 1782506219068,
    "event": {
        "request": {
            "url": "https://eye-staff.app/api/vehicles/active?session_id=146&t=1782506218982",
            "method": "GET",
            "headers": {
                "accept": "*/*",
                "accept-encoding": "gzip, br",
                "accept-language": "es-ES,es;q=0.9,en;q=0.8",
                "authorization": "REDACTED",
                "cache-control": "no-cache",
                "cf-connecting-ip": "188.86.247.78",
                "cf-ipcountry": "ES",
                "cf-ray": "a11f01dd2f98cfe6",
                "cf-visitor": "{\"scheme\":\"https\"}",
                "connection": "Keep-Alive",
                "content-type": "application/json",
                "host": "eye-staff.app",
                "pragma": "no-cache",
                "priority": "u=1, i",
                "referer": "https://eye-staff.app/",
                "sec-ch-ua": "\"Google Chrome\";v=\"149\", \"Chromium\";v=\"149\", \"Not)A;Brand\";v=\"24\"",
                "sec-ch-ua-mobile": "?0",
                "sec-ch-ua-platform": "\"macOS\"",
                "sec-fetch-dest": "empty",
                "sec-fetch-mode": "cors",
                "sec-fetch-site": "same-origin",
                "user-agent": "Mozilla/5.0 (Macintosh; Intel Mac OS X 10_15_7) AppleWebKit/537.36 (KHTML, like Gecko) Chrome/149.0.0.0 Safari/537.36",
                "x-forwarded-proto": "https",
                "x-real-ip": "188.86.247.78",
                "x-web-session-id": "1778900541742"
            },
            "cf": {
                "httpProtocol": "HTTP/3",
                "clientAcceptEncoding": "gzip, deflate, br",
                "requestPriority": "",
                "edgeRequestKeepAliveStatus": 1,
                "requestHeaderNames": {},
                "clientTcpRtt": 0,
                "clientQuicRtt": 28,
                "colo": "MAD",
                "asn": 12430,
                "asOrganization": "VODAFONE ESPANA, S.A.U",
                "country": "ES",
                "isEUCountry": "1",
                "city": "Madrid",
                "continent": "EU",
                "region": "Madrid",
                "regionCode": "MD",
                "timezone": "Europe/Madrid",
                "longitude": "-3.70256",
                "latitude": "40.4165",
                "postalCode": "28004",
                "tlsVersion": "TLSv1.3",
                "tlsCipher": "AEAD-AES128-GCM-SHA256",
                "tlsClientRandom": "lEhHLkeltTuGatDjbH9Y3td71wjMaZMC0SWJno9sWik=",
                "tlsClientCiphersSha1": "3HTt3+R/6BL3zeALJDSq0pR1yOQ=",
                "tlsClientExtensionsSha1": "PPT2zCLZcxBRujH33uzWORkDak0=",
                "tlsClientExtensionsSha1Le": "9LMMsfeJvXG9KT3BYn5rjd8xyXM=",
                "tlsClientHelloLength": "1722",
                "tlsClientAuth": {
                    "certPresented": "0",
                    "certVerified": "NONE",
                    "certRevoked": "0",
                    "certIssuerDN": "",
                    "certSubjectDN": "",
                    "certIssuerDNRFC2253": "",
                    "certSubjectDNRFC2253": "",
                    "certIssuerDNLegacy": "",
                    "certSubjectDNLegacy": "",
                    "certSerial": "",
                    "certIssuerSerial": "",
                    "certSKI": "",
                    "certIssuerSKI": "",
                    "certFingerprintSHA1": "",
                    "certFingerprintSHA256": "",
                    "certNotBefore": "",
                    "certNotAfter": "",
                    "certRFC9440": "",
                    "certRFC9440TooLarge": false,
                    "certChainRFC9440": "",
                    "certChainRFC9440TooLarge": false
                },
                "verifiedBotCategory": "",
                "edgeL4": {
                    "deliveryRate": 27177812
                }
            }
        },
        "response": {
            "status": 200
        }
    }
}
{
    "wallTime": 162,
    "cpuTime": 5,
    "truncated": false,
    "executionModel": "stateless",
    "outcome": "ok",
    "scriptTags": [
        "cf:service=grupo-eye-staff"
    ],
    "scriptVersion": {
        "id": "3c658acb-3c0a-4f6c-999e-21a279335e47"
    },
    "scriptName": "grupo-eye-staff",
    "diagnosticsChannelEvents": [],
    "exceptions": [],
    "logs": [],
    "eventTimestamp": 1782506219268,
    "event": {
        "request": {
            "url": "https://eye-staff.app/api/staff?t=1782506219180",
            "method": "GET",
            "headers": {
                "accept": "*/*",
                "accept-encoding": "gzip, br",
                "accept-language": "es-ES,es;q=0.9,en;q=0.8",
                "authorization": "REDACTED",
                "cache-control": "no-cache",
                "cf-connecting-ip": "188.86.247.78",
                "cf-ipcountry": "ES",
                "cf-ray": "a11f01de6fabcfe6",
                "cf-visitor": "{\"scheme\":\"https\"}",
                "connection": "Keep-Alive",
                "content-type": "application/json",
                "host": "eye-staff.app",
                "pragma": "no-cache",
                "priority": "u=1, i",
                "referer": "https://eye-staff.app/",
                "sec-ch-ua": "\"Google Chrome\";v=\"149\", \"Chromium\";v=\"149\", \"Not)A;Brand\";v=\"24\"",
                "sec-ch-ua-mobile": "?0",
                "sec-ch-ua-platform": "\"macOS\"",
                "sec-fetch-dest": "empty",
                "sec-fetch-mode": "cors",
                "sec-fetch-site": "same-origin",
                "user-agent": "Mozilla/5.0 (Macintosh; Intel Mac OS X 10_15_7) AppleWebKit/537.36 (KHTML, like Gecko) Chrome/149.0.0.0 Safari/537.36",
                "x-forwarded-proto": "https",
                "x-real-ip": "188.86.247.78",
                "x-web-session-id": "1778900541742"
            },
            "cf": {
                "httpProtocol": "HTTP/3",
                "clientAcceptEncoding": "gzip, deflate, br",
                "requestPriority": "",
                "edgeRequestKeepAliveStatus": 1,
                "requestHeaderNames": {},
                "clientTcpRtt": 0,
                "clientQuicRtt": 25,
                "colo": "MAD",
                "asn": 12430,
                "asOrganization": "VODAFONE ESPANA, S.A.U",
                "country": "ES",
                "isEUCountry": "1",
                "city": "Madrid",
                "continent": "EU",
                "region": "Madrid",
                "regionCode": "MD",
                "timezone": "Europe/Madrid",
                "longitude": "-3.70256",
                "latitude": "40.4165",
                "postalCode": "28004",
                "tlsVersion": "TLSv1.3",
                "tlsCipher": "AEAD-AES128-GCM-SHA256",
                "tlsClientRandom": "lEhHLkeltTuGatDjbH9Y3td71wjMaZMC0SWJno9sWik=",
                "tlsClientCiphersSha1": "3HTt3+R/6BL3zeALJDSq0pR1yOQ=",
                "tlsClientExtensionsSha1": "PPT2zCLZcxBRujH33uzWORkDak0=",
                "tlsClientExtensionsSha1Le": "9LMMsfeJvXG9KT3BYn5rjd8xyXM=",
                "tlsClientHelloLength": "1722",
                "tlsClientAuth": {
                    "certPresented": "0",
                    "certVerified": "NONE",
                    "certRevoked": "0",
                    "certIssuerDN": "",
                    "certSubjectDN": "",
                    "certIssuerDNRFC2253": "",
                    "certSubjectDNRFC2253": "",
                    "certIssuerDNLegacy": "",
                    "certSubjectDNLegacy": "",
                    "certSerial": "",
                    "certIssuerSerial": "",
                    "certSKI": "",
                    "certIssuerSKI": "",
                    "certFingerprintSHA1": "",
                    "certFingerprintSHA256": "",
                    "certNotBefore": "",
                    "certNotAfter": "",
                    "certRFC9440": "",
                    "certRFC9440TooLarge": false,
                    "certChainRFC9440": "",
                    "certChainRFC9440TooLarge": false
                },
                "verifiedBotCategory": "",
                "edgeL4": {
                    "deliveryRate": 27177812
                }
            }
        },
        "response": {
            "status": 200
        }
    }
}
{
    "wallTime": 128,
    "cpuTime": 3,
    "truncated": false,
    "executionModel": "stateless",
    "outcome": "ok",
    "scriptTags": [
        "cf:service=grupo-eye-staff"
    ],
    "scriptVersion": {
        "id": "3c658acb-3c0a-4f6c-999e-21a279335e47"
    },
    "scriptName": "grupo-eye-staff",
    "diagnosticsChannelEvents": [],
    "exceptions": [],
    "logs": [],
    "eventTimestamp": 1782506219466,
    "event": {
        "request": {
            "url": "https://eye-staff.app/api/admin/report-subscriptions?t=1782506219378",
            "method": "GET",
            "headers": {
                "accept": "*/*",
                "accept-encoding": "gzip, br",
                "accept-language": "es-ES,es;q=0.9,en;q=0.8",
                "authorization": "REDACTED",
                "cache-control": "no-cache",
                "cf-connecting-ip": "188.86.247.78",
                "cf-ipcountry": "ES",
                "cf-ray": "a11f01df9fb1cfe6",
                "cf-visitor": "{\"scheme\":\"https\"}",
                "connection": "Keep-Alive",
                "content-type": "application/json",
                "host": "eye-staff.app",
                "pragma": "no-cache",
                "priority": "u=1, i",
                "referer": "https://eye-staff.app/",
                "sec-ch-ua": "\"Google Chrome\";v=\"149\", \"Chromium\";v=\"149\", \"Not)A;Brand\";v=\"24\"",
                "sec-ch-ua-mobile": "?0",
                "sec-ch-ua-platform": "\"macOS\"",
                "sec-fetch-dest": "empty",
                "sec-fetch-mode": "cors",
                "sec-fetch-site": "same-origin",
                "user-agent": "Mozilla/5.0 (Macintosh; Intel Mac OS X 10_15_7) AppleWebKit/537.36 (KHTML, like Gecko) Chrome/149.0.0.0 Safari/537.36",
                "x-forwarded-proto": "https",
                "x-real-ip": "188.86.247.78",
                "x-web-session-id": "1778900541742"
            },
            "cf": {
                "httpProtocol": "HTTP/3",
                "clientAcceptEncoding": "gzip, deflate, br",
                "requestPriority": "",
                "edgeRequestKeepAliveStatus": 1,
                "requestHeaderNames": {},
                "clientTcpRtt": 0,
                "clientQuicRtt": 19,
                "colo": "MAD",
                "asn": 12430,
                "asOrganization": "VODAFONE ESPANA, S.A.U",
                "country": "ES",
                "isEUCountry": "1",
                "city": "Madrid",
                "continent": "EU",
                "region": "Madrid",
                "regionCode": "MD",
                "timezone": "Europe/Madrid",
                "longitude": "-3.70256",
                "latitude": "40.4165",
                "postalCode": "28004",
                "tlsVersion": "TLSv1.3",
                "tlsCipher": "AEAD-AES128-GCM-SHA256",
                "tlsClientRandom": "lEhHLkeltTuGatDjbH9Y3td71wjMaZMC0SWJno9sWik=",
                "tlsClientCiphersSha1": "3HTt3+R/6BL3zeALJDSq0pR1yOQ=",
                "tlsClientExtensionsSha1": "PPT2zCLZcxBRujH33uzWORkDak0=",
                "tlsClientExtensionsSha1Le": "9LMMsfeJvXG9KT3BYn5rjd8xyXM=",
                "tlsClientHelloLength": "1722",
                "tlsClientAuth": {
                    "certPresented": "0",
                    "certVerified": "NONE",
                    "certRevoked": "0",
                    "certIssuerDN": "",
                    "certSubjectDN": "",
                    "certIssuerDNRFC2253": "",
                    "certSubjectDNRFC2253": "",
                    "certIssuerDNLegacy": "",
                    "certSubjectDNLegacy": "",
                    "certSerial": "",
                    "certIssuerSerial": "",
                    "certSKI": "",
                    "certIssuerSKI": "",
                    "certFingerprintSHA1": "",
                    "certFingerprintSHA256": "",
                    "certNotBefore": "",
                    "certNotAfter": "",
                    "certRFC9440": "",
                    "certRFC9440TooLarge": false,
                    "certChainRFC9440": "",
                    "certChainRFC9440TooLarge": false
                },
                "verifiedBotCategory": "",
                "edgeL4": {
                    "deliveryRate": 27177812
                }
            }
        },
        "response": {
            "status": 200
        }
    }
}
{
    "wallTime": 1327,
    "cpuTime": 14,
    "truncated": false,
    "executionModel": "stateless",
    "outcome": "ok",
    "scriptTags": [
        "cf:service=grupo-eye-staff"
    ],
    "scriptVersion": {
        "id": "3c658acb-3c0a-4f6c-999e-21a279335e47"
    },
    "scriptName": "grupo-eye-staff",
    "diagnosticsChannelEvents": [],
    "exceptions": [],
    "logs": [],
    "eventTimestamp": 1782506219466,
    "event": {
        "request": {
            "url": "https://eye-staff.app/api/settings?t=1782506219379",
            "method": "GET",
            "headers": {
                "accept": "*/*",
                "accept-encoding": "gzip, br",
                "accept-language": "es-ES,es;q=0.9,en;q=0.8",
                "authorization": "REDACTED",
                "cache-control": "no-cache",
                "cf-connecting-ip": "188.86.247.78",
                "cf-ipcountry": "ES",
                "cf-ray": "a11f01df9fb2cfe6",
                "cf-visitor": "{\"scheme\":\"https\"}",
                "connection": "Keep-Alive",
                "content-type": "application/json",
                "host": "eye-staff.app",
                "pragma": "no-cache",
                "priority": "u=1, i",
                "referer": "https://eye-staff.app/",
                "sec-ch-ua": "\"Google Chrome\";v=\"149\", \"Chromium\";v=\"149\", \"Not)A;Brand\";v=\"24\"",
                "sec-ch-ua-mobile": "?0",
                "sec-ch-ua-platform": "\"macOS\"",
                "sec-fetch-dest": "empty",
                "sec-fetch-mode": "cors",
                "sec-fetch-site": "same-origin",
                "user-agent": "Mozilla/5.0 (Macintosh; Intel Mac OS X 10_15_7) AppleWebKit/537.36 (KHTML, like Gecko) Chrome/149.0.0.0 Safari/537.36",
                "x-forwarded-proto": "https",
                "x-real-ip": "188.86.247.78",
                "x-web-session-id": "1778900541742"
            },
            "cf": {
                "httpProtocol": "HTTP/3",
                "clientAcceptEncoding": "gzip, deflate, br",
                "requestPriority": "",
                "edgeRequestKeepAliveStatus": 1,
                "requestHeaderNames": {},
                "clientTcpRtt": 0,
                "clientQuicRtt": 19,
                "colo": "MAD",
                "asn": 12430,
                "asOrganization": "VODAFONE ESPANA, S.A.U",
                "country": "ES",
                "isEUCountry": "1",
                "city": "Madrid",
                "continent": "EU",
                "region": "Madrid",
                "regionCode": "MD",
                "timezone": "Europe/Madrid",
                "longitude": "-3.70256",
                "latitude": "40.4165",
                "postalCode": "28004",
                "tlsVersion": "TLSv1.3",
                "tlsCipher": "AEAD-AES128-GCM-SHA256",
                "tlsClientRandom": "lEhHLkeltTuGatDjbH9Y3td71wjMaZMC0SWJno9sWik=",
                "tlsClientCiphersSha1": "3HTt3+R/6BL3zeALJDSq0pR1yOQ=",
                "tlsClientExtensionsSha1": "PPT2zCLZcxBRujH33uzWORkDak0=",
                "tlsClientExtensionsSha1Le": "9LMMsfeJvXG9KT3BYn5rjd8xyXM=",
                "tlsClientHelloLength": "1722",
                "tlsClientAuth": {
                    "certPresented": "0",
                    "certVerified": "NONE",
                    "certRevoked": "0",
                    "certIssuerDN": "",
                    "certSubjectDN": "",
                    "certIssuerDNRFC2253": "",
                    "certSubjectDNRFC2253": "",
                    "certIssuerDNLegacy": "",
                    "certSubjectDNLegacy": "",
                    "certSerial": "",
                    "certIssuerSerial": "",
                    "certSKI": "",
                    "certIssuerSKI": "",
                    "certFingerprintSHA1": "",
                    "certFingerprintSHA256": "",
                    "certNotBefore": "",
                    "certNotAfter": "",
                    "certRFC9440": "",
                    "certRFC9440TooLarge": false,
                    "certChainRFC9440": "",
                    "certChainRFC9440TooLarge": false
                },
                "verifiedBotCategory": "",
                "edgeL4": {
                    "deliveryRate": 27177812
                }
            }
        },
        "response": {
            "status": 200
        }
    }
}
{
    "wallTime": 1421,
    "cpuTime": 15,
    "truncated": false,
    "executionModel": "stateless",
    "outcome": "ok",
    "scriptTags": [
        "cf:service=grupo-eye-staff"
    ],
    "scriptVersion": {
        "id": "3c658acb-3c0a-4f6c-999e-21a279335e47"
    },
    "scriptName": "grupo-eye-staff",
    "diagnosticsChannelEvents": [],
    "exceptions": [],
    "logs": [],
    "eventTimestamp": 1782506226084,
    "event": {
        "request": {
            "url": "https://eye-staff.app/api/chat/conversations",
            "method": "GET",
            "headers": {
                "accept": "*/*",
                "accept-encoding": "gzip, br",
                "accept-language": "es-ES,es;q=0.9,en;q=0.8",
                "authorization": "REDACTED",
                "cf-connecting-ip": "188.86.247.78",
                "cf-ipcountry": "ES",
                "cf-ray": "a11f0208f8b6cfe6",
                "cf-visitor": "{\"scheme\":\"https\"}",
                "connection": "Keep-Alive",
                "host": "eye-staff.app",
                "priority": "u=1, i",
                "referer": "https://eye-staff.app/",
                "sec-ch-ua": "\"Google Chrome\";v=\"149\", \"Chromium\";v=\"149\", \"Not)A;Brand\";v=\"24\"",
                "sec-ch-ua-mobile": "?0",
                "sec-ch-ua-platform": "\"macOS\"",
                "sec-fetch-dest": "empty",
                "sec-fetch-mode": "cors",
                "sec-fetch-site": "same-origin",
                "user-agent": "Mozilla/5.0 (Macintosh; Intel Mac OS X 10_15_7) AppleWebKit/537.36 (KHTML, like Gecko) Chrome/149.0.0.0 Safari/537.36",
                "x-forwarded-proto": "https",
                "x-real-ip": "188.86.247.78"
            },
            "cf": {
                "httpProtocol": "HTTP/3",
                "clientAcceptEncoding": "gzip, deflate, br",
                "requestPriority": "",
                "edgeRequestKeepAliveStatus": 1,
                "requestHeaderNames": {},
                "clientTcpRtt": 0,
                "clientQuicRtt": 16,
                "colo": "MAD",
                "asn": 12430,
                "asOrganization": "VODAFONE ESPANA, S.A.U",
                "country": "ES",
                "isEUCountry": "1",
                "city": "Madrid",
                "continent": "EU",
                "region": "Madrid",
                "regionCode": "MD",
                "timezone": "Europe/Madrid",
                "longitude": "-3.70256",
                "latitude": "40.4165",
                "postalCode": "28004",
                "tlsVersion": "TLSv1.3",
                "tlsCipher": "AEAD-AES128-GCM-SHA256",
                "tlsClientRandom": "lEhHLkeltTuGatDjbH9Y3td71wjMaZMC0SWJno9sWik=",
                "tlsClientCiphersSha1": "3HTt3+R/6BL3zeALJDSq0pR1yOQ=",
                "tlsClientExtensionsSha1": "PPT2zCLZcxBRujH33uzWORkDak0=",
                "tlsClientExtensionsSha1Le": "9LMMsfeJvXG9KT3BYn5rjd8xyXM=",
                "tlsClientHelloLength": "1722",
                "tlsClientAuth": {
                    "certPresented": "0",
                    "certVerified": "NONE",
                    "certRevoked": "0",
                    "certIssuerDN": "",
                    "certSubjectDN": "",
                    "certIssuerDNRFC2253": "",
                    "certSubjectDNRFC2253": "",
                    "certIssuerDNLegacy": "",
                    "certSubjectDNLegacy": "",
                    "certSerial": "",
                    "certIssuerSerial": "",
                    "certSKI": "",
                    "certIssuerSKI": "",
                    "certFingerprintSHA1": "",
                    "certFingerprintSHA256": "",
                    "certNotBefore": "",
                    "certNotAfter": "",
                    "certRFC9440": "",
                    "certRFC9440TooLarge": false,
                    "certChainRFC9440": "",
                    "certChainRFC9440TooLarge": false
                },
                "verifiedBotCategory": "",
                "edgeL4": {
                    "deliveryRate": 27177812
                }
            }
        },
        "response": {
            "status": 200
        }
    }
}
{
    "wallTime": 184,
    "cpuTime": 24,
    "truncated": false,
    "executionModel": "stateless",
    "outcome": "ok",
    "scriptTags": [
        "cf:service=grupo-eye-staff"
    ],
    "scriptVersion": {
        "id": "3c658acb-3c0a-4f6c-999e-21a279335e47"
    },
    "scriptName": "grupo-eye-staff",
    "diagnosticsChannelEvents": [],
    "exceptions": [],
    "logs": [],
    "eventTimestamp": 1782506228683,
    "event": {
        "request": {
            "url": "https://eye-staff.app/api/reports/test-request?t=1782506228591",
            "method": "POST",
            "headers": {
                "accept": "*/*",
                "accept-encoding": "gzip, br",
                "accept-language": "es-ES,es;q=0.9,en;q=0.8",
                "authorization": "REDACTED",
                "cache-control": "no-cache",
                "cf-connecting-ip": "188.86.247.78",
                "cf-ipcountry": "ES",
                "cf-ray": "a11f02193919cfe6",
                "cf-visitor": "{\"scheme\":\"https\"}",
                "connection": "Keep-Alive",
                "content-length": "71",
                "content-type": "application/json",
                "host": "eye-staff.app",
                "origin": "https://eye-staff.app",
                "pragma": "no-cache",
                "priority": "u=1, i",
                "referer": "https://eye-staff.app/",
                "sec-ch-ua": "\"Google Chrome\";v=\"149\", \"Chromium\";v=\"149\", \"Not)A;Brand\";v=\"24\"",
                "sec-ch-ua-mobile": "?0",
                "sec-ch-ua-platform": "\"macOS\"",
                "sec-fetch-dest": "empty",
                "sec-fetch-mode": "cors",
                "sec-fetch-site": "same-origin",
                "user-agent": "Mozilla/5.0 (Macintosh; Intel Mac OS X 10_15_7) AppleWebKit/537.36 (KHTML, like Gecko) Chrome/149.0.0.0 Safari/537.36",
                "x-forwarded-proto": "https",
                "x-real-ip": "188.86.247.78",
                "x-web-session-id": "1778900541742"
            },
            "cf": {
                "httpProtocol": "HTTP/3",
                "clientAcceptEncoding": "gzip, deflate, br",
                "requestPriority": "",
                "edgeRequestKeepAliveStatus": 1,
                "requestHeaderNames": {},
                "clientTcpRtt": 0,
                "clientQuicRtt": 26,
                "colo": "MAD",
                "asn": 12430,
                "asOrganization": "VODAFONE ESPANA, S.A.U",
                "country": "ES",
                "isEUCountry": "1",
                "city": "Madrid",
                "continent": "EU",
                "region": "Madrid",
                "regionCode": "MD",
                "timezone": "Europe/Madrid",
                "longitude": "-3.70256",
                "latitude": "40.4165",
                "postalCode": "28004",
                "tlsVersion": "TLSv1.3",
                "tlsCipher": "AEAD-AES128-GCM-SHA256",
                "tlsClientRandom": "lEhHLkeltTuGatDjbH9Y3td71wjMaZMC0SWJno9sWik=",
                "tlsClientCiphersSha1": "3HTt3+R/6BL3zeALJDSq0pR1yOQ=",
                "tlsClientExtensionsSha1": "PPT2zCLZcxBRujH33uzWORkDak0=",
                "tlsClientExtensionsSha1Le": "9LMMsfeJvXG9KT3BYn5rjd8xyXM=",
                "tlsClientHelloLength": "1722",
                "tlsClientAuth": {
                    "certPresented": "0",
                    "certVerified": "NONE",
                    "certRevoked": "0",
                    "certIssuerDN": "",
                    "certSubjectDN": "",
                    "certIssuerDNRFC2253": "",
                    "certSubjectDNRFC2253": "",
                    "certIssuerDNLegacy": "",
                    "certSubjectDNLegacy": "",
                    "certSerial": "",
                    "certIssuerSerial": "",
                    "certSKI": "",
                    "certIssuerSKI": "",
                    "certFingerprintSHA1": "",
                    "certFingerprintSHA256": "",
                    "certNotBefore": "",
                    "certNotAfter": "",
                    "certRFC9440": "",
                    "certRFC9440TooLarge": false,
                    "certChainRFC9440": "",
                    "certChainRFC9440TooLarge": false
                },
                "verifiedBotCategory": "",
                "edgeL4": {
                    "deliveryRate": 27177812
                }
            }
        },
        "response": {
            "status": 200
        }
    }
}
{
    "wallTime": 83,
    "cpuTime": 1,
    "truncated": false,
    "executionModel": "stateless",
    "outcome": "ok",
    "scriptTags": [
        "cf:service=grupo-eye-staff"
    ],
    "scriptVersion": {
        "id": "3c658acb-3c0a-4f6c-999e-21a279335e47"
    },
    "scriptName": "grupo-eye-staff",
    "diagnosticsChannelEvents": [],
    "exceptions": [],
    "logs": [],
    "eventTimestamp": 1782506231081,
    "event": {
        "request": {
            "url": "https://eye-staff.app/api/staff/live-locations?t=1782506230992",
            "method": "GET",
            "headers": {
                "accept": "*/*",
                "accept-encoding": "gzip, br",
                "accept-language": "es-ES,es;q=0.9,en;q=0.8",
                "authorization": "REDACTED",
                "cache-control": "no-cache",
                "cf-connecting-ip": "188.86.247.78",
                "cf-ipcountry": "ES",
                "cf-ray": "a11f022839cecfe6",
                "cf-visitor": "{\"scheme\":\"https\"}",
                "connection": "Keep-Alive",
                "content-type": "application/json",
                "host": "eye-staff.app",
                "pragma": "no-cache",
                "priority": "u=1, i",
                "referer": "https://eye-staff.app/",
                "sec-ch-ua": "\"Google Chrome\";v=\"149\", \"Chromium\";v=\"149\", \"Not)A;Brand\";v=\"24\"",
                "sec-ch-ua-mobile": "?0",
                "sec-ch-ua-platform": "\"macOS\"",
                "sec-fetch-dest": "empty",
                "sec-fetch-mode": "cors",
                "sec-fetch-site": "same-origin",
                "user-agent": "Mozilla/5.0 (Macintosh; Intel Mac OS X 10_15_7) AppleWebKit/537.36 (KHTML, like Gecko) Chrome/149.0.0.0 Safari/537.36",
                "x-forwarded-proto": "https",
                "x-real-ip": "188.86.247.78",
                "x-web-session-id": "1778900541742"
            },
            "cf": {
                "httpProtocol": "HTTP/3",
                "clientAcceptEncoding": "gzip, deflate, br",
                "requestPriority": "",
                "edgeRequestKeepAliveStatus": 1,
                "requestHeaderNames": {},
                "clientTcpRtt": 0,
                "clientQuicRtt": 23,
                "colo": "MAD",
                "asn": 12430,
                "asOrganization": "VODAFONE ESPANA, S.A.U",
                "country": "ES",
                "isEUCountry": "1",
                "city": "Madrid",
                "continent": "EU",
                "region": "Madrid",
                "regionCode": "MD",
                "timezone": "Europe/Madrid",
                "longitude": "-3.70256",
                "latitude": "40.4165",
                "postalCode": "28004",
                "tlsVersion": "TLSv1.3",
                "tlsCipher": "AEAD-AES128-GCM-SHA256",
                "tlsClientRandom": "lEhHLkeltTuGatDjbH9Y3td71wjMaZMC0SWJno9sWik=",
                "tlsClientCiphersSha1": "3HTt3+R/6BL3zeALJDSq0pR1yOQ=",
                "tlsClientExtensionsSha1": "PPT2zCLZcxBRujH33uzWORkDak0=",
                "tlsClientExtensionsSha1Le": "9LMMsfeJvXG9KT3BYn5rjd8xyXM=",
                "tlsClientHelloLength": "1722",
                "tlsClientAuth": {
                    "certPresented": "0",
                    "certVerified": "NONE",
                    "certRevoked": "0",
                    "certIssuerDN": "",
                    "certSubjectDN": "",
                    "certIssuerDNRFC2253": "",
                    "certSubjectDNRFC2253": "",
                    "certIssuerDNLegacy": "",
                    "certSubjectDNLegacy": "",
                    "certSerial": "",
                    "certIssuerSerial": "",
                    "certSKI": "",
                    "certIssuerSKI": "",
                    "certFingerprintSHA1": "",
                    "certFingerprintSHA256": "",
                    "certNotBefore": "",
                    "certNotAfter": "",
                    "certRFC9440": "",
                    "certRFC9440TooLarge": false,
                    "certChainRFC9440": "",
                    "certChainRFC9440TooLarge": false
                },
                "verifiedBotCategory": "",
                "edgeL4": {
                    "deliveryRate": 27177812
                }
            }
        },
        "response": {
            "status": 200
        }
    }
}
{
    "wallTime": 205,
    "cpuTime": 1,
    "truncated": false,
    "executionModel": "stateless",
    "outcome": "ok",
    "scriptTags": [
        "cf:service=grupo-eye-staff"
    ],
    "scriptVersion": {
        "id": "3c658acb-3c0a-4f6c-999e-21a279335e47"
    },
    "scriptName": "grupo-eye-staff",
    "diagnosticsChannelEvents": [],
    "exceptions": [],
    "logs": [
        {
            "message": [
                "[CRON] Revisando notificaciones para 2026-06-26 16:37..."
            ],
            "level": "log",
            "timestamp": 1782506235015
        }
    ],
    "eventTimestamp": 1782506235015,
    "event": {
        "cron": "* * * * *",
        "scheduledTime": 1782506234000
    }
}
{
    "wallTime": 1424,
    "cpuTime": 14,
    "truncated": false,
    "executionModel": "stateless",
    "outcome": "ok",
    "scriptTags": [
        "cf:service=grupo-eye-staff"
    ],
    "scriptVersion": {
        "id": "3c658acb-3c0a-4f6c-999e-21a279335e47"
    },
    "scriptName": "grupo-eye-staff",
    "diagnosticsChannelEvents": [],
    "exceptions": [],
    "logs": [],
    "eventTimestamp": 1782506236080,
    "event": {
        "request": {
            "url": "https://eye-staff.app/api/chat/conversations",
            "method": "GET",
            "headers": {
                "accept": "*/*",
                "accept-encoding": "gzip, br",
                "accept-language": "es-ES,es;q=0.9,en;q=0.8",
                "authorization": "REDACTED",
                "cf-connecting-ip": "188.86.247.78",
                "cf-ipcountry": "ES",
                "cf-ray": "a11f02477aa1cfe6",
                "cf-visitor": "{\"scheme\":\"https\"}",
                "connection": "Keep-Alive",
                "host": "eye-staff.app",
                "priority": "u=1, i",
                "referer": "https://eye-staff.app/",
                "sec-ch-ua": "\"Google Chrome\";v=\"149\", \"Chromium\";v=\"149\", \"Not)A;Brand\";v=\"24\"",
                "sec-ch-ua-mobile": "?0",
                "sec-ch-ua-platform": "\"macOS\"",
                "sec-fetch-dest": "empty",
                "sec-fetch-mode": "cors",
                "sec-fetch-site": "same-origin",
                "user-agent": "Mozilla/5.0 (Macintosh; Intel Mac OS X 10_15_7) AppleWebKit/537.36 (KHTML, like Gecko) Chrome/149.0.0.0 Safari/537.36",
                "x-forwarded-proto": "https",
                "x-real-ip": "188.86.247.78"
            },
            "cf": {
                "httpProtocol": "HTTP/3",
                "clientAcceptEncoding": "gzip, deflate, br",
                "requestPriority": "",
                "edgeRequestKeepAliveStatus": 1,
                "requestHeaderNames": {},
                "clientTcpRtt": 0,
                "clientQuicRtt": 24,
                "colo": "MAD",
                "asn": 12430,
                "asOrganization": "VODAFONE ESPANA, S.A.U",
                "country": "ES",
                "isEUCountry": "1",
                "city": "Madrid",
                "continent": "EU",
                "region": "Madrid",
                "regionCode": "MD",
                "timezone": "Europe/Madrid",
                "longitude": "-3.70256",
                "latitude": "40.4165",
                "postalCode": "28004",
                "tlsVersion": "TLSv1.3",
                "tlsCipher": "AEAD-AES128-GCM-SHA256",
                "tlsClientRandom": "lEhHLkeltTuGatDjbH9Y3td71wjMaZMC0SWJno9sWik=",
                "tlsClientCiphersSha1": "3HTt3+R/6BL3zeALJDSq0pR1yOQ=",
                "tlsClientExtensionsSha1": "PPT2zCLZcxBRujH33uzWORkDak0=",
                "tlsClientExtensionsSha1Le": "9LMMsfeJvXG9KT3BYn5rjd8xyXM=",
                "tlsClientHelloLength": "1722",
                "tlsClientAuth": {
                    "certPresented": "0",
                    "certVerified": "NONE",
                    "certRevoked": "0",
                    "certIssuerDN": "",
                    "certSubjectDN": "",
                    "certIssuerDNRFC2253": "",
                    "certSubjectDNRFC2253": "",
                    "certIssuerDNLegacy": "",
                    "certSubjectDNLegacy": "",
                    "certSerial": "",
                    "certIssuerSerial": "",
                    "certSKI": "",
                    "certIssuerSKI": "",
                    "certFingerprintSHA1": "",
                    "certFingerprintSHA256": "",
                    "certNotBefore": "",
                    "certNotAfter": "",
                    "certRFC9440": "",
                    "certRFC9440TooLarge": false,
                    "certChainRFC9440": "",
                    "certChainRFC9440TooLarge": false
                },
                "verifiedBotCategory": "",
                "edgeL4": {
                    "deliveryRate": 27177812
                }
            }
        },
        "response": {
            "status": 200
        }
    }
}
{
    "wallTime": 164,
    "cpuTime": 12,
    "truncated": false,
    "executionModel": "stateless",
    "outcome": "ok",
    "scriptTags": [
        "cf:service=grupo-eye-staff"
    ],
    "scriptVersion": {
        "id": "3c658acb-3c0a-4f6c-999e-21a279335e47"
    },
    "scriptName": "grupo-eye-staff",
    "diagnosticsChannelEvents": [],
    "exceptions": [],
    "logs": [],
    "eventTimestamp": 1782506241024,
    "event": {
        "request": {
            "url": "https://eye-staff.app/api/reports/test-request?t=1782506240929",
            "method": "POST",
            "headers": {
                "accept": "*/*",
                "accept-encoding": "gzip, br",
                "accept-language": "es-ES,es;q=0.9,en;q=0.8",
                "authorization": "REDACTED",
                "cache-control": "no-cache",
                "cf-connecting-ip": "188.86.247.78",
                "cf-ipcountry": "ES",
                "cf-ray": "a11f02665b8acfe6",
                "cf-visitor": "{\"scheme\":\"https\"}",
                "connection": "Keep-Alive",
                "content-length": "75",
                "content-type": "application/json",
                "host": "eye-staff.app",
                "origin": "https://eye-staff.app",
                "pragma": "no-cache",
                "priority": "u=1, i",
                "referer": "https://eye-staff.app/",
                "sec-ch-ua": "\"Google Chrome\";v=\"149\", \"Chromium\";v=\"149\", \"Not)A;Brand\";v=\"24\"",
                "sec-ch-ua-mobile": "?0",
                "sec-ch-ua-platform": "\"macOS\"",
                "sec-fetch-dest": "empty",
                "sec-fetch-mode": "cors",
                "sec-fetch-site": "same-origin",
                "user-agent": "Mozilla/5.0 (Macintosh; Intel Mac OS X 10_15_7) AppleWebKit/537.36 (KHTML, like Gecko) Chrome/149.0.0.0 Safari/537.36",
                "x-forwarded-proto": "https",
                "x-real-ip": "188.86.247.78",
                "x-web-session-id": "1778900541742"
            },
            "cf": {
                "httpProtocol": "HTTP/3",
                "clientAcceptEncoding": "gzip, deflate, br",
                "requestPriority": "",
                "edgeRequestKeepAliveStatus": 1,
                "requestHeaderNames": {},
                "clientTcpRtt": 0,
                "clientQuicRtt": 24,
                "colo": "MAD",
                "asn": 12430,
                "asOrganization": "VODAFONE ESPANA, S.A.U",
                "country": "ES",
                "isEUCountry": "1",
                "city": "Madrid",
                "continent": "EU",
                "region": "Madrid",
                "regionCode": "MD",
                "timezone": "Europe/Madrid",
                "longitude": "-3.70256",
                "latitude": "40.4165",
                "postalCode": "28004",
                "tlsVersion": "TLSv1.3",
                "tlsCipher": "AEAD-AES128-GCM-SHA256",
                "tlsClientRandom": "lEhHLkeltTuGatDjbH9Y3td71wjMaZMC0SWJno9sWik=",
                "tlsClientCiphersSha1": "3HTt3+R/6BL3zeALJDSq0pR1yOQ=",
                "tlsClientExtensionsSha1": "PPT2zCLZcxBRujH33uzWORkDak0=",
                "tlsClientExtensionsSha1Le": "9LMMsfeJvXG9KT3BYn5rjd8xyXM=",
                "tlsClientHelloLength": "1722",
                "tlsClientAuth": {
                    "certPresented": "0",
                    "certVerified": "NONE",
                    "certRevoked": "0",
                    "certIssuerDN": "",
                    "certSubjectDN": "",
                    "certIssuerDNRFC2253": "",
                    "certSubjectDNRFC2253": "",
                    "certIssuerDNLegacy": "",
                    "certSubjectDNLegacy": "",
                    "certSerial": "",
                    "certIssuerSerial": "",
                    "certSKI": "",
                    "certIssuerSKI": "",
                    "certFingerprintSHA1": "",
                    "certFingerprintSHA256": "",
                    "certNotBefore": "",
                    "certNotAfter": "",
                    "certRFC9440": "",
                    "certRFC9440TooLarge": false,
                    "certChainRFC9440": "",
                    "certChainRFC9440TooLarge": false
                },
                "verifiedBotCategory": "",
                "edgeL4": {
                    "deliveryRate": 27177812
                }
            }
        },
        "response": {
            "status": 200
        }
    }
}
{
    "wallTime": 86,
    "cpuTime": 1,
    "truncated": false,
    "executionModel": "stateless",
    "outcome": "ok",
    "scriptTags": [
        "cf:service=grupo-eye-staff"
    ],
    "scriptVersion": {
        "id": "3c658acb-3c0a-4f6c-999e-21a279335e47"
    },
    "scriptName": "grupo-eye-staff",
    "diagnosticsChannelEvents": [],
    "exceptions": [],
    "logs": [],
    "eventTimestamp": 1782506246084,
    "event": {
        "request": {
            "url": "https://eye-staff.app/api/staff/live-locations?t=1782506245992",
            "method": "GET",
            "headers": {
                "accept": "*/*",
                "accept-encoding": "gzip, br",
                "accept-language": "es-ES,es;q=0.9,en;q=0.8",
                "authorization": "REDACTED",
                "cache-control": "no-cache",
                "cf-connecting-ip": "188.86.247.78",
                "cf-ipcountry": "ES",
                "cf-ray": "a11f0285fc0ccfe6",
                "cf-visitor": "{\"scheme\":\"https\"}",
                "connection": "Keep-Alive",
                "content-type": "application/json",
                "host": "eye-staff.app",
                "pragma": "no-cache",
                "priority": "u=1, i",
                "referer": "https://eye-staff.app/",
                "sec-ch-ua": "\"Google Chrome\";v=\"149\", \"Chromium\";v=\"149\", \"Not)A;Brand\";v=\"24\"",
                "sec-ch-ua-mobile": "?0",
                "sec-ch-ua-platform": "\"macOS\"",
                "sec-fetch-dest": "empty",
                "sec-fetch-mode": "cors",
                "sec-fetch-site": "same-origin",
                "user-agent": "Mozilla/5.0 (Macintosh; Intel Mac OS X 10_15_7) AppleWebKit/537.36 (KHTML, like Gecko) Chrome/149.0.0.0 Safari/537.36",
                "x-forwarded-proto": "https",
                "x-real-ip": "188.86.247.78",
                "x-web-session-id": "1778900541742"
            },
            "cf": {
                "httpProtocol": "HTTP/3",
                "clientAcceptEncoding": "gzip, deflate, br",
                "requestPriority": "",
                "edgeRequestKeepAliveStatus": 1,
                "requestHeaderNames": {},
                "clientTcpRtt": 0,
                "clientQuicRtt": 22,
                "colo": "MAD",
                "asn": 12430,
                "asOrganization": "VODAFONE ESPANA, S.A.U",
                "country": "ES",
                "isEUCountry": "1",
                "city": "Madrid",
                "continent": "EU",
                "region": "Madrid",
                "regionCode": "MD",
                "timezone": "Europe/Madrid",
                "longitude": "-3.70256",
                "latitude": "40.4165",
                "postalCode": "28004",
                "tlsVersion": "TLSv1.3",
                "tlsCipher": "AEAD-AES128-GCM-SHA256",
                "tlsClientRandom": "lEhHLkeltTuGatDjbH9Y3td71wjMaZMC0SWJno9sWik=",
                "tlsClientCiphersSha1": "3HTt3+R/6BL3zeALJDSq0pR1yOQ=",
                "tlsClientExtensionsSha1": "PPT2zCLZcxBRujH33uzWORkDak0=",
                "tlsClientExtensionsSha1Le": "9LMMsfeJvXG9KT3BYn5rjd8xyXM=",
                "tlsClientHelloLength": "1722",
                "tlsClientAuth": {
                    "certPresented": "0",
                    "certVerified": "NONE",
                    "certRevoked": "0",
                    "certIssuerDN": "",
                    "certSubjectDN": "",
                    "certIssuerDNRFC2253": "",
                    "certSubjectDNRFC2253": "",
                    "certIssuerDNLegacy": "",
                    "certSubjectDNLegacy": "",
                    "certSerial": "",
                    "certIssuerSerial": "",
                    "certSKI": "",
                    "certIssuerSKI": "",
                    "certFingerprintSHA1": "",
                    "certFingerprintSHA256": "",
                    "certNotBefore": "",
                    "certNotAfter": "",
                    "certRFC9440": "",
                    "certRFC9440TooLarge": false,
                    "certChainRFC9440": "",
                    "certChainRFC9440TooLarge": false
                },
                "verifiedBotCategory": "",
                "edgeL4": {
                    "deliveryRate": 27177812
                }
            }
        },
        "response": {
            "status": 200
        }
    }
}
{
    "wallTime": 1434,
    "cpuTime": 15,
    "truncated": false,
    "executionModel": "stateless",
    "outcome": "ok",
    "scriptTags": [
        "cf:service=grupo-eye-staff"
    ],
    "scriptVersion": {
        "id": "3c658acb-3c0a-4f6c-999e-21a279335e47"
    },
    "scriptName": "grupo-eye-staff",
    "diagnosticsChannelEvents": [],
    "exceptions": [],
    "logs": [],
    "eventTimestamp": 1782506246083,
    "event": {
        "request": {
            "url": "https://eye-staff.app/api/chat/conversations",
            "method": "GET",
            "headers": {
                "accept": "*/*",
                "accept-encoding": "gzip, br",
                "accept-language": "es-ES,es;q=0.9,en;q=0.8",
                "authorization": "REDACTED",
                "cf-connecting-ip": "188.86.247.78",
                "cf-ipcountry": "ES",
                "cf-ray": "a11f0285fc0bcfe6",
                "cf-visitor": "{\"scheme\":\"https\"}",
                "connection": "Keep-Alive",
                "host": "eye-staff.app",
                "priority": "u=1, i",
                "referer": "https://eye-staff.app/",
                "sec-ch-ua": "\"Google Chrome\";v=\"149\", \"Chromium\";v=\"149\", \"Not)A;Brand\";v=\"24\"",
                "sec-ch-ua-mobile": "?0",
                "sec-ch-ua-platform": "\"macOS\"",
                "sec-fetch-dest": "empty",
                "sec-fetch-mode": "cors",
                "sec-fetch-site": "same-origin",
                "user-agent": "Mozilla/5.0 (Macintosh; Intel Mac OS X 10_15_7) AppleWebKit/537.36 (KHTML, like Gecko) Chrome/149.0.0.0 Safari/537.36",
                "x-forwarded-proto": "https",
                "x-real-ip": "188.86.247.78"
            },
            "cf": {
                "httpProtocol": "HTTP/3",
                "clientAcceptEncoding": "gzip, deflate, br",
                "requestPriority": "",
                "edgeRequestKeepAliveStatus": 1,
                "requestHeaderNames": {},
                "clientTcpRtt": 0,
                "clientQuicRtt": 22,
                "colo": "MAD",
                "asn": 12430,
                "asOrganization": "VODAFONE ESPANA, S.A.U",
                "country": "ES",
                "isEUCountry": "1",
                "city": "Madrid",
                "continent": "EU",
                "region": "Madrid",
                "regionCode": "MD",
                "timezone": "Europe/Madrid",
                "longitude": "-3.70256",
                "latitude": "40.4165",
                "postalCode": "28004",
                "tlsVersion": "TLSv1.3",
                "tlsCipher": "AEAD-AES128-GCM-SHA256",
                "tlsClientRandom": "lEhHLkeltTuGatDjbH9Y3td71wjMaZMC0SWJno9sWik=",
                "tlsClientCiphersSha1": "3HTt3+R/6BL3zeALJDSq0pR1yOQ=",
                "tlsClientExtensionsSha1": "PPT2zCLZcxBRujH33uzWORkDak0=",
                "tlsClientExtensionsSha1Le": "9LMMsfeJvXG9KT3BYn5rjd8xyXM=",
                "tlsClientHelloLength": "1722",
                "tlsClientAuth": {
                    "certPresented": "0",
                    "certVerified": "NONE",
                    "certRevoked": "0",
                    "certIssuerDN": "",
                    "certSubjectDN": "",
                    "certIssuerDNRFC2253": "",
                    "certSubjectDNRFC2253": "",
                    "certIssuerDNLegacy": "",
                    "certSubjectDNLegacy": "",
                    "certSerial": "",
                    "certIssuerSerial": "",
                    "certSKI": "",
                    "certIssuerSKI": "",
                    "certFingerprintSHA1": "",
                    "certFingerprintSHA256": "",
                    "certNotBefore": "",
                    "certNotAfter": "",
                    "certRFC9440": "",
                    "certRFC9440TooLarge": false,
                    "certChainRFC9440": "",
                    "certChainRFC9440TooLarge": false
                },
                "verifiedBotCategory": "",
                "edgeL4": {
                    "deliveryRate": 27177812
                }
            }
        },
        "response": {
            "status": 200
        }
    }
}
