{
    "wallTime": 1682,
    "cpuTime": 17,
    "truncated": false,
    "executionModel": "stateless",
    "outcome": "ok",
    "scriptTags": [
        "cf:service=grupo-eye-staff"
    ],
    "scriptVersion": {
        "id": "3c658acb-3c0a-4f6c-999e-21a279335e47"
    },
    "scriptName": "grupo-eye-staff",
    "diagnosticsChannelEvents": [],
    "exceptions": [],
    "logs": [],
    "eventTimestamp": 1782506069887,
    "event": {
        "request": {
            "url": "https://eye-staff.app/api/chat/conversations",
            "method": "GET",
            "headers": {
                "accept": "*/*",
                "accept-encoding": "gzip, br",
                "accept-language": "es-ES,es;q=0.9,en;q=0.8",
                "authorization": "REDACTED",
                "cf-connecting-ip": "188.86.247.78",
                "cf-ipcountry": "ES",
                "cf-ray": "a11efe38c8f3c69e",
                "cf-visitor": "{\"scheme\":\"https\"}",
                "connection": "Keep-Alive",
                "host": "eye-staff.app",
                "priority": "u=1, i",
                "referer": "https://eye-staff.app/",
                "sec-ch-ua": "\"Google Chrome\";v=\"149\", \"Chromium\";v=\"149\", \"Not)A;Brand\";v=\"24\"",
                "sec-ch-ua-mobile": "?0",
                "sec-ch-ua-platform": "\"macOS\"",
                "sec-fetch-dest": "empty",
                "sec-fetch-mode": "cors",
                "sec-fetch-site": "same-origin",
                "user-agent": "Mozilla/5.0 (Macintosh; Intel Mac OS X 10_15_7) AppleWebKit/537.36 (KHTML, like Gecko) Chrome/149.0.0.0 Safari/537.36",
                "x-forwarded-proto": "https",
                "x-real-ip": "188.86.247.78"
            },
            "cf": {
                "httpProtocol": "HTTP/3",
                "clientAcceptEncoding": "gzip, deflate, br",
                "requestPriority": "",
                "edgeRequestKeepAliveStatus": 1,
                "requestHeaderNames": {},
                "clientTcpRtt": 0,
                "clientQuicRtt": 30,
                "colo": "MAD",
                "asn": 12430,
                "asOrganization": "VODAFONE ESPANA, S.A.U",
                "country": "ES",
                "isEUCountry": "1",
                "city": "Madrid",
                "continent": "EU",
                "region": "Madrid",
                "regionCode": "MD",
                "timezone": "Europe/Madrid",
                "longitude": "-3.70256",
                "latitude": "40.4165",
                "postalCode": "28004",
                "tlsVersion": "TLSv1.3",
                "tlsCipher": "AEAD-AES128-GCM-SHA256",
                "tlsClientRandom": "MTR/VrdDTsWwLk6+a6medcGuTgM46+l+PN7QJbUzssY=",
                "tlsClientCiphersSha1": "3HTt3+R/6BL3zeALJDSq0pR1yOQ=",
                "tlsClientExtensionsSha1": "93pnLPs+ozaBzpwu7mDnjA2PRo4=",
                "tlsClientExtensionsSha1Le": "X7qkEoKDVK/pSQ7uCMMewQmugQQ=",
                "tlsClientHelloLength": "1740",
                "tlsClientAuth": {
                    "certPresented": "0",
                    "certVerified": "NONE",
                    "certRevoked": "0",
                    "certIssuerDN": "",
                    "certSubjectDN": "",
                    "certIssuerDNRFC2253": "",
                    "certSubjectDNRFC2253": "",
                    "certIssuerDNLegacy": "",
                    "certSubjectDNLegacy": "",
                    "certSerial": "",
                    "certIssuerSerial": "",
                    "certSKI": "",
                    "certIssuerSKI": "",
                    "certFingerprintSHA1": "",
                    "certFingerprintSHA256": "",
                    "certNotBefore": "",
                    "certNotAfter": "",
                    "certRFC9440": "",
                    "certRFC9440TooLarge": false,
                    "certChainRFC9440": "",
                    "certChainRFC9440TooLarge": false
                },
                "verifiedBotCategory": "",
                "edgeL4": {
                    "deliveryRate": 10983653
                }
            }
        },
        "response": {
            "status": 200
        }
    }
}
{
    "wallTime": 204,
    "cpuTime": 14,
    "truncated": false,
    "executionModel": "stateless",
    "outcome": "ok",
    "scriptTags": [
        "cf:service=grupo-eye-staff"
    ],
    "scriptVersion": {
        "id": "3c658acb-3c0a-4f6c-999e-21a279335e47"
    },
    "scriptName": "grupo-eye-staff",
    "diagnosticsChannelEvents": [],
    "exceptions": [],
    "logs": [],
    "eventTimestamp": 1782506072755,
    "event": {
        "request": {
            "url": "https://eye-staff.app/api/public/test-applications-report",
            "method": "POST",
            "headers": {
                "accept": "*/*",
                "accept-encoding": "gzip, br",
                "cf-connecting-ip": "188.86.247.78",
                "cf-ipcountry": "ES",
                "cf-ray": "a11efe4aafffcfd8",
                "cf-visitor": "{\"scheme\":\"https\"}",
                "connection": "Keep-Alive",
                "content-length": "0",
                "host": "eye-staff.app",
                "user-agent": "curl/8.7.1",
                "x-forwarded-proto": "https",
                "x-real-ip": "188.86.247.78"
            },
            "cf": {
                "httpProtocol": "HTTP/2",
                "requestPriority": "weight=16;exclusive=0;group=0;group-weight=0",
                "edgeRequestKeepAliveStatus": 1,
                "requestHeaderNames": {},
                "clientTcpRtt": 6,
                "clientQuicRtt": 0,
                "colo": "MAD",
                "asn": 12430,
                "asOrganization": "VODAFONE ESPANA, S.A.U",
                "country": "ES",
                "isEUCountry": "1",
                "city": "Madrid",
                "continent": "EU",
                "region": "Madrid",
                "regionCode": "MD",
                "timezone": "Europe/Madrid",
                "longitude": "-3.70256",
                "latitude": "40.4165",
                "postalCode": "28004",
                "tlsVersion": "TLSv1.3",
                "tlsCipher": "AEAD-CHACHA20-POLY1305-SHA256",
                "tlsClientRandom": "abniIcX5FrSFpdk4Wgo6eqRvp3CkQV4ZZa/bdAbe9BA=",
                "tlsClientCiphersSha1": "eDGmD1H99AwNYzOR+7eoGLo6eLU=",
                "tlsClientExtensionsSha1": "Ub+nUmIm1U57hdNSUph0R+kx9Gc=",
                "tlsClientExtensionsSha1Le": "NMNf2YIpLBhtroOEBooGFi+jtJ8=",
                "tlsExportedAuthenticator": {
                    "clientHandshake": "eb7587e61a6139e5eb1ee1b1ba2d2751742a86bdb498d9ba46e60a34d0009e0e",
                    "serverHandshake": "cf5ea71232d35442b953a6e78af333a30de6bc3b067640bb51e63347eb624115",
                    "clientFinished": "fd94dbea180a66edd09adeb4d7072afb7228f3dd359e54e1ba80cc732635c0e8",
                    "serverFinished": "ab7e52887cad906c7b71384ed0224c197e7967b4ac83ce39e4078308122dad9e"
                },
                "tlsClientHelloLength": "314",
                "tlsClientAuth": {
                    "certPresented": "0",
                    "certVerified": "NONE",
                    "certRevoked": "0",
                    "certIssuerDN": "",
                    "certSubjectDN": "",
                    "certIssuerDNRFC2253": "",
                    "certSubjectDNRFC2253": "",
                    "certIssuerDNLegacy": "",
                    "certSubjectDNLegacy": "",
                    "certSerial": "",
                    "certIssuerSerial": "",
                    "certSKI": "",
                    "certIssuerSKI": "",
                    "certFingerprintSHA1": "",
                    "certFingerprintSHA256": "",
                    "certNotBefore": "",
                    "certNotAfter": "",
                    "certRFC9440": "",
                    "certRFC9440TooLarge": false,
                    "certChainRFC9440": "",
                    "certChainRFC9440TooLarge": false
                },
                "verifiedBotCategory": "",
                "edgeL4": {
                    "deliveryRate": 450563
                }
            }
        },
        "response": {
            "status": 200
        }
    }
}
{
    "wallTime": 92,
    "cpuTime": 1,
    "truncated": false,
    "executionModel": "stateless",
    "outcome": "ok",
    "scriptTags": [
        "cf:service=grupo-eye-staff"
    ],
    "scriptVersion": {
        "id": "3c658acb-3c0a-4f6c-999e-21a279335e47"
    },
    "scriptName": "grupo-eye-staff",
    "diagnosticsChannelEvents": [],
    "exceptions": [],
    "logs": [],
    "eventTimestamp": 1782506079888,
    "event": {
        "request": {
            "url": "https://eye-staff.app/api/staff/live-locations?t=1782506079801",
            "method": "GET",
            "headers": {
                "accept": "*/*",
                "accept-encoding": "gzip, br",
                "accept-language": "es-ES,es;q=0.9,en;q=0.8",
                "authorization": "REDACTED",
                "cache-control": "no-cache",
                "cf-connecting-ip": "188.86.247.78",
                "cf-ipcountry": "ES",
                "cf-ray": "a11efe774b89c69e",
                "cf-visitor": "{\"scheme\":\"https\"}",
                "connection": "Keep-Alive",
                "content-type": "application/json",
                "host": "eye-staff.app",
                "pragma": "no-cache",
                "priority": "u=1, i",
                "referer": "https://eye-staff.app/",
                "sec-ch-ua": "\"Google Chrome\";v=\"149\", \"Chromium\";v=\"149\", \"Not)A;Brand\";v=\"24\"",
                "sec-ch-ua-mobile": "?0",
                "sec-ch-ua-platform": "\"macOS\"",
                "sec-fetch-dest": "empty",
                "sec-fetch-mode": "cors",
                "sec-fetch-site": "same-origin",
                "user-agent": "Mozilla/5.0 (Macintosh; Intel Mac OS X 10_15_7) AppleWebKit/537.36 (KHTML, like Gecko) Chrome/149.0.0.0 Safari/537.36",
                "x-forwarded-proto": "https",
                "x-real-ip": "188.86.247.78",
                "x-web-session-id": "1778900541741"
            },
            "cf": {
                "httpProtocol": "HTTP/3",
                "clientAcceptEncoding": "gzip, deflate, br",
                "requestPriority": "",
                "edgeRequestKeepAliveStatus": 1,
                "requestHeaderNames": {},
                "clientTcpRtt": 0,
                "clientQuicRtt": 36,
                "colo": "MAD",
                "asn": 12430,
                "asOrganization": "VODAFONE ESPANA, S.A.U",
                "country": "ES",
                "isEUCountry": "1",
                "city": "Madrid",
                "continent": "EU",
                "region": "Madrid",
                "regionCode": "MD",
                "timezone": "Europe/Madrid",
                "longitude": "-3.70256",
                "latitude": "40.4165",
                "postalCode": "28004",
                "tlsVersion": "TLSv1.3",
                "tlsCipher": "AEAD-AES128-GCM-SHA256",
                "tlsClientRandom": "MTR/VrdDTsWwLk6+a6medcGuTgM46+l+PN7QJbUzssY=",
                "tlsClientCiphersSha1": "3HTt3+R/6BL3zeALJDSq0pR1yOQ=",
                "tlsClientExtensionsSha1": "93pnLPs+ozaBzpwu7mDnjA2PRo4=",
                "tlsClientExtensionsSha1Le": "X7qkEoKDVK/pSQ7uCMMewQmugQQ=",
                "tlsClientHelloLength": "1740",
                "tlsClientAuth": {
                    "certPresented": "0",
                    "certVerified": "NONE",
                    "certRevoked": "0",
                    "certIssuerDN": "",
                    "certSubjectDN": "",
                    "certIssuerDNRFC2253": "",
                    "certSubjectDNRFC2253": "",
                    "certIssuerDNLegacy": "",
                    "certSubjectDNLegacy": "",
                    "certSerial": "",
                    "certIssuerSerial": "",
                    "certSKI": "",
                    "certIssuerSKI": "",
                    "certFingerprintSHA1": "",
                    "certFingerprintSHA256": "",
                    "certNotBefore": "",
                    "certNotAfter": "",
                    "certRFC9440": "",
                    "certRFC9440TooLarge": false,
                    "certChainRFC9440": "",
                    "certChainRFC9440TooLarge": false
                },
                "verifiedBotCategory": "",
                "edgeL4": {
                    "deliveryRate": 10983653
                }
            }
        },
        "response": {
            "status": 200
        }
    }
}
{
    "wallTime": 1427,
    "cpuTime": 14,
    "truncated": false,
    "executionModel": "stateless",
    "outcome": "ok",
    "scriptTags": [
        "cf:service=grupo-eye-staff"
    ],
    "scriptVersion": {
        "id": "3c658acb-3c0a-4f6c-999e-21a279335e47"
    },
    "scriptName": "grupo-eye-staff",
    "diagnosticsChannelEvents": [],
    "exceptions": [],
    "logs": [],
    "eventTimestamp": 1782506079888,
    "event": {
        "request": {
            "url": "https://eye-staff.app/api/chat/conversations",
            "method": "GET",
            "headers": {
                "accept": "*/*",
                "accept-encoding": "gzip, br",
                "accept-language": "es-ES,es;q=0.9,en;q=0.8",
                "authorization": "REDACTED",
                "cf-connecting-ip": "188.86.247.78",
                "cf-ipcountry": "ES",
                "cf-ray": "a11efe774b88c69e",
                "cf-visitor": "{\"scheme\":\"https\"}",
                "connection": "Keep-Alive",
                "host": "eye-staff.app",
                "priority": "u=1, i",
                "referer": "https://eye-staff.app/",
                "sec-ch-ua": "\"Google Chrome\";v=\"149\", \"Chromium\";v=\"149\", \"Not)A;Brand\";v=\"24\"",
                "sec-ch-ua-mobile": "?0",
                "sec-ch-ua-platform": "\"macOS\"",
                "sec-fetch-dest": "empty",
                "sec-fetch-mode": "cors",
                "sec-fetch-site": "same-origin",
                "user-agent": "Mozilla/5.0 (Macintosh; Intel Mac OS X 10_15_7) AppleWebKit/537.36 (KHTML, like Gecko) Chrome/149.0.0.0 Safari/537.36",
                "x-forwarded-proto": "https",
                "x-real-ip": "188.86.247.78"
            },
            "cf": {
                "httpProtocol": "HTTP/3",
                "clientAcceptEncoding": "gzip, deflate, br",
                "requestPriority": "",
                "edgeRequestKeepAliveStatus": 1,
                "requestHeaderNames": {},
                "clientTcpRtt": 0,
                "clientQuicRtt": 36,
                "colo": "MAD",
                "asn": 12430,
                "asOrganization": "VODAFONE ESPANA, S.A.U",
                "country": "ES",
                "isEUCountry": "1",
                "city": "Madrid",
                "continent": "EU",
                "region": "Madrid",
                "regionCode": "MD",
                "timezone": "Europe/Madrid",
                "longitude": "-3.70256",
                "latitude": "40.4165",
                "postalCode": "28004",
                "tlsVersion": "TLSv1.3",
                "tlsCipher": "AEAD-AES128-GCM-SHA256",
                "tlsClientRandom": "MTR/VrdDTsWwLk6+a6medcGuTgM46+l+PN7QJbUzssY=",
                "tlsClientCiphersSha1": "3HTt3+R/6BL3zeALJDSq0pR1yOQ=",
                "tlsClientExtensionsSha1": "93pnLPs+ozaBzpwu7mDnjA2PRo4=",
                "tlsClientExtensionsSha1Le": "X7qkEoKDVK/pSQ7uCMMewQmugQQ=",
                "tlsClientHelloLength": "1740",
                "tlsClientAuth": {
                    "certPresented": "0",
                    "certVerified": "NONE",
                    "certRevoked": "0",
                    "certIssuerDN": "",
                    "certSubjectDN": "",
                    "certIssuerDNRFC2253": "",
                    "certSubjectDNRFC2253": "",
                    "certIssuerDNLegacy": "",
                    "certSubjectDNLegacy": "",
                    "certSerial": "",
                    "certIssuerSerial": "",
                    "certSKI": "",
                    "certIssuerSKI": "",
                    "certFingerprintSHA1": "",
                    "certFingerprintSHA256": "",
                    "certNotBefore": "",
                    "certNotAfter": "",
                    "certRFC9440": "",
                    "certRFC9440TooLarge": false,
                    "certChainRFC9440": "",
                    "certChainRFC9440TooLarge": false
                },
                "verifiedBotCategory": "",
                "edgeL4": {
                    "deliveryRate": 10983653
                }
            }
        },
        "response": {
            "status": 200
        }
    }
}
{
    "wallTime": 1419,
    "cpuTime": 16,
    "truncated": false,
    "executionModel": "stateless",
    "outcome": "ok",
    "scriptTags": [
        "cf:service=grupo-eye-staff"
    ],
    "scriptVersion": {
        "id": "3c658acb-3c0a-4f6c-999e-21a279335e47"
    },
    "scriptName": "grupo-eye-staff",
    "diagnosticsChannelEvents": [],
    "exceptions": [],
    "logs": [],
    "eventTimestamp": 1782506089886,
    "event": {
        "request": {
            "url": "https://eye-staff.app/api/chat/conversations",
            "method": "GET",
            "headers": {
                "accept": "*/*",
                "accept-encoding": "gzip, br",
                "accept-language": "es-ES,es;q=0.9,en;q=0.8",
                "authorization": "REDACTED",
                "cf-connecting-ip": "188.86.247.78",
                "cf-ipcountry": "ES",
                "cf-ray": "a11efeb5cdb2c69e",
                "cf-visitor": "{\"scheme\":\"https\"}",
                "connection": "Keep-Alive",
                "host": "eye-staff.app",
                "priority": "u=1, i",
                "referer": "https://eye-staff.app/",
                "sec-ch-ua": "\"Google Chrome\";v=\"149\", \"Chromium\";v=\"149\", \"Not)A;Brand\";v=\"24\"",
                "sec-ch-ua-mobile": "?0",
                "sec-ch-ua-platform": "\"macOS\"",
                "sec-fetch-dest": "empty",
                "sec-fetch-mode": "cors",
                "sec-fetch-site": "same-origin",
                "user-agent": "Mozilla/5.0 (Macintosh; Intel Mac OS X 10_15_7) AppleWebKit/537.36 (KHTML, like Gecko) Chrome/149.0.0.0 Safari/537.36",
                "x-forwarded-proto": "https",
                "x-real-ip": "188.86.247.78"
            },
            "cf": {
                "httpProtocol": "HTTP/3",
                "clientAcceptEncoding": "gzip, deflate, br",
                "requestPriority": "",
                "edgeRequestKeepAliveStatus": 1,
                "requestHeaderNames": {},
                "clientTcpRtt": 0,
                "clientQuicRtt": 29,
                "colo": "MAD",
                "asn": 12430,
                "asOrganization": "VODAFONE ESPANA, S.A.U",
                "country": "ES",
                "isEUCountry": "1",
                "city": "Madrid",
                "continent": "EU",
                "region": "Madrid",
                "regionCode": "MD",
                "timezone": "Europe/Madrid",
                "longitude": "-3.70256",
                "latitude": "40.4165",
                "postalCode": "28004",
                "tlsVersion": "TLSv1.3",
                "tlsCipher": "AEAD-AES128-GCM-SHA256",
                "tlsClientRandom": "MTR/VrdDTsWwLk6+a6medcGuTgM46+l+PN7QJbUzssY=",
                "tlsClientCiphersSha1": "3HTt3+R/6BL3zeALJDSq0pR1yOQ=",
                "tlsClientExtensionsSha1": "93pnLPs+ozaBzpwu7mDnjA2PRo4=",
                "tlsClientExtensionsSha1Le": "X7qkEoKDVK/pSQ7uCMMewQmugQQ=",
                "tlsClientHelloLength": "1740",
                "tlsClientAuth": {
                    "certPresented": "0",
                    "certVerified": "NONE",
                    "certRevoked": "0",
                    "certIssuerDN": "",
                    "certSubjectDN": "",
                    "certIssuerDNRFC2253": "",
                    "certSubjectDNRFC2253": "",
                    "certIssuerDNLegacy": "",
                    "certSubjectDNLegacy": "",
                    "certSerial": "",
                    "certIssuerSerial": "",
                    "certSKI": "",
                    "certIssuerSKI": "",
                    "certFingerprintSHA1": "",
                    "certFingerprintSHA256": "",
                    "certNotBefore": "",
                    "certNotAfter": "",
                    "certRFC9440": "",
                    "certRFC9440TooLarge": false,
                    "certChainRFC9440": "",
                    "certChainRFC9440TooLarge": false
                },
                "verifiedBotCategory": "",
                "edgeL4": {
                    "deliveryRate": 10983653
                }
            }
        },
        "response": {
            "status": 200
        }
    }
}
{
    "wallTime": 79,
    "cpuTime": 1,
    "truncated": false,
    "executionModel": "stateless",
    "outcome": "ok",
    "scriptTags": [
        "cf:service=grupo-eye-staff"
    ],
    "scriptVersion": {
        "id": "3c658acb-3c0a-4f6c-999e-21a279335e47"
    },
    "scriptName": "grupo-eye-staff",
    "diagnosticsChannelEvents": [],
    "exceptions": [],
    "logs": [],
    "eventTimestamp": 1782506094892,
    "event": {
        "request": {
            "url": "https://eye-staff.app/api/staff/live-locations?t=1782506094803",
            "method": "GET",
            "headers": {
                "accept": "*/*",
                "accept-encoding": "gzip, br",
                "accept-language": "es-ES,es;q=0.9,en;q=0.8",
                "authorization": "REDACTED",
                "cache-control": "no-cache",
                "cf-connecting-ip": "188.86.247.78",
                "cf-ipcountry": "ES",
                "cf-ray": "a11efed50affc69e",
                "cf-visitor": "{\"scheme\":\"https\"}",
                "connection": "Keep-Alive",
                "content-type": "application/json",
                "host": "eye-staff.app",
                "pragma": "no-cache",
                "priority": "u=1, i",
                "referer": "https://eye-staff.app/",
                "sec-ch-ua": "\"Google Chrome\";v=\"149\", \"Chromium\";v=\"149\", \"Not)A;Brand\";v=\"24\"",
                "sec-ch-ua-mobile": "?0",
                "sec-ch-ua-platform": "\"macOS\"",
                "sec-fetch-dest": "empty",
                "sec-fetch-mode": "cors",
                "sec-fetch-site": "same-origin",
                "user-agent": "Mozilla/5.0 (Macintosh; Intel Mac OS X 10_15_7) AppleWebKit/537.36 (KHTML, like Gecko) Chrome/149.0.0.0 Safari/537.36",
                "x-forwarded-proto": "https",
                "x-real-ip": "188.86.247.78",
                "x-web-session-id": "1778900541741"
            },
            "cf": {
                "httpProtocol": "HTTP/3",
                "clientAcceptEncoding": "gzip, deflate, br",
                "requestPriority": "",
                "edgeRequestKeepAliveStatus": 1,
                "requestHeaderNames": {},
                "clientTcpRtt": 0,
                "clientQuicRtt": 27,
                "colo": "MAD",
                "asn": 12430,
                "asOrganization": "VODAFONE ESPANA, S.A.U",
                "country": "ES",
                "isEUCountry": "1",
                "city": "Madrid",
                "continent": "EU",
                "region": "Madrid",
                "regionCode": "MD",
                "timezone": "Europe/Madrid",
                "longitude": "-3.70256",
                "latitude": "40.4165",
                "postalCode": "28004",
                "tlsVersion": "TLSv1.3",
                "tlsCipher": "AEAD-AES128-GCM-SHA256",
                "tlsClientRandom": "MTR/VrdDTsWwLk6+a6medcGuTgM46+l+PN7QJbUzssY=",
                "tlsClientCiphersSha1": "3HTt3+R/6BL3zeALJDSq0pR1yOQ=",
                "tlsClientExtensionsSha1": "93pnLPs+ozaBzpwu7mDnjA2PRo4=",
                "tlsClientExtensionsSha1Le": "X7qkEoKDVK/pSQ7uCMMewQmugQQ=",
                "tlsClientHelloLength": "1740",
                "tlsClientAuth": {
                    "certPresented": "0",
                    "certVerified": "NONE",
                    "certRevoked": "0",
                    "certIssuerDN": "",
                    "certSubjectDN": "",
                    "certIssuerDNRFC2253": "",
                    "certSubjectDNRFC2253": "",
                    "certIssuerDNLegacy": "",
                    "certSubjectDNLegacy": "",
                    "certSerial": "",
                    "certIssuerSerial": "",
                    "certSKI": "",
                    "certIssuerSKI": "",
                    "certFingerprintSHA1": "",
                    "certFingerprintSHA256": "",
                    "certNotBefore": "",
                    "certNotAfter": "",
                    "certRFC9440": "",
                    "certRFC9440TooLarge": false,
                    "certChainRFC9440": "",
                    "certChainRFC9440TooLarge": false
                },
                "verifiedBotCategory": "",
                "edgeL4": {
                    "deliveryRate": 10983653
                }
            }
        },
        "response": {
            "status": 200
        }
    }
}
{
    "wallTime": 1503,
    "cpuTime": 15,
    "truncated": false,
    "executionModel": "stateless",
    "outcome": "ok",
    "scriptTags": [
        "cf:service=grupo-eye-staff"
    ],
    "scriptVersion": {
        "id": "3c658acb-3c0a-4f6c-999e-21a279335e47"
    },
    "scriptName": "grupo-eye-staff",
    "diagnosticsChannelEvents": [],
    "exceptions": [],
    "logs": [],
    "eventTimestamp": 1782506099885,
    "event": {
        "request": {
            "url": "https://eye-staff.app/api/chat/conversations",
            "method": "GET",
            "headers": {
                "accept": "*/*",
                "accept-encoding": "gzip, br",
                "accept-language": "es-ES,es;q=0.9,en;q=0.8",
                "authorization": "REDACTED",
                "cf-connecting-ip": "188.86.247.78",
                "cf-ipcountry": "ES",
                "cf-ray": "a11efef44f75c69e",
                "cf-visitor": "{\"scheme\":\"https\"}",
                "connection": "Keep-Alive",
                "host": "eye-staff.app",
                "priority": "u=1, i",
                "referer": "https://eye-staff.app/",
                "sec-ch-ua": "\"Google Chrome\";v=\"149\", \"Chromium\";v=\"149\", \"Not)A;Brand\";v=\"24\"",
                "sec-ch-ua-mobile": "?0",
                "sec-ch-ua-platform": "\"macOS\"",
                "sec-fetch-dest": "empty",
                "sec-fetch-mode": "cors",
                "sec-fetch-site": "same-origin",
                "user-agent": "Mozilla/5.0 (Macintosh; Intel Mac OS X 10_15_7) AppleWebKit/537.36 (KHTML, like Gecko) Chrome/149.0.0.0 Safari/537.36",
                "x-forwarded-proto": "https",
                "x-real-ip": "188.86.247.78"
            },
            "cf": {
                "httpProtocol": "HTTP/3",
                "clientAcceptEncoding": "gzip, deflate, br",
                "requestPriority": "",
                "edgeRequestKeepAliveStatus": 1,
                "requestHeaderNames": {},
                "clientTcpRtt": 0,
                "clientQuicRtt": 24,
                "colo": "MAD",
                "asn": 12430,
                "asOrganization": "VODAFONE ESPANA, S.A.U",
                "country": "ES",
                "isEUCountry": "1",
                "city": "Madrid",
                "continent": "EU",
                "region": "Madrid",
                "regionCode": "MD",
                "timezone": "Europe/Madrid",
                "longitude": "-3.70256",
                "latitude": "40.4165",
                "postalCode": "28004",
                "tlsVersion": "TLSv1.3",
                "tlsCipher": "AEAD-AES128-GCM-SHA256",
                "tlsClientRandom": "MTR/VrdDTsWwLk6+a6medcGuTgM46+l+PN7QJbUzssY=",
                "tlsClientCiphersSha1": "3HTt3+R/6BL3zeALJDSq0pR1yOQ=",
                "tlsClientExtensionsSha1": "93pnLPs+ozaBzpwu7mDnjA2PRo4=",
                "tlsClientExtensionsSha1Le": "X7qkEoKDVK/pSQ7uCMMewQmugQQ=",
                "tlsClientHelloLength": "1740",
                "tlsClientAuth": {
                    "certPresented": "0",
                    "certVerified": "NONE",
                    "certRevoked": "0",
                    "certIssuerDN": "",
                    "certSubjectDN": "",
                    "certIssuerDNRFC2253": "",
                    "certSubjectDNRFC2253": "",
                    "certIssuerDNLegacy": "",
                    "certSubjectDNLegacy": "",
                    "certSerial": "",
                    "certIssuerSerial": "",
                    "certSKI": "",
                    "certIssuerSKI": "",
                    "certFingerprintSHA1": "",
                    "certFingerprintSHA256": "",
                    "certNotBefore": "",
                    "certNotAfter": "",
                    "certRFC9440": "",
                    "certRFC9440TooLarge": false,
                    "certChainRFC9440": "",
                    "certChainRFC9440TooLarge": false
                },
                "verifiedBotCategory": "",
                "edgeL4": {
                    "deliveryRate": 10983653
                }
            }
        },
        "response": {
            "status": 200
        }
    }
}
{
    "wallTime": 89,
    "cpuTime": 1,
    "truncated": false,
    "executionModel": "stateless",
    "outcome": "ok",
    "scriptTags": [
        "cf:service=grupo-eye-staff"
    ],
    "scriptVersion": {
        "id": "3c658acb-3c0a-4f6c-999e-21a279335e47"
    },
    "scriptName": "grupo-eye-staff",
    "diagnosticsChannelEvents": [],
    "exceptions": [],
    "logs": [],
    "eventTimestamp": 1782506109888,
    "event": {
        "request": {
            "url": "https://eye-staff.app/api/staff/live-locations?t=1782506109801",
            "method": "GET",
            "headers": {
                "accept": "*/*",
                "accept-encoding": "gzip, br",
                "accept-language": "es-ES,es;q=0.9,en;q=0.8",
                "authorization": "REDACTED",
                "cache-control": "no-cache",
                "cf-connecting-ip": "188.86.247.78",
                "cf-ipcountry": "ES",
                "cf-ray": "a11eff32c9fac69e",
                "cf-visitor": "{\"scheme\":\"https\"}",
                "connection": "Keep-Alive",
                "content-type": "application/json",
                "host": "eye-staff.app",
                "pragma": "no-cache",
                "priority": "u=1, i",
                "referer": "https://eye-staff.app/",
                "sec-ch-ua": "\"Google Chrome\";v=\"149\", \"Chromium\";v=\"149\", \"Not)A;Brand\";v=\"24\"",
                "sec-ch-ua-mobile": "?0",
                "sec-ch-ua-platform": "\"macOS\"",
                "sec-fetch-dest": "empty",
                "sec-fetch-mode": "cors",
                "sec-fetch-site": "same-origin",
                "user-agent": "Mozilla/5.0 (Macintosh; Intel Mac OS X 10_15_7) AppleWebKit/537.36 (KHTML, like Gecko) Chrome/149.0.0.0 Safari/537.36",
                "x-forwarded-proto": "https",
                "x-real-ip": "188.86.247.78",
                "x-web-session-id": "1778900541741"
            },
            "cf": {
                "httpProtocol": "HTTP/3",
                "clientAcceptEncoding": "gzip, deflate, br",
                "requestPriority": "",
                "edgeRequestKeepAliveStatus": 1,
                "requestHeaderNames": {},
                "clientTcpRtt": 0,
                "clientQuicRtt": 22,
                "colo": "MAD",
                "asn": 12430,
                "asOrganization": "VODAFONE ESPANA, S.A.U",
                "country": "ES",
                "isEUCountry": "1",
                "city": "Madrid",
                "continent": "EU",
                "region": "Madrid",
                "regionCode": "MD",
                "timezone": "Europe/Madrid",
                "longitude": "-3.70256",
                "latitude": "40.4165",
                "postalCode": "28004",
                "tlsVersion": "TLSv1.3",
                "tlsCipher": "AEAD-AES128-GCM-SHA256",
                "tlsClientRandom": "MTR/VrdDTsWwLk6+a6medcGuTgM46+l+PN7QJbUzssY=",
                "tlsClientCiphersSha1": "3HTt3+R/6BL3zeALJDSq0pR1yOQ=",
                "tlsClientExtensionsSha1": "93pnLPs+ozaBzpwu7mDnjA2PRo4=",
                "tlsClientExtensionsSha1Le": "X7qkEoKDVK/pSQ7uCMMewQmugQQ=",
                "tlsClientHelloLength": "1740",
                "tlsClientAuth": {
                    "certPresented": "0",
                    "certVerified": "NONE",
                    "certRevoked": "0",
                    "certIssuerDN": "",
                    "certSubjectDN": "",
                    "certIssuerDNRFC2253": "",
                    "certSubjectDNRFC2253": "",
                    "certIssuerDNLegacy": "",
                    "certSubjectDNLegacy": "",
                    "certSerial": "",
                    "certIssuerSerial": "",
                    "certSKI": "",
                    "certIssuerSKI": "",
                    "certFingerprintSHA1": "",
                    "certFingerprintSHA256": "",
                    "certNotBefore": "",
                    "certNotAfter": "",
                    "certRFC9440": "",
                    "certRFC9440TooLarge": false,
                    "certChainRFC9440": "",
                    "certChainRFC9440TooLarge": false
                },
                "verifiedBotCategory": "",
                "edgeL4": {
                    "deliveryRate": 10983653
                }
            }
        },
        "response": {
            "status": 200
        }
    }
}
{
    "wallTime": 1436,
    "cpuTime": 14,
    "truncated": false,
    "executionModel": "stateless",
    "outcome": "ok",
    "scriptTags": [
        "cf:service=grupo-eye-staff"
    ],
    "scriptVersion": {
        "id": "3c658acb-3c0a-4f6c-999e-21a279335e47"
    },
    "scriptName": "grupo-eye-staff",
    "diagnosticsChannelEvents": [],
    "exceptions": [],
    "logs": [],
    "eventTimestamp": 1782506109887,
    "event": {
        "request": {
            "url": "https://eye-staff.app/api/chat/conversations",
            "method": "GET",
            "headers": {
                "accept": "*/*",
                "accept-encoding": "gzip, br",
                "accept-language": "es-ES,es;q=0.9,en;q=0.8",
                "authorization": "REDACTED",
                "cf-connecting-ip": "188.86.247.78",
                "cf-ipcountry": "ES",
                "cf-ray": "a11eff32c9f9c69e",
                "cf-visitor": "{\"scheme\":\"https\"}",
                "connection": "Keep-Alive",
                "host": "eye-staff.app",
                "priority": "u=1, i",
                "referer": "https://eye-staff.app/",
                "sec-ch-ua": "\"Google Chrome\";v=\"149\", \"Chromium\";v=\"149\", \"Not)A;Brand\";v=\"24\"",
                "sec-ch-ua-mobile": "?0",
                "sec-ch-ua-platform": "\"macOS\"",
                "sec-fetch-dest": "empty",
                "sec-fetch-mode": "cors",
                "sec-fetch-site": "same-origin",
                "user-agent": "Mozilla/5.0 (Macintosh; Intel Mac OS X 10_15_7) AppleWebKit/537.36 (KHTML, like Gecko) Chrome/149.0.0.0 Safari/537.36",
                "x-forwarded-proto": "https",
                "x-real-ip": "188.86.247.78"
            },
            "cf": {
                "httpProtocol": "HTTP/3",
                "clientAcceptEncoding": "gzip, deflate, br",
                "requestPriority": "",
                "edgeRequestKeepAliveStatus": 1,
                "requestHeaderNames": {},
                "clientTcpRtt": 0,
                "clientQuicRtt": 22,
                "colo": "MAD",
                "asn": 12430,
                "asOrganization": "VODAFONE ESPANA, S.A.U",
                "country": "ES",
                "isEUCountry": "1",
                "city": "Madrid",
                "continent": "EU",
                "region": "Madrid",
                "regionCode": "MD",
                "timezone": "Europe/Madrid",
                "longitude": "-3.70256",
                "latitude": "40.4165",
                "postalCode": "28004",
                "tlsVersion": "TLSv1.3",
                "tlsCipher": "AEAD-AES128-GCM-SHA256",
                "tlsClientRandom": "MTR/VrdDTsWwLk6+a6medcGuTgM46+l+PN7QJbUzssY=",
                "tlsClientCiphersSha1": "3HTt3+R/6BL3zeALJDSq0pR1yOQ=",
                "tlsClientExtensionsSha1": "93pnLPs+ozaBzpwu7mDnjA2PRo4=",
                "tlsClientExtensionsSha1Le": "X7qkEoKDVK/pSQ7uCMMewQmugQQ=",
                "tlsClientHelloLength": "1740",
                "tlsClientAuth": {
                    "certPresented": "0",
                    "certVerified": "NONE",
                    "certRevoked": "0",
                    "certIssuerDN": "",
                    "certSubjectDN": "",
                    "certIssuerDNRFC2253": "",
                    "certSubjectDNRFC2253": "",
                    "certIssuerDNLegacy": "",
                    "certSubjectDNLegacy": "",
                    "certSerial": "",
                    "certIssuerSerial": "",
                    "certSKI": "",
                    "certIssuerSKI": "",
                    "certFingerprintSHA1": "",
                    "certFingerprintSHA256": "",
                    "certNotBefore": "",
                    "certNotAfter": "",
                    "certRFC9440": "",
                    "certRFC9440TooLarge": false,
                    "certChainRFC9440": "",
                    "certChainRFC9440TooLarge": false
                },
                "verifiedBotCategory": "",
                "edgeL4": {
                    "deliveryRate": 10983653
                }
            }
        },
        "response": {
            "status": 200
        }
    }
}
{
    "wallTime": 218,
    "cpuTime": 1,
    "truncated": false,
    "executionModel": "stateless",
    "outcome": "ok",
    "scriptTags": [
        "cf:service=grupo-eye-staff"
    ],
    "scriptVersion": {
        "id": "3c658acb-3c0a-4f6c-999e-21a279335e47"
    },
    "scriptName": "grupo-eye-staff",
    "diagnosticsChannelEvents": [],
    "exceptions": [],
    "logs": [
        {
            "message": [
                "[CRON] Revisando notificaciones para 2026-06-26 16:35..."
            ],
            "level": "log",
            "timestamp": 1782506115014
        }
    ],
    "eventTimestamp": 1782506115013,
    "event": {
        "cron": "* * * * *",
        "scheduledTime": 1782506114000
    }
}
{
    "wallTime": 1368,
    "cpuTime": 15,
    "truncated": false,
    "executionModel": "stateless",
    "outcome": "ok",
    "scriptTags": [
        "cf:service=grupo-eye-staff"
    ],
    "scriptVersion": {
        "id": "3c658acb-3c0a-4f6c-999e-21a279335e47"
    },
    "scriptName": "grupo-eye-staff",
    "diagnosticsChannelEvents": [],
    "exceptions": [],
    "logs": [],
    "eventTimestamp": 1782506119882,
    "event": {
        "request": {
            "url": "https://eye-staff.app/api/chat/conversations",
            "method": "GET",
            "headers": {
                "accept": "*/*",
                "accept-encoding": "gzip, br",
                "accept-language": "es-ES,es;q=0.9,en;q=0.8",
                "authorization": "REDACTED",
                "cf-connecting-ip": "188.86.247.78",
                "cf-ipcountry": "ES",
                "cf-ray": "a11eff713ae1c69e",
                "cf-visitor": "{\"scheme\":\"https\"}",
                "connection": "Keep-Alive",
                "host": "eye-staff.app",
                "priority": "u=1, i",
                "referer": "https://eye-staff.app/",
                "sec-ch-ua": "\"Google Chrome\";v=\"149\", \"Chromium\";v=\"149\", \"Not)A;Brand\";v=\"24\"",
                "sec-ch-ua-mobile": "?0",
                "sec-ch-ua-platform": "\"macOS\"",
                "sec-fetch-dest": "empty",
                "sec-fetch-mode": "cors",
                "sec-fetch-site": "same-origin",
                "user-agent": "Mozilla/5.0 (Macintosh; Intel Mac OS X 10_15_7) AppleWebKit/537.36 (KHTML, like Gecko) Chrome/149.0.0.0 Safari/537.36",
                "x-forwarded-proto": "https",
                "x-real-ip": "188.86.247.78"
            },
            "cf": {
                "httpProtocol": "HTTP/3",
                "clientAcceptEncoding": "gzip, deflate, br",
                "requestPriority": "",
                "edgeRequestKeepAliveStatus": 1,
                "requestHeaderNames": {},
                "clientTcpRtt": 0,
                "clientQuicRtt": 19,
                "colo": "MAD",
                "asn": 12430,
                "asOrganization": "VODAFONE ESPANA, S.A.U",
                "country": "ES",
                "isEUCountry": "1",
                "city": "Madrid",
                "continent": "EU",
                "region": "Madrid",
                "regionCode": "MD",
                "timezone": "Europe/Madrid",
                "longitude": "-3.70256",
                "latitude": "40.4165",
                "postalCode": "28004",
                "tlsVersion": "TLSv1.3",
                "tlsCipher": "AEAD-AES128-GCM-SHA256",
                "tlsClientRandom": "MTR/VrdDTsWwLk6+a6medcGuTgM46+l+PN7QJbUzssY=",
                "tlsClientCiphersSha1": "3HTt3+R/6BL3zeALJDSq0pR1yOQ=",
                "tlsClientExtensionsSha1": "93pnLPs+ozaBzpwu7mDnjA2PRo4=",
                "tlsClientExtensionsSha1Le": "X7qkEoKDVK/pSQ7uCMMewQmugQQ=",
                "tlsClientHelloLength": "1740",
                "tlsClientAuth": {
                    "certPresented": "0",
                    "certVerified": "NONE",
                    "certRevoked": "0",
                    "certIssuerDN": "",
                    "certSubjectDN": "",
                    "certIssuerDNRFC2253": "",
                    "certSubjectDNRFC2253": "",
                    "certIssuerDNLegacy": "",
                    "certSubjectDNLegacy": "",
                    "certSerial": "",
                    "certIssuerSerial": "",
                    "certSKI": "",
                    "certIssuerSKI": "",
                    "certFingerprintSHA1": "",
                    "certFingerprintSHA256": "",
                    "certNotBefore": "",
                    "certNotAfter": "",
                    "certRFC9440": "",
                    "certRFC9440TooLarge": false,
                    "certChainRFC9440": "",
                    "certChainRFC9440TooLarge": false
                },
                "verifiedBotCategory": "",
                "edgeL4": {
                    "deliveryRate": 10983653
                }
            }
        },
        "response": {
            "status": 200
        }
    }
}
{
    "wallTime": 108,
    "cpuTime": 1,
    "truncated": false,
    "executionModel": "stateless",
    "outcome": "ok",
    "scriptTags": [
        "cf:service=grupo-eye-staff"
    ],
    "scriptVersion": {
        "id": "3c658acb-3c0a-4f6c-999e-21a279335e47"
    },
    "scriptName": "grupo-eye-staff",
    "diagnosticsChannelEvents": [],
    "exceptions": [],
    "logs": [],
    "eventTimestamp": 1782506124893,
    "event": {
        "request": {
            "url": "https://eye-staff.app/api/staff/live-locations?t=1782506124803",
            "method": "GET",
            "headers": {
                "accept": "*/*",
                "accept-encoding": "gzip, br",
                "accept-language": "es-ES,es;q=0.9,en;q=0.8",
                "authorization": "REDACTED",
                "cache-control": "no-cache",
                "cf-connecting-ip": "188.86.247.78",
                "cf-ipcountry": "ES",
                "cf-ray": "a11eff908f28c69e",
                "cf-visitor": "{\"scheme\":\"https\"}",
                "connection": "Keep-Alive",
                "content-type": "application/json",
                "host": "eye-staff.app",
                "pragma": "no-cache",
                "priority": "u=1, i",
                "referer": "https://eye-staff.app/",
                "sec-ch-ua": "\"Google Chrome\";v=\"149\", \"Chromium\";v=\"149\", \"Not)A;Brand\";v=\"24\"",
                "sec-ch-ua-mobile": "?0",
                "sec-ch-ua-platform": "\"macOS\"",
                "sec-fetch-dest": "empty",
                "sec-fetch-mode": "cors",
                "sec-fetch-site": "same-origin",
                "user-agent": "Mozilla/5.0 (Macintosh; Intel Mac OS X 10_15_7) AppleWebKit/537.36 (KHTML, like Gecko) Chrome/149.0.0.0 Safari/537.36",
                "x-forwarded-proto": "https",
                "x-real-ip": "188.86.247.78",
                "x-web-session-id": "1778900541741"
            },
            "cf": {
                "httpProtocol": "HTTP/3",
                "clientAcceptEncoding": "gzip, deflate, br",
                "requestPriority": "",
                "edgeRequestKeepAliveStatus": 1,
                "requestHeaderNames": {},
                "clientTcpRtt": 0,
                "clientQuicRtt": 20,
                "colo": "MAD",
                "asn": 12430,
                "asOrganization": "VODAFONE ESPANA, S.A.U",
                "country": "ES",
                "isEUCountry": "1",
                "city": "Madrid",
                "continent": "EU",
                "region": "Madrid",
                "regionCode": "MD",
                "timezone": "Europe/Madrid",
                "longitude": "-3.70256",
                "latitude": "40.4165",
                "postalCode": "28004",
                "tlsVersion": "TLSv1.3",
                "tlsCipher": "AEAD-AES128-GCM-SHA256",
                "tlsClientRandom": "MTR/VrdDTsWwLk6+a6medcGuTgM46+l+PN7QJbUzssY=",
                "tlsClientCiphersSha1": "3HTt3+R/6BL3zeALJDSq0pR1yOQ=",
                "tlsClientExtensionsSha1": "93pnLPs+ozaBzpwu7mDnjA2PRo4=",
                "tlsClientExtensionsSha1Le": "X7qkEoKDVK/pSQ7uCMMewQmugQQ=",
                "tlsClientHelloLength": "1740",
                "tlsClientAuth": {
                    "certPresented": "0",
                    "certVerified": "NONE",
                    "certRevoked": "0",
                    "certIssuerDN": "",
                    "certSubjectDN": "",
                    "certIssuerDNRFC2253": "",
                    "certSubjectDNRFC2253": "",
                    "certIssuerDNLegacy": "",
                    "certSubjectDNLegacy": "",
                    "certSerial": "",
                    "certIssuerSerial": "",
                    "certSKI": "",
                    "certIssuerSKI": "",
                    "certFingerprintSHA1": "",
                    "certFingerprintSHA256": "",
                    "certNotBefore": "",
                    "certNotAfter": "",
                    "certRFC9440": "",
                    "certRFC9440TooLarge": false,
                    "certChainRFC9440": "",
                    "certChainRFC9440TooLarge": false
                },
                "verifiedBotCategory": "",
                "edgeL4": {
                    "deliveryRate": 10983653
                }
            }
        },
        "response": {
            "status": 200
        }
    }
}
{
    "wallTime": 1440,
    "cpuTime": 14,
    "truncated": false,
    "executionModel": "stateless",
    "outcome": "ok",
    "scriptTags": [
        "cf:service=grupo-eye-staff"
    ],
    "scriptVersion": {
        "id": "3c658acb-3c0a-4f6c-999e-21a279335e47"
    },
    "scriptName": "grupo-eye-staff",
    "diagnosticsChannelEvents": [],
    "exceptions": [],
    "logs": [],
    "eventTimestamp": 1782506129888,
    "event": {
        "request": {
            "url": "https://eye-staff.app/api/chat/conversations",
            "method": "GET",
            "headers": {
                "accept": "*/*",
                "accept-encoding": "gzip, br",
                "accept-language": "es-ES,es;q=0.9,en;q=0.8",
                "authorization": "REDACTED",
                "cf-connecting-ip": "188.86.247.78",
                "cf-ipcountry": "ES",
                "cf-ray": "a11effafcbe5c69e",
                "cf-visitor": "{\"scheme\":\"https\"}",
                "connection": "Keep-Alive",
                "host": "eye-staff.app",
                "priority": "u=1, i",
                "referer": "https://eye-staff.app/",
                "sec-ch-ua": "\"Google Chrome\";v=\"149\", \"Chromium\";v=\"149\", \"Not)A;Brand\";v=\"24\"",
                "sec-ch-ua-mobile": "?0",
                "sec-ch-ua-platform": "\"macOS\"",
                "sec-fetch-dest": "empty",
                "sec-fetch-mode": "cors",
                "sec-fetch-site": "same-origin",
                "user-agent": "Mozilla/5.0 (Macintosh; Intel Mac OS X 10_15_7) AppleWebKit/537.36 (KHTML, like Gecko) Chrome/149.0.0.0 Safari/537.36",
                "x-forwarded-proto": "https",
                "x-real-ip": "188.86.247.78"
            },
            "cf": {
                "httpProtocol": "HTTP/3",
                "clientAcceptEncoding": "gzip, deflate, br",
                "requestPriority": "",
                "edgeRequestKeepAliveStatus": 1,
                "requestHeaderNames": {},
                "clientTcpRtt": 0,
                "clientQuicRtt": 19,
                "colo": "MAD",
                "asn": 12430,
                "asOrganization": "VODAFONE ESPANA, S.A.U",
                "country": "ES",
                "isEUCountry": "1",
                "city": "Madrid",
                "continent": "EU",
                "region": "Madrid",
                "regionCode": "MD",
                "timezone": "Europe/Madrid",
                "longitude": "-3.70256",
                "latitude": "40.4165",
                "postalCode": "28004",
                "tlsVersion": "TLSv1.3",
                "tlsCipher": "AEAD-AES128-GCM-SHA256",
                "tlsClientRandom": "MTR/VrdDTsWwLk6+a6medcGuTgM46+l+PN7QJbUzssY=",
                "tlsClientCiphersSha1": "3HTt3+R/6BL3zeALJDSq0pR1yOQ=",
                "tlsClientExtensionsSha1": "93pnLPs+ozaBzpwu7mDnjA2PRo4=",
                "tlsClientExtensionsSha1Le": "X7qkEoKDVK/pSQ7uCMMewQmugQQ=",
                "tlsClientHelloLength": "1740",
                "tlsClientAuth": {
                    "certPresented": "0",
                    "certVerified": "NONE",
                    "certRevoked": "0",
                    "certIssuerDN": "",
                    "certSubjectDN": "",
                    "certIssuerDNRFC2253": "",
                    "certSubjectDNRFC2253": "",
                    "certIssuerDNLegacy": "",
                    "certSubjectDNLegacy": "",
                    "certSerial": "",
                    "certIssuerSerial": "",
                    "certSKI": "",
                    "certIssuerSKI": "",
                    "certFingerprintSHA1": "",
                    "certFingerprintSHA256": "",
                    "certNotBefore": "",
                    "certNotAfter": "",
                    "certRFC9440": "",
                    "certRFC9440TooLarge": false,
                    "certChainRFC9440": "",
                    "certChainRFC9440TooLarge": false
                },
                "verifiedBotCategory": "",
                "edgeL4": {
                    "deliveryRate": 10983653
                }
            }
        },
        "response": {
            "status": 200
        }
    }
}
{
    "wallTime": 86,
    "cpuTime": 1,
    "truncated": false,
    "executionModel": "stateless",
    "outcome": "ok",
    "scriptTags": [
        "cf:service=grupo-eye-staff"
    ],
    "scriptVersion": {
        "id": "3c658acb-3c0a-4f6c-999e-21a279335e47"
    },
    "scriptName": "grupo-eye-staff",
    "diagnosticsChannelEvents": [],
    "exceptions": [],
    "logs": [],
    "eventTimestamp": 1782506139889,
    "event": {
        "request": {
            "url": "https://eye-staff.app/api/staff/live-locations?t=1782506139801",
            "method": "GET",
            "headers": {
                "accept": "*/*",
                "accept-encoding": "gzip, br",
                "accept-language": "es-ES,es;q=0.9,en;q=0.8",
                "authorization": "REDACTED",
                "cache-control": "no-cache",
                "cf-connecting-ip": "188.86.247.78",
                "cf-ipcountry": "ES",
                "cf-ray": "a11effee4e28c69e",
                "cf-visitor": "{\"scheme\":\"https\"}",
                "connection": "Keep-Alive",
                "content-type": "application/json",
                "host": "eye-staff.app",
                "pragma": "no-cache",
                "priority": "u=1, i",
                "referer": "https://eye-staff.app/",
                "sec-ch-ua": "\"Google Chrome\";v=\"149\", \"Chromium\";v=\"149\", \"Not)A;Brand\";v=\"24\"",
                "sec-ch-ua-mobile": "?0",
                "sec-ch-ua-platform": "\"macOS\"",
                "sec-fetch-dest": "empty",
                "sec-fetch-mode": "cors",
                "sec-fetch-site": "same-origin",
                "user-agent": "Mozilla/5.0 (Macintosh; Intel Mac OS X 10_15_7) AppleWebKit/537.36 (KHTML, like Gecko) Chrome/149.0.0.0 Safari/537.36",
                "x-forwarded-proto": "https",
                "x-real-ip": "188.86.247.78",
                "x-web-session-id": "1778900541741"
            },
            "cf": {
                "httpProtocol": "HTTP/3",
                "clientAcceptEncoding": "gzip, deflate, br",
                "requestPriority": "",
                "edgeRequestKeepAliveStatus": 1,
                "requestHeaderNames": {},
                "clientTcpRtt": 0,
                "clientQuicRtt": 17,
                "colo": "MAD",
                "asn": 12430,
                "asOrganization": "VODAFONE ESPANA, S.A.U",
                "country": "ES",
                "isEUCountry": "1",
                "city": "Madrid",
                "continent": "EU",
                "region": "Madrid",
                "regionCode": "MD",
                "timezone": "Europe/Madrid",
                "longitude": "-3.70256",
                "latitude": "40.4165",
                "postalCode": "28004",
                "tlsVersion": "TLSv1.3",
                "tlsCipher": "AEAD-AES128-GCM-SHA256",
                "tlsClientRandom": "MTR/VrdDTsWwLk6+a6medcGuTgM46+l+PN7QJbUzssY=",
                "tlsClientCiphersSha1": "3HTt3+R/6BL3zeALJDSq0pR1yOQ=",
                "tlsClientExtensionsSha1": "93pnLPs+ozaBzpwu7mDnjA2PRo4=",
                "tlsClientExtensionsSha1Le": "X7qkEoKDVK/pSQ7uCMMewQmugQQ=",
                "tlsClientHelloLength": "1740",
                "tlsClientAuth": {
                    "certPresented": "0",
                    "certVerified": "NONE",
                    "certRevoked": "0",
                    "certIssuerDN": "",
                    "certSubjectDN": "",
                    "certIssuerDNRFC2253": "",
                    "certSubjectDNRFC2253": "",
                    "certIssuerDNLegacy": "",
                    "certSubjectDNLegacy": "",
                    "certSerial": "",
                    "certIssuerSerial": "",
                    "certSKI": "",
                    "certIssuerSKI": "",
                    "certFingerprintSHA1": "",
                    "certFingerprintSHA256": "",
                    "certNotBefore": "",
                    "certNotAfter": "",
                    "certRFC9440": "",
                    "certRFC9440TooLarge": false,
                    "certChainRFC9440": "",
                    "certChainRFC9440TooLarge": false
                },
                "verifiedBotCategory": "",
                "edgeL4": {
                    "deliveryRate": 10983653
                }
            }
        },
        "response": {
            "status": 200
        }
    }
}
{
    "wallTime": 396,
    "cpuTime": 4,
    "truncated": false,
    "executionModel": "stateless",
    "outcome": "ok",
    "scriptTags": [
        "cf:service=grupo-eye-staff"
    ],
    "scriptVersion": {
        "id": "3c658acb-3c0a-4f6c-999e-21a279335e47"
    },
    "scriptName": "grupo-eye-staff",
    "diagnosticsChannelEvents": [],
    "exceptions": [],
    "logs": [],
    "eventTimestamp": 1782506139890,
    "event": {
        "request": {
            "url": "https://eye-staff.app/api/sessions/active?t=1782506139801",
            "method": "GET",
            "headers": {
                "accept": "*/*",
                "accept-encoding": "gzip, br",
                "accept-language": "es-ES,es;q=0.9,en;q=0.8",
                "authorization": "REDACTED",
                "cache-control": "no-cache",
                "cf-connecting-ip": "188.86.247.78",
                "cf-ipcountry": "ES",
                "cf-ray": "a11effee4e29c69e",
                "cf-visitor": "{\"scheme\":\"https\"}",
                "connection": "Keep-Alive",
                "content-type": "application/json",
                "host": "eye-staff.app",
                "pragma": "no-cache",
                "priority": "u=1, i",
                "referer": "https://eye-staff.app/",
                "sec-ch-ua": "\"Google Chrome\";v=\"149\", \"Chromium\";v=\"149\", \"Not)A;Brand\";v=\"24\"",
                "sec-ch-ua-mobile": "?0",
                "sec-ch-ua-platform": "\"macOS\"",
                "sec-fetch-dest": "empty",
                "sec-fetch-mode": "cors",
                "sec-fetch-site": "same-origin",
                "user-agent": "Mozilla/5.0 (Macintosh; Intel Mac OS X 10_15_7) AppleWebKit/537.36 (KHTML, like Gecko) Chrome/149.0.0.0 Safari/537.36",
                "x-forwarded-proto": "https",
                "x-real-ip": "188.86.247.78",
                "x-web-session-id": "1778900541741"
            },
            "cf": {
                "httpProtocol": "HTTP/3",
                "clientAcceptEncoding": "gzip, deflate, br",
                "requestPriority": "",
                "edgeRequestKeepAliveStatus": 1,
                "requestHeaderNames": {},
                "clientTcpRtt": 0,
                "clientQuicRtt": 17,
                "colo": "MAD",
                "asn": 12430,
                "asOrganization": "VODAFONE ESPANA, S.A.U",
                "country": "ES",
                "isEUCountry": "1",
                "city": "Madrid",
                "continent": "EU",
                "region": "Madrid",
                "regionCode": "MD",
                "timezone": "Europe/Madrid",
                "longitude": "-3.70256",
                "latitude": "40.4165",
                "postalCode": "28004",
                "tlsVersion": "TLSv1.3",
                "tlsCipher": "AEAD-AES128-GCM-SHA256",
                "tlsClientRandom": "MTR/VrdDTsWwLk6+a6medcGuTgM46+l+PN7QJbUzssY=",
                "tlsClientCiphersSha1": "3HTt3+R/6BL3zeALJDSq0pR1yOQ=",
                "tlsClientExtensionsSha1": "93pnLPs+ozaBzpwu7mDnjA2PRo4=",
                "tlsClientExtensionsSha1Le": "X7qkEoKDVK/pSQ7uCMMewQmugQQ=",
                "tlsClientHelloLength": "1740",
                "tlsClientAuth": {
                    "certPresented": "0",
                    "certVerified": "NONE",
                    "certRevoked": "0",
                    "certIssuerDN": "",
                    "certSubjectDN": "",
                    "certIssuerDNRFC2253": "",
                    "certSubjectDNRFC2253": "",
                    "certIssuerDNLegacy": "",
                    "certSubjectDNLegacy": "",
                    "certSerial": "",
                    "certIssuerSerial": "",
                    "certSKI": "",
                    "certIssuerSKI": "",
                    "certFingerprintSHA1": "",
                    "certFingerprintSHA256": "",
                    "certNotBefore": "",
                    "certNotAfter": "",
                    "certRFC9440": "",
                    "certRFC9440TooLarge": false,
                    "certChainRFC9440": "",
                    "certChainRFC9440TooLarge": false
                },
                "verifiedBotCategory": "",
                "edgeL4": {
                    "deliveryRate": 10983653
                }
            }
        },
        "response": {
            "status": 200
        }
    }
}
{
    "wallTime": 953,
    "cpuTime": 8,
    "truncated": false,
    "executionModel": "stateless",
    "outcome": "ok",
    "scriptTags": [
        "cf:service=grupo-eye-staff"
    ],
    "scriptVersion": {
        "id": "3c658acb-3c0a-4f6c-999e-21a279335e47"
    },
    "scriptName": "grupo-eye-staff",
    "diagnosticsChannelEvents": [],
    "exceptions": [],
    "logs": [],
    "eventTimestamp": 1782506140367,
    "event": {
        "request": {
            "url": "https://eye-staff.app/api/sessions/concluded?t=1782506140281",
            "method": "GET",
            "headers": {
                "accept": "*/*",
                "accept-encoding": "gzip, br",
                "accept-language": "es-ES,es;q=0.9,en;q=0.8",
                "authorization": "REDACTED",
                "cache-control": "no-cache",
                "cf-connecting-ip": "188.86.247.78",
                "cf-ipcountry": "ES",
                "cf-ray": "a11efff14ea6c69e",
                "cf-visitor": "{\"scheme\":\"https\"}",
                "connection": "Keep-Alive",
                "content-type": "application/json",
                "host": "eye-staff.app",
                "pragma": "no-cache",
                "priority": "u=1, i",
                "referer": "https://eye-staff.app/",
                "sec-ch-ua": "\"Google Chrome\";v=\"149\", \"Chromium\";v=\"149\", \"Not)A;Brand\";v=\"24\"",
                "sec-ch-ua-mobile": "?0",
                "sec-ch-ua-platform": "\"macOS\"",
                "sec-fetch-dest": "empty",
                "sec-fetch-mode": "cors",
                "sec-fetch-site": "same-origin",
                "user-agent": "Mozilla/5.0 (Macintosh; Intel Mac OS X 10_15_7) AppleWebKit/537.36 (KHTML, like Gecko) Chrome/149.0.0.0 Safari/537.36",
                "x-forwarded-proto": "https",
                "x-real-ip": "188.86.247.78",
                "x-web-session-id": "1778900541741"
            },
            "cf": {
                "httpProtocol": "HTTP/3",
                "clientAcceptEncoding": "gzip, deflate, br",
                "requestPriority": "",
                "edgeRequestKeepAliveStatus": 1,
                "requestHeaderNames": {},
                "clientTcpRtt": 0,
                "clientQuicRtt": 28,
                "colo": "MAD",
                "asn": 12430,
                "asOrganization": "VODAFONE ESPANA, S.A.U",
                "country": "ES",
                "isEUCountry": "1",
                "city": "Madrid",
                "continent": "EU",
                "region": "Madrid",
                "regionCode": "MD",
                "timezone": "Europe/Madrid",
                "longitude": "-3.70256",
                "latitude": "40.4165",
                "postalCode": "28004",
                "tlsVersion": "TLSv1.3",
                "tlsCipher": "AEAD-AES128-GCM-SHA256",
                "tlsClientRandom": "MTR/VrdDTsWwLk6+a6medcGuTgM46+l+PN7QJbUzssY=",
                "tlsClientCiphersSha1": "3HTt3+R/6BL3zeALJDSq0pR1yOQ=",
                "tlsClientExtensionsSha1": "93pnLPs+ozaBzpwu7mDnjA2PRo4=",
                "tlsClientExtensionsSha1Le": "X7qkEoKDVK/pSQ7uCMMewQmugQQ=",
                "tlsClientHelloLength": "1740",
                "tlsClientAuth": {
                    "certPresented": "0",
                    "certVerified": "NONE",
                    "certRevoked": "0",
                    "certIssuerDN": "",
                    "certSubjectDN": "",
                    "certIssuerDNRFC2253": "",
                    "certSubjectDNRFC2253": "",
                    "certIssuerDNLegacy": "",
                    "certSubjectDNLegacy": "",
                    "certSerial": "",
                    "certIssuerSerial": "",
                    "certSKI": "",
                    "certIssuerSKI": "",
                    "certFingerprintSHA1": "",
                    "certFingerprintSHA256": "",
                    "certNotBefore": "",
                    "certNotAfter": "",
                    "certRFC9440": "",
                    "certRFC9440TooLarge": false,
                    "certChainRFC9440": "",
                    "certChainRFC9440TooLarge": false
                },
                "verifiedBotCategory": "",
                "edgeL4": {
                    "deliveryRate": 10983653
                }
            }
        },
        "response": {
            "status": 200
        }
    }
}
{
    "wallTime": 1475,
    "cpuTime": 14,
    "truncated": false,
    "executionModel": "stateless",
    "outcome": "ok",
    "scriptTags": [
        "cf:service=grupo-eye-staff"
    ],
    "scriptVersion": {
        "id": "3c658acb-3c0a-4f6c-999e-21a279335e47"
    },
    "scriptName": "grupo-eye-staff",
    "diagnosticsChannelEvents": [],
    "exceptions": [],
    "logs": [],
    "eventTimestamp": 1782506139888,
    "event": {
        "request": {
            "url": "https://eye-staff.app/api/chat/conversations",
            "method": "GET",
            "headers": {
                "accept": "*/*",
                "accept-encoding": "gzip, br",
                "accept-language": "es-ES,es;q=0.9,en;q=0.8",
                "authorization": "REDACTED",
                "cf-connecting-ip": "188.86.247.78",
                "cf-ipcountry": "ES",
                "cf-ray": "a11effee4e25c69e",
                "cf-visitor": "{\"scheme\":\"https\"}",
                "connection": "Keep-Alive",
                "host": "eye-staff.app",
                "priority": "u=1, i",
                "referer": "https://eye-staff.app/",
                "sec-ch-ua": "\"Google Chrome\";v=\"149\", \"Chromium\";v=\"149\", \"Not)A;Brand\";v=\"24\"",
                "sec-ch-ua-mobile": "?0",
                "sec-ch-ua-platform": "\"macOS\"",
                "sec-fetch-dest": "empty",
                "sec-fetch-mode": "cors",
                "sec-fetch-site": "same-origin",
                "user-agent": "Mozilla/5.0 (Macintosh; Intel Mac OS X 10_15_7) AppleWebKit/537.36 (KHTML, like Gecko) Chrome/149.0.0.0 Safari/537.36",
                "x-forwarded-proto": "https",
                "x-real-ip": "188.86.247.78"
            },
            "cf": {
                "httpProtocol": "HTTP/3",
                "clientAcceptEncoding": "gzip, deflate, br",
                "requestPriority": "",
                "edgeRequestKeepAliveStatus": 1,
                "requestHeaderNames": {},
                "clientTcpRtt": 0,
                "clientQuicRtt": 17,
                "colo": "MAD",
                "asn": 12430,
                "asOrganization": "VODAFONE ESPANA, S.A.U",
                "country": "ES",
                "isEUCountry": "1",
                "city": "Madrid",
                "continent": "EU",
                "region": "Madrid",
                "regionCode": "MD",
                "timezone": "Europe/Madrid",
                "longitude": "-3.70256",
                "latitude": "40.4165",
                "postalCode": "28004",
                "tlsVersion": "TLSv1.3",
                "tlsCipher": "AEAD-AES128-GCM-SHA256",
                "tlsClientRandom": "MTR/VrdDTsWwLk6+a6medcGuTgM46+l+PN7QJbUzssY=",
                "tlsClientCiphersSha1": "3HTt3+R/6BL3zeALJDSq0pR1yOQ=",
                "tlsClientExtensionsSha1": "93pnLPs+ozaBzpwu7mDnjA2PRo4=",
                "tlsClientExtensionsSha1Le": "X7qkEoKDVK/pSQ7uCMMewQmugQQ=",
                "tlsClientHelloLength": "1740",
                "tlsClientAuth": {
                    "certPresented": "0",
                    "certVerified": "NONE",
                    "certRevoked": "0",
                    "certIssuerDN": "",
                    "certSubjectDN": "",
                    "certIssuerDNRFC2253": "",
                    "certSubjectDNRFC2253": "",
                    "certIssuerDNLegacy": "",
                    "certSubjectDNLegacy": "",
                    "certSerial": "",
                    "certIssuerSerial": "",
                    "certSKI": "",
                    "certIssuerSKI": "",
                    "certFingerprintSHA1": "",
                    "certFingerprintSHA256": "",
                    "certNotBefore": "",
                    "certNotAfter": "",
                    "certRFC9440": "",
                    "certRFC9440TooLarge": false,
                    "certChainRFC9440": "",
                    "certChainRFC9440TooLarge": false
                },
                "verifiedBotCategory": "",
                "edgeL4": {
                    "deliveryRate": 10983653
                }
            }
        },
        "response": {
            "status": 200
        }
    }
}
{
    "wallTime": 38,
    "cpuTime": 1,
    "truncated": false,
    "executionModel": "stateless",
    "outcome": "ok",
    "scriptTags": [
        "cf:service=grupo-eye-staff"
    ],
    "scriptVersion": {
        "id": "3c658acb-3c0a-4f6c-999e-21a279335e47"
    },
    "scriptName": "grupo-eye-staff",
    "diagnosticsChannelEvents": [],
    "exceptions": [],
    "logs": [],
    "eventTimestamp": 1782506141366,
    "event": {
        "request": {
            "url": "https://eye-staff.app/api/presupuestos?t=1782506141255",
            "method": "GET",
            "headers": {
                "accept": "*/*",
                "accept-encoding": "gzip, br",
                "accept-language": "es-ES,es;q=0.9,en;q=0.8",
                "authorization": "REDACTED",
                "cache-control": "no-cache",
                "cf-connecting-ip": "188.86.247.78",
                "cf-ipcountry": "ES",
                "cf-ray": "a11efff78fcec69e",
                "cf-visitor": "{\"scheme\":\"https\"}",
                "connection": "Keep-Alive",
                "content-type": "application/json",
                "host": "eye-staff.app",
                "pragma": "no-cache",
                "priority": "u=1, i",
                "referer": "https://eye-staff.app/",
                "sec-ch-ua": "\"Google Chrome\";v=\"149\", \"Chromium\";v=\"149\", \"Not)A;Brand\";v=\"24\"",
                "sec-ch-ua-mobile": "?0",
                "sec-ch-ua-platform": "\"macOS\"",
                "sec-fetch-dest": "empty",
                "sec-fetch-mode": "cors",
                "sec-fetch-site": "same-origin",
                "user-agent": "Mozilla/5.0 (Macintosh; Intel Mac OS X 10_15_7) AppleWebKit/537.36 (KHTML, like Gecko) Chrome/149.0.0.0 Safari/537.36",
                "x-forwarded-proto": "https",
                "x-real-ip": "188.86.247.78",
                "x-web-session-id": "1778900541741"
            },
            "cf": {
                "httpProtocol": "HTTP/3",
                "clientAcceptEncoding": "gzip, deflate, br",
                "requestPriority": "",
                "edgeRequestKeepAliveStatus": 1,
                "requestHeaderNames": {},
                "clientTcpRtt": 0,
                "clientQuicRtt": 29,
                "colo": "MAD",
                "asn": 12430,
                "asOrganization": "VODAFONE ESPANA, S.A.U",
                "country": "ES",
                "isEUCountry": "1",
                "city": "Madrid",
                "continent": "EU",
                "region": "Madrid",
                "regionCode": "MD",
                "timezone": "Europe/Madrid",
                "longitude": "-3.70256",
                "latitude": "40.4165",
                "postalCode": "28004",
                "tlsVersion": "TLSv1.3",
                "tlsCipher": "AEAD-AES128-GCM-SHA256",
                "tlsClientRandom": "MTR/VrdDTsWwLk6+a6medcGuTgM46+l+PN7QJbUzssY=",
                "tlsClientCiphersSha1": "3HTt3+R/6BL3zeALJDSq0pR1yOQ=",
                "tlsClientExtensionsSha1": "93pnLPs+ozaBzpwu7mDnjA2PRo4=",
                "tlsClientExtensionsSha1Le": "X7qkEoKDVK/pSQ7uCMMewQmugQQ=",
                "tlsClientHelloLength": "1740",
                "tlsClientAuth": {
                    "certPresented": "0",
                    "certVerified": "NONE",
                    "certRevoked": "0",
                    "certIssuerDN": "",
                    "certSubjectDN": "",
                    "certIssuerDNRFC2253": "",
                    "certSubjectDNRFC2253": "",
                    "certIssuerDNLegacy": "",
                    "certSubjectDNLegacy": "",
                    "certSerial": "",
                    "certIssuerSerial": "",
                    "certSKI": "",
                    "certIssuerSKI": "",
                    "certFingerprintSHA1": "",
                    "certFingerprintSHA256": "",
                    "certNotBefore": "",
                    "certNotAfter": "",
                    "certRFC9440": "",
                    "certRFC9440TooLarge": false,
                    "certChainRFC9440": "",
                    "certChainRFC9440TooLarge": false
                },
                "verifiedBotCategory": "",
                "edgeL4": {
                    "deliveryRate": 10983653
                }
            }
        },
        "response": {
            "status": 200
        }
    }
}
{
    "wallTime": 80,
    "cpuTime": 1,
    "truncated": false,
    "executionModel": "stateless",
    "outcome": "ok",
    "scriptTags": [
        "cf:service=grupo-eye-staff"
    ],
    "scriptVersion": {
        "id": "3c658acb-3c0a-4f6c-999e-21a279335e47"
    },
    "scriptName": "grupo-eye-staff",
    "diagnosticsChannelEvents": [],
    "exceptions": [],
    "logs": [],
    "eventTimestamp": 1782506141422,
    "event": {
        "request": {
            "url": "https://eye-staff.app/api/vehicles/active?session_id=146&t=1782506141338",
            "method": "GET",
            "headers": {
                "accept": "*/*",
                "accept-encoding": "gzip, br",
                "accept-language": "es-ES,es;q=0.9,en;q=0.8",
                "authorization": "REDACTED",
                "cache-control": "no-cache",
                "cf-connecting-ip": "188.86.247.78",
                "cf-ipcountry": "ES",
                "cf-ray": "a11efff7dfe4c69e",
                "cf-visitor": "{\"scheme\":\"https\"}",
                "connection": "Keep-Alive",
                "content-type": "application/json",
                "host": "eye-staff.app",
                "pragma": "no-cache",
                "priority": "u=1, i",
                "referer": "https://eye-staff.app/",
                "sec-ch-ua": "\"Google Chrome\";v=\"149\", \"Chromium\";v=\"149\", \"Not)A;Brand\";v=\"24\"",
                "sec-ch-ua-mobile": "?0",
                "sec-ch-ua-platform": "\"macOS\"",
                "sec-fetch-dest": "empty",
                "sec-fetch-mode": "cors",
                "sec-fetch-site": "same-origin",
                "user-agent": "Mozilla/5.0 (Macintosh; Intel Mac OS X 10_15_7) AppleWebKit/537.36 (KHTML, like Gecko) Chrome/149.0.0.0 Safari/537.36",
                "x-forwarded-proto": "https",
                "x-real-ip": "188.86.247.78",
                "x-web-session-id": "1778900541741"
            },
            "cf": {
                "httpProtocol": "HTTP/3",
                "clientAcceptEncoding": "gzip, deflate, br",
                "requestPriority": "",
                "edgeRequestKeepAliveStatus": 1,
                "requestHeaderNames": {},
                "clientTcpRtt": 0,
                "clientQuicRtt": 24,
                "colo": "MAD",
                "asn": 12430,
                "asOrganization": "VODAFONE ESPANA, S.A.U",
                "country": "ES",
                "isEUCountry": "1",
                "city": "Madrid",
                "continent": "EU",
                "region": "Madrid",
                "regionCode": "MD",
                "timezone": "Europe/Madrid",
                "longitude": "-3.70256",
                "latitude": "40.4165",
                "postalCode": "28004",
                "tlsVersion": "TLSv1.3",
                "tlsCipher": "AEAD-AES128-GCM-SHA256",
                "tlsClientRandom": "MTR/VrdDTsWwLk6+a6medcGuTgM46+l+PN7QJbUzssY=",
                "tlsClientCiphersSha1": "3HTt3+R/6BL3zeALJDSq0pR1yOQ=",
                "tlsClientExtensionsSha1": "93pnLPs+ozaBzpwu7mDnjA2PRo4=",
                "tlsClientExtensionsSha1Le": "X7qkEoKDVK/pSQ7uCMMewQmugQQ=",
                "tlsClientHelloLength": "1740",
                "tlsClientAuth": {
                    "certPresented": "0",
                    "certVerified": "NONE",
                    "certRevoked": "0",
                    "certIssuerDN": "",
                    "certSubjectDN": "",
                    "certIssuerDNRFC2253": "",
                    "certSubjectDNRFC2253": "",
                    "certIssuerDNLegacy": "",
                    "certSubjectDNLegacy": "",
                    "certSerial": "",
                    "certIssuerSerial": "",
                    "certSKI": "",
                    "certIssuerSKI": "",
                    "certFingerprintSHA1": "",
                    "certFingerprintSHA256": "",
                    "certNotBefore": "",
                    "certNotAfter": "",
                    "certRFC9440": "",
                    "certRFC9440TooLarge": false,
                    "certChainRFC9440": "",
                    "certChainRFC9440TooLarge": false
                },
                "verifiedBotCategory": "",
                "edgeL4": {
                    "deliveryRate": 10983653
                }
            }
        },
        "response": {
            "status": 200
        }
    }
}
{
    "wallTime": 1441,
    "cpuTime": 16,
    "truncated": false,
    "executionModel": "stateless",
    "outcome": "ok",
    "scriptTags": [
        "cf:service=grupo-eye-staff"
    ],
    "scriptVersion": {
        "id": "3c658acb-3c0a-4f6c-999e-21a279335e47"
    },
    "scriptName": "grupo-eye-staff",
    "diagnosticsChannelEvents": [],
    "exceptions": [],
    "logs": [],
    "eventTimestamp": 1782506149889,
    "event": {
        "request": {
            "url": "https://eye-staff.app/api/chat/conversations",
            "method": "GET",
            "headers": {
                "accept": "*/*",
                "accept-encoding": "gzip, br",
                "accept-language": "es-ES,es;q=0.9,en;q=0.8",
                "authorization": "REDACTED",
                "cf-connecting-ip": "188.86.247.78",
                "cf-ipcountry": "ES",
                "cf-ray": "a11f002cc864c69e",
                "cf-visitor": "{\"scheme\":\"https\"}",
                "connection": "Keep-Alive",
                "host": "eye-staff.app",
                "priority": "u=1, i",
                "referer": "https://eye-staff.app/",
                "sec-ch-ua": "\"Google Chrome\";v=\"149\", \"Chromium\";v=\"149\", \"Not)A;Brand\";v=\"24\"",
                "sec-ch-ua-mobile": "?0",
                "sec-ch-ua-platform": "\"macOS\"",
                "sec-fetch-dest": "empty",
                "sec-fetch-mode": "cors",
                "sec-fetch-site": "same-origin",
                "user-agent": "Mozilla/5.0 (Macintosh; Intel Mac OS X 10_15_7) AppleWebKit/537.36 (KHTML, like Gecko) Chrome/149.0.0.0 Safari/537.36",
                "x-forwarded-proto": "https",
                "x-real-ip": "188.86.247.78"
            },
            "cf": {
                "httpProtocol": "HTTP/3",
                "clientAcceptEncoding": "gzip, deflate, br",
                "requestPriority": "",
                "edgeRequestKeepAliveStatus": 1,
                "requestHeaderNames": {},
                "clientTcpRtt": 0,
                "clientQuicRtt": 22,
                "colo": "MAD",
                "asn": 12430,
                "asOrganization": "VODAFONE ESPANA, S.A.U",
                "country": "ES",
                "isEUCountry": "1",
                "city": "Madrid",
                "continent": "EU",
                "region": "Madrid",
                "regionCode": "MD",
                "timezone": "Europe/Madrid",
                "longitude": "-3.70256",
                "latitude": "40.4165",
                "postalCode": "28004",
                "tlsVersion": "TLSv1.3",
                "tlsCipher": "AEAD-AES128-GCM-SHA256",
                "tlsClientRandom": "MTR/VrdDTsWwLk6+a6medcGuTgM46+l+PN7QJbUzssY=",
                "tlsClientCiphersSha1": "3HTt3+R/6BL3zeALJDSq0pR1yOQ=",
                "tlsClientExtensionsSha1": "93pnLPs+ozaBzpwu7mDnjA2PRo4=",
                "tlsClientExtensionsSha1Le": "X7qkEoKDVK/pSQ7uCMMewQmugQQ=",
                "tlsClientHelloLength": "1740",
                "tlsClientAuth": {
                    "certPresented": "0",
                    "certVerified": "NONE",
                    "certRevoked": "0",
                    "certIssuerDN": "",
                    "certSubjectDN": "",
                    "certIssuerDNRFC2253": "",
                    "certSubjectDNRFC2253": "",
                    "certIssuerDNLegacy": "",
                    "certSubjectDNLegacy": "",
                    "certSerial": "",
                    "certIssuerSerial": "",
                    "certSKI": "",
                    "certIssuerSKI": "",
                    "certFingerprintSHA1": "",
                    "certFingerprintSHA256": "",
                    "certNotBefore": "",
                    "certNotAfter": "",
                    "certRFC9440": "",
                    "certRFC9440TooLarge": false,
                    "certChainRFC9440": "",
                    "certChainRFC9440TooLarge": false
                },
                "verifiedBotCategory": "",
                "edgeL4": {
                    "deliveryRate": 10983653
                }
            }
        },
        "response": {
            "status": 200
        }
    }
}
{
    "wallTime": 82,
    "cpuTime": 1,
    "truncated": false,
    "executionModel": "stateless",
    "outcome": "ok",
    "scriptTags": [
        "cf:service=grupo-eye-staff"
    ],
    "scriptVersion": {
        "id": "3c658acb-3c0a-4f6c-999e-21a279335e47"
    },
    "scriptName": "grupo-eye-staff",
    "diagnosticsChannelEvents": [],
    "exceptions": [],
    "logs": [],
    "eventTimestamp": 1782506154890,
    "event": {
        "request": {
            "url": "https://eye-staff.app/api/staff/live-locations?t=1782506154802",
            "method": "GET",
            "headers": {
                "accept": "*/*",
                "accept-encoding": "gzip, br",
                "accept-language": "es-ES,es;q=0.9,en;q=0.8",
                "authorization": "REDACTED",
                "cache-control": "no-cache",
                "cf-connecting-ip": "188.86.247.78",
                "cf-ipcountry": "ES",
                "cf-ray": "a11f004c0c7bc69e",
                "cf-visitor": "{\"scheme\":\"https\"}",
                "connection": "Keep-Alive",
                "content-type": "application/json",
                "host": "eye-staff.app",
                "pragma": "no-cache",
                "priority": "u=1, i",
                "referer": "https://eye-staff.app/",
                "sec-ch-ua": "\"Google Chrome\";v=\"149\", \"Chromium\";v=\"149\", \"Not)A;Brand\";v=\"24\"",
                "sec-ch-ua-mobile": "?0",
                "sec-ch-ua-platform": "\"macOS\"",
                "sec-fetch-dest": "empty",
                "sec-fetch-mode": "cors",
                "sec-fetch-site": "same-origin",
                "user-agent": "Mozilla/5.0 (Macintosh; Intel Mac OS X 10_15_7) AppleWebKit/537.36 (KHTML, like Gecko) Chrome/149.0.0.0 Safari/537.36",
                "x-forwarded-proto": "https",
                "x-real-ip": "188.86.247.78",
                "x-web-session-id": "1778900541741"
            },
            "cf": {
                "httpProtocol": "HTTP/3",
                "clientAcceptEncoding": "gzip, deflate, br",
                "requestPriority": "",
                "edgeRequestKeepAliveStatus": 1,
                "requestHeaderNames": {},
                "clientTcpRtt": 0,
                "clientQuicRtt": 20,
                "colo": "MAD",
                "asn": 12430,
                "asOrganization": "VODAFONE ESPANA, S.A.U",
                "country": "ES",
                "isEUCountry": "1",
                "city": "Madrid",
                "continent": "EU",
                "region": "Madrid",
                "regionCode": "MD",
                "timezone": "Europe/Madrid",
                "longitude": "-3.70256",
                "latitude": "40.4165",
                "postalCode": "28004",
                "tlsVersion": "TLSv1.3",
                "tlsCipher": "AEAD-AES128-GCM-SHA256",
                "tlsClientRandom": "MTR/VrdDTsWwLk6+a6medcGuTgM46+l+PN7QJbUzssY=",
                "tlsClientCiphersSha1": "3HTt3+R/6BL3zeALJDSq0pR1yOQ=",
                "tlsClientExtensionsSha1": "93pnLPs+ozaBzpwu7mDnjA2PRo4=",
                "tlsClientExtensionsSha1Le": "X7qkEoKDVK/pSQ7uCMMewQmugQQ=",
                "tlsClientHelloLength": "1740",
                "tlsClientAuth": {
                    "certPresented": "0",
                    "certVerified": "NONE",
                    "certRevoked": "0",
                    "certIssuerDN": "",
                    "certSubjectDN": "",
                    "certIssuerDNRFC2253": "",
                    "certSubjectDNRFC2253": "",
                    "certIssuerDNLegacy": "",
                    "certSubjectDNLegacy": "",
                    "certSerial": "",
                    "certIssuerSerial": "",
                    "certSKI": "",
                    "certIssuerSKI": "",
                    "certFingerprintSHA1": "",
                    "certFingerprintSHA256": "",
                    "certNotBefore": "",
                    "certNotAfter": "",
                    "certRFC9440": "",
                    "certRFC9440TooLarge": false,
                    "certChainRFC9440": "",
                    "certChainRFC9440TooLarge": false
                },
                "verifiedBotCategory": "",
                "edgeL4": {
                    "deliveryRate": 10983653
                }
            }
        },
        "response": {
            "status": 200
        }
    }
}
{
    "wallTime": 1449,
    "cpuTime": 14,
    "truncated": false,
    "executionModel": "stateless",
    "outcome": "ok",
    "scriptTags": [
        "cf:service=grupo-eye-staff"
    ],
    "scriptVersion": {
        "id": "3c658acb-3c0a-4f6c-999e-21a279335e47"
    },
    "scriptName": "grupo-eye-staff",
    "diagnosticsChannelEvents": [],
    "exceptions": [],
    "logs": [],
    "eventTimestamp": 1782506159887,
    "event": {
        "request": {
            "url": "https://eye-staff.app/api/chat/conversations",
            "method": "GET",
            "headers": {
                "accept": "*/*",
                "accept-encoding": "gzip, br",
                "accept-language": "es-ES,es;q=0.9,en;q=0.8",
                "authorization": "REDACTED",
                "cf-connecting-ip": "188.86.247.78",
                "cf-ipcountry": "ES",
                "cf-ray": "a11f006b49ecc69e",
                "cf-visitor": "{\"scheme\":\"https\"}",
                "connection": "Keep-Alive",
                "host": "eye-staff.app",
                "priority": "u=1, i",
                "referer": "https://eye-staff.app/",
                "sec-ch-ua": "\"Google Chrome\";v=\"149\", \"Chromium\";v=\"149\", \"Not)A;Brand\";v=\"24\"",
                "sec-ch-ua-mobile": "?0",
                "sec-ch-ua-platform": "\"macOS\"",
                "sec-fetch-dest": "empty",
                "sec-fetch-mode": "cors",
                "sec-fetch-site": "same-origin",
                "user-agent": "Mozilla/5.0 (Macintosh; Intel Mac OS X 10_15_7) AppleWebKit/537.36 (KHTML, like Gecko) Chrome/149.0.0.0 Safari/537.36",
                "x-forwarded-proto": "https",
                "x-real-ip": "188.86.247.78"
            },
            "cf": {
                "httpProtocol": "HTTP/3",
                "clientAcceptEncoding": "gzip, deflate, br",
                "requestPriority": "",
                "edgeRequestKeepAliveStatus": 1,
                "requestHeaderNames": {},
                "clientTcpRtt": 0,
                "clientQuicRtt": 19,
                "colo": "MAD",
                "asn": 12430,
                "asOrganization": "VODAFONE ESPANA, S.A.U",
                "country": "ES",
                "isEUCountry": "1",
                "city": "Madrid",
                "continent": "EU",
                "region": "Madrid",
                "regionCode": "MD",
                "timezone": "Europe/Madrid",
                "longitude": "-3.70256",
                "latitude": "40.4165",
                "postalCode": "28004",
                "tlsVersion": "TLSv1.3",
                "tlsCipher": "AEAD-AES128-GCM-SHA256",
                "tlsClientRandom": "MTR/VrdDTsWwLk6+a6medcGuTgM46+l+PN7QJbUzssY=",
                "tlsClientCiphersSha1": "3HTt3+R/6BL3zeALJDSq0pR1yOQ=",
                "tlsClientExtensionsSha1": "93pnLPs+ozaBzpwu7mDnjA2PRo4=",
                "tlsClientExtensionsSha1Le": "X7qkEoKDVK/pSQ7uCMMewQmugQQ=",
                "tlsClientHelloLength": "1740",
                "tlsClientAuth": {
                    "certPresented": "0",
                    "certVerified": "NONE",
                    "certRevoked": "0",
                    "certIssuerDN": "",
                    "certSubjectDN": "",
                    "certIssuerDNRFC2253": "",
                    "certSubjectDNRFC2253": "",
                    "certIssuerDNLegacy": "",
                    "certSubjectDNLegacy": "",
                    "certSerial": "",
                    "certIssuerSerial": "",
                    "certSKI": "",
                    "certIssuerSKI": "",
                    "certFingerprintSHA1": "",
                    "certFingerprintSHA256": "",
                    "certNotBefore": "",
                    "certNotAfter": "",
                    "certRFC9440": "",
                    "certRFC9440TooLarge": false,
                    "certChainRFC9440": "",
                    "certChainRFC9440TooLarge": false
                },
                "verifiedBotCategory": "",
                "edgeL4": {
                    "deliveryRate": 10983653
                }
            }
        },
        "response": {
            "status": 200
        }
    }
}
{
    "wallTime": 89,
    "cpuTime": 1,
    "truncated": false,
    "executionModel": "stateless",
    "outcome": "ok",
    "scriptTags": [
        "cf:service=grupo-eye-staff"
    ],
    "scriptVersion": {
        "id": "3c658acb-3c0a-4f6c-999e-21a279335e47"
    },
    "scriptName": "grupo-eye-staff",
    "diagnosticsChannelEvents": [],
    "exceptions": [],
    "logs": [],
    "eventTimestamp": 1782506169885,
    "event": {
        "request": {
            "url": "https://eye-staff.app/api/staff/live-locations?t=1782506169800",
            "method": "GET",
            "headers": {
                "accept": "*/*",
                "accept-encoding": "gzip, br",
                "accept-language": "es-ES,es;q=0.9,en;q=0.8",
                "authorization": "REDACTED",
                "cache-control": "no-cache",
                "cf-connecting-ip": "188.86.247.78",
                "cf-ipcountry": "ES",
                "cf-ray": "a11f00a9bb8bc69e",
                "cf-visitor": "{\"scheme\":\"https\"}",
                "connection": "Keep-Alive",
                "content-type": "application/json",
                "host": "eye-staff.app",
                "pragma": "no-cache",
                "priority": "u=1, i",
                "referer": "https://eye-staff.app/",
                "sec-ch-ua": "\"Google Chrome\";v=\"149\", \"Chromium\";v=\"149\", \"Not)A;Brand\";v=\"24\"",
                "sec-ch-ua-mobile": "?0",
                "sec-ch-ua-platform": "\"macOS\"",
                "sec-fetch-dest": "empty",
                "sec-fetch-mode": "cors",
                "sec-fetch-site": "same-origin",
                "user-agent": "Mozilla/5.0 (Macintosh; Intel Mac OS X 10_15_7) AppleWebKit/537.36 (KHTML, like Gecko) Chrome/149.0.0.0 Safari/537.36",
                "x-forwarded-proto": "https",
                "x-real-ip": "188.86.247.78",
                "x-web-session-id": "1778900541741"
            },
            "cf": {
                "httpProtocol": "HTTP/3",
                "clientAcceptEncoding": "gzip, deflate, br",
                "requestPriority": "",
                "edgeRequestKeepAliveStatus": 1,
                "requestHeaderNames": {},
                "clientTcpRtt": 0,
                "clientQuicRtt": 18,
                "colo": "MAD",
                "asn": 12430,
                "asOrganization": "VODAFONE ESPANA, S.A.U",
                "country": "ES",
                "isEUCountry": "1",
                "city": "Madrid",
                "continent": "EU",
                "region": "Madrid",
                "regionCode": "MD",
                "timezone": "Europe/Madrid",
                "longitude": "-3.70256",
                "latitude": "40.4165",
                "postalCode": "28004",
                "tlsVersion": "TLSv1.3",
                "tlsCipher": "AEAD-AES128-GCM-SHA256",
                "tlsClientRandom": "MTR/VrdDTsWwLk6+a6medcGuTgM46+l+PN7QJbUzssY=",
                "tlsClientCiphersSha1": "3HTt3+R/6BL3zeALJDSq0pR1yOQ=",
                "tlsClientExtensionsSha1": "93pnLPs+ozaBzpwu7mDnjA2PRo4=",
                "tlsClientExtensionsSha1Le": "X7qkEoKDVK/pSQ7uCMMewQmugQQ=",
                "tlsClientHelloLength": "1740",
                "tlsClientAuth": {
                    "certPresented": "0",
                    "certVerified": "NONE",
                    "certRevoked": "0",
                    "certIssuerDN": "",
                    "certSubjectDN": "",
                    "certIssuerDNRFC2253": "",
                    "certSubjectDNRFC2253": "",
                    "certIssuerDNLegacy": "",
                    "certSubjectDNLegacy": "",
                    "certSerial": "",
                    "certIssuerSerial": "",
                    "certSKI": "",
                    "certIssuerSKI": "",
                    "certFingerprintSHA1": "",
                    "certFingerprintSHA256": "",
                    "certNotBefore": "",
                    "certNotAfter": "",
                    "certRFC9440": "",
                    "certRFC9440TooLarge": false,
                    "certChainRFC9440": "",
                    "certChainRFC9440TooLarge": false
                },
                "verifiedBotCategory": "",
                "edgeL4": {
                    "deliveryRate": 10983653
                }
            }
        },
        "response": {
            "status": 200
        }
    }
}
{
    "wallTime": 1488,
    "cpuTime": 15,
    "truncated": false,
    "executionModel": "stateless",
    "outcome": "ok",
    "scriptTags": [
        "cf:service=grupo-eye-staff"
    ],
    "scriptVersion": {
        "id": "3c658acb-3c0a-4f6c-999e-21a279335e47"
    },
    "scriptName": "grupo-eye-staff",
    "diagnosticsChannelEvents": [],
    "exceptions": [],
    "logs": [],
    "eventTimestamp": 1782506169884,
    "event": {
        "request": {
            "url": "https://eye-staff.app/api/chat/conversations",
            "method": "GET",
            "headers": {
                "accept": "*/*",
                "accept-encoding": "gzip, br",
                "accept-language": "es-ES,es;q=0.9,en;q=0.8",
                "authorization": "REDACTED",
                "cf-connecting-ip": "188.86.247.78",
                "cf-ipcountry": "ES",
                "cf-ray": "a11f00a9bb89c69e",
                "cf-visitor": "{\"scheme\":\"https\"}",
                "connection": "Keep-Alive",
                "host": "eye-staff.app",
                "priority": "u=1, i",
                "referer": "https://eye-staff.app/",
                "sec-ch-ua": "\"Google Chrome\";v=\"149\", \"Chromium\";v=\"149\", \"Not)A;Brand\";v=\"24\"",
                "sec-ch-ua-mobile": "?0",
                "sec-ch-ua-platform": "\"macOS\"",
                "sec-fetch-dest": "empty",
                "sec-fetch-mode": "cors",
                "sec-fetch-site": "same-origin",
                "user-agent": "Mozilla/5.0 (Macintosh; Intel Mac OS X 10_15_7) AppleWebKit/537.36 (KHTML, like Gecko) Chrome/149.0.0.0 Safari/537.36",
                "x-forwarded-proto": "https",
                "x-real-ip": "188.86.247.78"
            },
            "cf": {
                "httpProtocol": "HTTP/3",
                "clientAcceptEncoding": "gzip, deflate, br",
                "requestPriority": "",
                "edgeRequestKeepAliveStatus": 1,
                "requestHeaderNames": {},
                "clientTcpRtt": 0,
                "clientQuicRtt": 18,
                "colo": "MAD",
                "asn": 12430,
                "asOrganization": "VODAFONE ESPANA, S.A.U",
                "country": "ES",
                "isEUCountry": "1",
                "city": "Madrid",
                "continent": "EU",
                "region": "Madrid",
                "regionCode": "MD",
                "timezone": "Europe/Madrid",
                "longitude": "-3.70256",
                "latitude": "40.4165",
                "postalCode": "28004",
                "tlsVersion": "TLSv1.3",
                "tlsCipher": "AEAD-AES128-GCM-SHA256",
                "tlsClientRandom": "MTR/VrdDTsWwLk6+a6medcGuTgM46+l+PN7QJbUzssY=",
                "tlsClientCiphersSha1": "3HTt3+R/6BL3zeALJDSq0pR1yOQ=",
                "tlsClientExtensionsSha1": "93pnLPs+ozaBzpwu7mDnjA2PRo4=",
                "tlsClientExtensionsSha1Le": "X7qkEoKDVK/pSQ7uCMMewQmugQQ=",
                "tlsClientHelloLength": "1740",
                "tlsClientAuth": {
                    "certPresented": "0",
                    "certVerified": "NONE",
                    "certRevoked": "0",
                    "certIssuerDN": "",
                    "certSubjectDN": "",
                    "certIssuerDNRFC2253": "",
                    "certSubjectDNRFC2253": "",
                    "certIssuerDNLegacy": "",
                    "certSubjectDNLegacy": "",
                    "certSerial": "",
                    "certIssuerSerial": "",
                    "certSKI": "",
                    "certIssuerSKI": "",
                    "certFingerprintSHA1": "",
                    "certFingerprintSHA256": "",
                    "certNotBefore": "",
                    "certNotAfter": "",
                    "certRFC9440": "",
                    "certRFC9440TooLarge": false,
                    "certChainRFC9440": "",
                    "certChainRFC9440TooLarge": false
                },
                "verifiedBotCategory": "",
                "edgeL4": {
                    "deliveryRate": 10983653
                }
            }
        },
        "response": {
            "status": 200
        }
    }
}
{
    "wallTime": 190,
    "cpuTime": 0,
    "truncated": false,
    "executionModel": "stateless",
    "outcome": "ok",
    "scriptTags": [
        "cf:service=grupo-eye-staff"
    ],
    "scriptVersion": {
        "id": "3c658acb-3c0a-4f6c-999e-21a279335e47"
    },
    "scriptName": "grupo-eye-staff",
    "diagnosticsChannelEvents": [],
    "exceptions": [],
    "logs": [
        {
            "message": [
                "[CRON] Revisando notificaciones para 2026-06-26 16:36..."
            ],
            "level": "log",
            "timestamp": 1782506175014
        }
    ],
    "eventTimestamp": 1782506175014,
    "event": {
        "cron": "* * * * *",
        "scheduledTime": 1782506174000
    }
}
{
    "wallTime": 1459,
    "cpuTime": 15,
    "truncated": false,
    "executionModel": "stateless",
    "outcome": "ok",
    "scriptTags": [
        "cf:service=grupo-eye-staff"
    ],
    "scriptVersion": {
        "id": "3c658acb-3c0a-4f6c-999e-21a279335e47"
    },
    "scriptName": "grupo-eye-staff",
    "diagnosticsChannelEvents": [],
    "exceptions": [],
    "logs": [],
    "eventTimestamp": 1782506179884,
    "event": {
        "request": {
            "url": "https://eye-staff.app/api/chat/conversations",
            "method": "GET",
            "headers": {
                "accept": "*/*",
                "accept-encoding": "gzip, br",
                "accept-language": "es-ES,es;q=0.9,en;q=0.8",
                "authorization": "REDACTED",
                "cf-connecting-ip": "188.86.247.78",
                "cf-ipcountry": "ES",
                "cf-ray": "a11f00e84ec5c69e",
                "cf-visitor": "{\"scheme\":\"https\"}",
                "connection": "Keep-Alive",
                "host": "eye-staff.app",
                "priority": "u=1, i",
                "referer": "https://eye-staff.app/",
                "sec-ch-ua": "\"Google Chrome\";v=\"149\", \"Chromium\";v=\"149\", \"Not)A;Brand\";v=\"24\"",
                "sec-ch-ua-mobile": "?0",
                "sec-ch-ua-platform": "\"macOS\"",
                "sec-fetch-dest": "empty",
                "sec-fetch-mode": "cors",
                "sec-fetch-site": "same-origin",
                "user-agent": "Mozilla/5.0 (Macintosh; Intel Mac OS X 10_15_7) AppleWebKit/537.36 (KHTML, like Gecko) Chrome/149.0.0.0 Safari/537.36",
                "x-forwarded-proto": "https",
                "x-real-ip": "188.86.247.78"
            },
            "cf": {
                "httpProtocol": "HTTP/3",
                "clientAcceptEncoding": "gzip, deflate, br",
                "requestPriority": "",
                "edgeRequestKeepAliveStatus": 1,
                "requestHeaderNames": {},
                "clientTcpRtt": 0,
                "clientQuicRtt": 16,
                "colo": "MAD",
                "asn": 12430,
                "asOrganization": "VODAFONE ESPANA, S.A.U",
                "country": "ES",
                "isEUCountry": "1",
                "city": "Madrid",
                "continent": "EU",
                "region": "Madrid",
                "regionCode": "MD",
                "timezone": "Europe/Madrid",
                "longitude": "-3.70256",
                "latitude": "40.4165",
                "postalCode": "28004",
                "tlsVersion": "TLSv1.3",
                "tlsCipher": "AEAD-AES128-GCM-SHA256",
                "tlsClientRandom": "MTR/VrdDTsWwLk6+a6medcGuTgM46+l+PN7QJbUzssY=",
                "tlsClientCiphersSha1": "3HTt3+R/6BL3zeALJDSq0pR1yOQ=",
                "tlsClientExtensionsSha1": "93pnLPs+ozaBzpwu7mDnjA2PRo4=",
                "tlsClientExtensionsSha1Le": "X7qkEoKDVK/pSQ7uCMMewQmugQQ=",
                "tlsClientHelloLength": "1740",
                "tlsClientAuth": {
                    "certPresented": "0",
                    "certVerified": "NONE",
                    "certRevoked": "0",
                    "certIssuerDN": "",
                    "certSubjectDN": "",
                    "certIssuerDNRFC2253": "",
                    "certSubjectDNRFC2253": "",
                    "certIssuerDNLegacy": "",
                    "certSubjectDNLegacy": "",
                    "certSerial": "",
                    "certIssuerSerial": "",
                    "certSKI": "",
                    "certIssuerSKI": "",
                    "certFingerprintSHA1": "",
                    "certFingerprintSHA256": "",
                    "certNotBefore": "",
                    "certNotAfter": "",
                    "certRFC9440": "",
                    "certRFC9440TooLarge": false,
                    "certChainRFC9440": "",
                    "certChainRFC9440TooLarge": false
                },
                "verifiedBotCategory": "",
                "edgeL4": {
                    "deliveryRate": 10983653
                }
            }
        },
        "response": {
            "status": 200
        }
    }
}
{
    "wallTime": 83,
    "cpuTime": 1,
    "truncated": false,
    "executionModel": "stateless",
    "outcome": "ok",
    "scriptTags": [
        "cf:service=grupo-eye-staff"
    ],
    "scriptVersion": {
        "id": "3c658acb-3c0a-4f6c-999e-21a279335e47"
    },
    "scriptName": "grupo-eye-staff",
    "diagnosticsChannelEvents": [],
    "exceptions": [],
    "logs": [],
    "eventTimestamp": 1782506184890,
    "event": {
        "request": {
            "url": "https://eye-staff.app/api/staff/live-locations?t=1782506184802",
            "method": "GET",
            "headers": {
                "accept": "*/*",
                "accept-encoding": "gzip, br",
                "accept-language": "es-ES,es;q=0.9,en;q=0.8",
                "authorization": "REDACTED",
                "cache-control": "no-cache",
                "cf-connecting-ip": "188.86.247.78",
                "cf-ipcountry": "ES",
                "cf-ray": "a11f01078b5ec69e",
                "cf-visitor": "{\"scheme\":\"https\"}",
                "connection": "Keep-Alive",
                "content-type": "application/json",
                "host": "eye-staff.app",
                "pragma": "no-cache",
                "priority": "u=1, i",
                "referer": "https://eye-staff.app/",
                "sec-ch-ua": "\"Google Chrome\";v=\"149\", \"Chromium\";v=\"149\", \"Not)A;Brand\";v=\"24\"",
                "sec-ch-ua-mobile": "?0",
                "sec-ch-ua-platform": "\"macOS\"",
                "sec-fetch-dest": "empty",
                "sec-fetch-mode": "cors",
                "sec-fetch-site": "same-origin",
                "user-agent": "Mozilla/5.0 (Macintosh; Intel Mac OS X 10_15_7) AppleWebKit/537.36 (KHTML, like Gecko) Chrome/149.0.0.0 Safari/537.36",
                "x-forwarded-proto": "https",
                "x-real-ip": "188.86.247.78",
                "x-web-session-id": "1778900541741"
            },
            "cf": {
                "httpProtocol": "HTTP/3",
                "clientAcceptEncoding": "gzip, deflate, br",
                "requestPriority": "",
                "edgeRequestKeepAliveStatus": 1,
                "requestHeaderNames": {},
                "clientTcpRtt": 0,
                "clientQuicRtt": 15,
                "colo": "MAD",
                "asn": 12430,
                "asOrganization": "VODAFONE ESPANA, S.A.U",
                "country": "ES",
                "isEUCountry": "1",
                "city": "Madrid",
                "continent": "EU",
                "region": "Madrid",
                "regionCode": "MD",
                "timezone": "Europe/Madrid",
                "longitude": "-3.70256",
                "latitude": "40.4165",
                "postalCode": "28004",
                "tlsVersion": "TLSv1.3",
                "tlsCipher": "AEAD-AES128-GCM-SHA256",
                "tlsClientRandom": "MTR/VrdDTsWwLk6+a6medcGuTgM46+l+PN7QJbUzssY=",
                "tlsClientCiphersSha1": "3HTt3+R/6BL3zeALJDSq0pR1yOQ=",
                "tlsClientExtensionsSha1": "93pnLPs+ozaBzpwu7mDnjA2PRo4=",
                "tlsClientExtensionsSha1Le": "X7qkEoKDVK/pSQ7uCMMewQmugQQ=",
                "tlsClientHelloLength": "1740",
                "tlsClientAuth": {
                    "certPresented": "0",
                    "certVerified": "NONE",
                    "certRevoked": "0",
                    "certIssuerDN": "",
                    "certSubjectDN": "",
                    "certIssuerDNRFC2253": "",
                    "certSubjectDNRFC2253": "",
                    "certIssuerDNLegacy": "",
                    "certSubjectDNLegacy": "",
                    "certSerial": "",
                    "certIssuerSerial": "",
                    "certSKI": "",
                    "certIssuerSKI": "",
                    "certFingerprintSHA1": "",
                    "certFingerprintSHA256": "",
                    "certNotBefore": "",
                    "certNotAfter": "",
                    "certRFC9440": "",
                    "certRFC9440TooLarge": false,
                    "certChainRFC9440": "",
                    "certChainRFC9440TooLarge": false
                },
                "verifiedBotCategory": "",
                "edgeL4": {
                    "deliveryRate": 10983653
                }
            }
        },
        "response": {
            "status": 200
        }
    }
}
{
    "wallTime": 1426,
    "cpuTime": 14,
    "truncated": false,
    "executionModel": "stateless",
    "outcome": "ok",
    "scriptTags": [
        "cf:service=grupo-eye-staff"
    ],
    "scriptVersion": {
        "id": "3c658acb-3c0a-4f6c-999e-21a279335e47"
    },
    "scriptName": "grupo-eye-staff",
    "diagnosticsChannelEvents": [],
    "exceptions": [],
    "logs": [],
    "eventTimestamp": 1782506189887,
    "event": {
        "request": {
            "url": "https://eye-staff.app/api/chat/conversations",
            "method": "GET",
            "headers": {
                "accept": "*/*",
                "accept-encoding": "gzip, br",
                "accept-language": "es-ES,es;q=0.9,en;q=0.8",
                "authorization": "REDACTED",
                "cf-connecting-ip": "188.86.247.78",
                "cf-ipcountry": "ES",
                "cf-ray": "a11f0126c859c69e",
                "cf-visitor": "{\"scheme\":\"https\"}",
                "connection": "Keep-Alive",
                "host": "eye-staff.app",
                "priority": "u=1, i",
                "referer": "https://eye-staff.app/",
                "sec-ch-ua": "\"Google Chrome\";v=\"149\", \"Chromium\";v=\"149\", \"Not)A;Brand\";v=\"24\"",
                "sec-ch-ua-mobile": "?0",
                "sec-ch-ua-platform": "\"macOS\"",
                "sec-fetch-dest": "empty",
                "sec-fetch-mode": "cors",
                "sec-fetch-site": "same-origin",
                "user-agent": "Mozilla/5.0 (Macintosh; Intel Mac OS X 10_15_7) AppleWebKit/537.36 (KHTML, like Gecko) Chrome/149.0.0.0 Safari/537.36",
                "x-forwarded-proto": "https",
                "x-real-ip": "188.86.247.78"
            },
            "cf": {
                "httpProtocol": "HTTP/3",
                "clientAcceptEncoding": "gzip, deflate, br",
                "requestPriority": "",
                "edgeRequestKeepAliveStatus": 1,
                "requestHeaderNames": {},
                "clientTcpRtt": 0,
                "clientQuicRtt": 14,
                "colo": "MAD",
                "asn": 12430,
                "asOrganization": "VODAFONE ESPANA, S.A.U",
                "country": "ES",
                "isEUCountry": "1",
                "city": "Madrid",
                "continent": "EU",
                "region": "Madrid",
                "regionCode": "MD",
                "timezone": "Europe/Madrid",
                "longitude": "-3.70256",
                "latitude": "40.4165",
                "postalCode": "28004",
                "tlsVersion": "TLSv1.3",
                "tlsCipher": "AEAD-AES128-GCM-SHA256",
                "tlsClientRandom": "MTR/VrdDTsWwLk6+a6medcGuTgM46+l+PN7QJbUzssY=",
                "tlsClientCiphersSha1": "3HTt3+R/6BL3zeALJDSq0pR1yOQ=",
                "tlsClientExtensionsSha1": "93pnLPs+ozaBzpwu7mDnjA2PRo4=",
                "tlsClientExtensionsSha1Le": "X7qkEoKDVK/pSQ7uCMMewQmugQQ=",
                "tlsClientHelloLength": "1740",
                "tlsClientAuth": {
                    "certPresented": "0",
                    "certVerified": "NONE",
                    "certRevoked": "0",
                    "certIssuerDN": "",
                    "certSubjectDN": "",
                    "certIssuerDNRFC2253": "",
                    "certSubjectDNRFC2253": "",
                    "certIssuerDNLegacy": "",
                    "certSubjectDNLegacy": "",
                    "certSerial": "",
                    "certIssuerSerial": "",
                    "certSKI": "",
                    "certIssuerSKI": "",
                    "certFingerprintSHA1": "",
                    "certFingerprintSHA256": "",
                    "certNotBefore": "",
                    "certNotAfter": "",
                    "certRFC9440": "",
                    "certRFC9440TooLarge": false,
                    "certChainRFC9440": "",
                    "certChainRFC9440TooLarge": false
                },
                "verifiedBotCategory": "",
                "edgeL4": {
                    "deliveryRate": 10983653
                }
            }
        },
        "response": {
            "status": 200
        }
    }
}
{
    "wallTime": 82,
    "cpuTime": 1,
    "truncated": false,
    "executionModel": "stateless",
    "outcome": "ok",
    "scriptTags": [
        "cf:service=grupo-eye-staff"
    ],
    "scriptVersion": {
        "id": "3c658acb-3c0a-4f6c-999e-21a279335e47"
    },
    "scriptName": "grupo-eye-staff",
    "diagnosticsChannelEvents": [],
    "exceptions": [],
    "logs": [],
    "eventTimestamp": 1782506199889,
    "event": {
        "request": {
            "url": "https://eye-staff.app/api/staff/live-locations?t=1782506199800",
            "method": "GET",
            "headers": {
                "accept": "*/*",
                "accept-encoding": "gzip, br",
                "accept-language": "es-ES,es;q=0.9,en;q=0.8",
                "authorization": "REDACTED",
                "cache-control": "no-cache",
                "cf-connecting-ip": "188.86.247.78",
                "cf-ipcountry": "ES",
                "cf-ray": "a11f01654946c69e",
                "cf-visitor": "{\"scheme\":\"https\"}",
                "connection": "Keep-Alive",
                "content-type": "application/json",
                "host": "eye-staff.app",
                "pragma": "no-cache",
                "priority": "u=1, i",
                "referer": "https://eye-staff.app/",
                "sec-ch-ua": "\"Google Chrome\";v=\"149\", \"Chromium\";v=\"149\", \"Not)A;Brand\";v=\"24\"",
                "sec-ch-ua-mobile": "?0",
                "sec-ch-ua-platform": "\"macOS\"",
                "sec-fetch-dest": "empty",
                "sec-fetch-mode": "cors",
                "sec-fetch-site": "same-origin",
                "user-agent": "Mozilla/5.0 (Macintosh; Intel Mac OS X 10_15_7) AppleWebKit/537.36 (KHTML, like Gecko) Chrome/149.0.0.0 Safari/537.36",
                "x-forwarded-proto": "https",
                "x-real-ip": "188.86.247.78",
                "x-web-session-id": "1778900541741"
            },
            "cf": {
                "httpProtocol": "HTTP/3",
                "clientAcceptEncoding": "gzip, deflate, br",
                "requestPriority": "",
                "edgeRequestKeepAliveStatus": 1,
                "requestHeaderNames": {},
                "clientTcpRtt": 0,
                "clientQuicRtt": 15,
                "colo": "MAD",
                "asn": 12430,
                "asOrganization": "VODAFONE ESPANA, S.A.U",
                "country": "ES",
                "isEUCountry": "1",
                "city": "Madrid",
                "continent": "EU",
                "region": "Madrid",
                "regionCode": "MD",
                "timezone": "Europe/Madrid",
                "longitude": "-3.70256",
                "latitude": "40.4165",
                "postalCode": "28004",
                "tlsVersion": "TLSv1.3",
                "tlsCipher": "AEAD-AES128-GCM-SHA256",
                "tlsClientRandom": "MTR/VrdDTsWwLk6+a6medcGuTgM46+l+PN7QJbUzssY=",
                "tlsClientCiphersSha1": "3HTt3+R/6BL3zeALJDSq0pR1yOQ=",
                "tlsClientExtensionsSha1": "93pnLPs+ozaBzpwu7mDnjA2PRo4=",
                "tlsClientExtensionsSha1Le": "X7qkEoKDVK/pSQ7uCMMewQmugQQ=",
                "tlsClientHelloLength": "1740",
                "tlsClientAuth": {
                    "certPresented": "0",
                    "certVerified": "NONE",
                    "certRevoked": "0",
                    "certIssuerDN": "",
                    "certSubjectDN": "",
                    "certIssuerDNRFC2253": "",
                    "certSubjectDNRFC2253": "",
                    "certIssuerDNLegacy": "",
                    "certSubjectDNLegacy": "",
                    "certSerial": "",
                    "certIssuerSerial": "",
                    "certSKI": "",
                    "certIssuerSKI": "",
                    "certFingerprintSHA1": "",
                    "certFingerprintSHA256": "",
                    "certNotBefore": "",
                    "certNotAfter": "",
                    "certRFC9440": "",
                    "certRFC9440TooLarge": false,
                    "certChainRFC9440": "",
                    "certChainRFC9440TooLarge": false
                },
                "verifiedBotCategory": "",
                "edgeL4": {
                    "deliveryRate": 10983653
                }
            }
        },
        "response": {
            "status": 200
        }
    }
}
{
    "wallTime": 1409,
    "cpuTime": 13,
    "truncated": false,
    "executionModel": "stateless",
    "outcome": "ok",
    "scriptTags": [
        "cf:service=grupo-eye-staff"
    ],
    "scriptVersion": {
        "id": "3c658acb-3c0a-4f6c-999e-21a279335e47"
    },
    "scriptName": "grupo-eye-staff",
    "diagnosticsChannelEvents": [],
    "exceptions": [],
    "logs": [],
    "eventTimestamp": 1782506199885,
    "event": {
        "request": {
            "url": "https://eye-staff.app/api/chat/conversations",
            "method": "GET",
            "headers": {
                "accept": "*/*",
                "accept-encoding": "gzip, br",
                "accept-language": "es-ES,es;q=0.9,en;q=0.8",
                "authorization": "REDACTED",
                "cf-connecting-ip": "188.86.247.78",
                "cf-ipcountry": "ES",
                "cf-ray": "a11f01654945c69e",
                "cf-visitor": "{\"scheme\":\"https\"}",
                "connection": "Keep-Alive",
                "host": "eye-staff.app",
                "priority": "u=1, i",
                "referer": "https://eye-staff.app/",
                "sec-ch-ua": "\"Google Chrome\";v=\"149\", \"Chromium\";v=\"149\", \"Not)A;Brand\";v=\"24\"",
                "sec-ch-ua-mobile": "?0",
                "sec-ch-ua-platform": "\"macOS\"",
                "sec-fetch-dest": "empty",
                "sec-fetch-mode": "cors",
                "sec-fetch-site": "same-origin",
                "user-agent": "Mozilla/5.0 (Macintosh; Intel Mac OS X 10_15_7) AppleWebKit/537.36 (KHTML, like Gecko) Chrome/149.0.0.0 Safari/537.36",
                "x-forwarded-proto": "https",
                "x-real-ip": "188.86.247.78"
            },
            "cf": {
                "httpProtocol": "HTTP/3",
                "clientAcceptEncoding": "gzip, deflate, br",
                "requestPriority": "",
                "edgeRequestKeepAliveStatus": 1,
                "requestHeaderNames": {},
                "clientTcpRtt": 0,
                "clientQuicRtt": 15,
                "colo": "MAD",
                "asn": 12430,
                "asOrganization": "VODAFONE ESPANA, S.A.U",
                "country": "ES",
                "isEUCountry": "1",
                "city": "Madrid",
                "continent": "EU",
                "region": "Madrid",
                "regionCode": "MD",
                "timezone": "Europe/Madrid",
                "longitude": "-3.70256",
                "latitude": "40.4165",
                "postalCode": "28004",
                "tlsVersion": "TLSv1.3",
                "tlsCipher": "AEAD-AES128-GCM-SHA256",
                "tlsClientRandom": "MTR/VrdDTsWwLk6+a6medcGuTgM46+l+PN7QJbUzssY=",
                "tlsClientCiphersSha1": "3HTt3+R/6BL3zeALJDSq0pR1yOQ=",
                "tlsClientExtensionsSha1": "93pnLPs+ozaBzpwu7mDnjA2PRo4=",
                "tlsClientExtensionsSha1Le": "X7qkEoKDVK/pSQ7uCMMewQmugQQ=",
                "tlsClientHelloLength": "1740",
                "tlsClientAuth": {
                    "certPresented": "0",
                    "certVerified": "NONE",
                    "certRevoked": "0",
                    "certIssuerDN": "",
                    "certSubjectDN": "",
                    "certIssuerDNRFC2253": "",
                    "certSubjectDNRFC2253": "",
                    "certIssuerDNLegacy": "",
                    "certSubjectDNLegacy": "",
                    "certSerial": "",
                    "certIssuerSerial": "",
                    "certSKI": "",
                    "certIssuerSKI": "",
                    "certFingerprintSHA1": "",
                    "certFingerprintSHA256": "",
                    "certNotBefore": "",
                    "certNotAfter": "",
                    "certRFC9440": "",
                    "certRFC9440TooLarge": false,
                    "certChainRFC9440": "",
                    "certChainRFC9440TooLarge": false
                },
                "verifiedBotCategory": "",
                "edgeL4": {
                    "deliveryRate": 10983653
                }
            }
        },
        "response": {
            "status": 200
        }
    }
}
{
    "wallTime": 90,
    "cpuTime": 2,
    "truncated": false,
    "executionModel": "stateless",
    "outcome": "ok",
    "scriptTags": [
        "cf:service=grupo-eye-staff"
    ],
    "scriptVersion": {
        "id": "3c658acb-3c0a-4f6c-999e-21a279335e47"
    },
    "scriptName": "grupo-eye-staff",
    "diagnosticsChannelEvents": [],
    "exceptions": [],
    "logs": [],
    "eventTimestamp": 1782506201660,
    "event": {
        "request": {
            "url": "https://eye-staff.app/api/my-permissions?t=1782506201571",
            "method": "GET",
            "headers": {
                "accept": "*/*",
                "accept-encoding": "gzip, br",
                "accept-language": "es-ES,es;q=0.9,en;q=0.8",
                "authorization": "REDACTED",
                "cache-control": "no-cache",
                "cf-connecting-ip": "188.86.247.78",
                "cf-ipcountry": "ES",
                "cf-ray": "a11f01705acdc69e",
                "cf-visitor": "{\"scheme\":\"https\"}",
                "connection": "Keep-Alive",
                "content-type": "application/json",
                "host": "eye-staff.app",
                "pragma": "no-cache",
                "priority": "u=1, i",
                "referer": "https://eye-staff.app/",
                "sec-ch-ua": "\"Google Chrome\";v=\"149\", \"Chromium\";v=\"149\", \"Not)A;Brand\";v=\"24\"",
                "sec-ch-ua-mobile": "?0",
                "sec-ch-ua-platform": "\"macOS\"",
                "sec-fetch-dest": "empty",
                "sec-fetch-mode": "cors",
                "sec-fetch-site": "same-origin",
                "user-agent": "Mozilla/5.0 (Macintosh; Intel Mac OS X 10_15_7) AppleWebKit/537.36 (KHTML, like Gecko) Chrome/149.0.0.0 Safari/537.36",
                "x-forwarded-proto": "https",
                "x-real-ip": "188.86.247.78",
                "x-web-session-id": "1778900541741"
            },
            "cf": {
                "httpProtocol": "HTTP/3",
                "clientAcceptEncoding": "gzip, deflate, br",
                "requestPriority": "",
                "edgeRequestKeepAliveStatus": 1,
                "requestHeaderNames": {},
                "clientTcpRtt": 0,
                "clientQuicRtt": 8,
                "colo": "MAD",
                "asn": 12430,
                "asOrganization": "VODAFONE ESPANA, S.A.U",
                "country": "ES",
                "isEUCountry": "1",
                "city": "Madrid",
                "continent": "EU",
                "region": "Madrid",
                "regionCode": "MD",
                "timezone": "Europe/Madrid",
                "longitude": "-3.70256",
                "latitude": "40.4165",
                "postalCode": "28004",
                "tlsVersion": "TLSv1.3",
                "tlsCipher": "AEAD-AES128-GCM-SHA256",
                "tlsClientRandom": "MTR/VrdDTsWwLk6+a6medcGuTgM46+l+PN7QJbUzssY=",
                "tlsClientCiphersSha1": "3HTt3+R/6BL3zeALJDSq0pR1yOQ=",
                "tlsClientExtensionsSha1": "93pnLPs+ozaBzpwu7mDnjA2PRo4=",
                "tlsClientExtensionsSha1Le": "X7qkEoKDVK/pSQ7uCMMewQmugQQ=",
                "tlsClientHelloLength": "1740",
                "tlsClientAuth": {
                    "certPresented": "0",
                    "certVerified": "NONE",
                    "certRevoked": "0",
                    "certIssuerDN": "",
                    "certSubjectDN": "",
                    "certIssuerDNRFC2253": "",
                    "certSubjectDNRFC2253": "",
                    "certIssuerDNLegacy": "",
                    "certSubjectDNLegacy": "",
                    "certSerial": "",
                    "certIssuerSerial": "",
                    "certSKI": "",
                    "certIssuerSKI": "",
                    "certFingerprintSHA1": "",
                    "certFingerprintSHA256": "",
                    "certNotBefore": "",
                    "certNotAfter": "",
                    "certRFC9440": "",
                    "certRFC9440TooLarge": false,
                    "certChainRFC9440": "",
                    "certChainRFC9440TooLarge": false
                },
                "verifiedBotCategory": "",
                "edgeL4": {
                    "deliveryRate": 14516421
                }
            }
        },
        "response": {
            "status": 200
        }
    }
}
{
    "wallTime": 91,
    "cpuTime": 1,
    "truncated": false,
    "executionModel": "stateless",
    "outcome": "ok",
    "scriptTags": [
        "cf:service=grupo-eye-staff"
    ],
    "scriptVersion": {
        "id": "3c658acb-3c0a-4f6c-999e-21a279335e47"
    },
    "scriptName": "grupo-eye-staff",
    "diagnosticsChannelEvents": [],
    "exceptions": [],
    "logs": [],
    "eventTimestamp": 1782506201660,
    "event": {
        "request": {
            "url": "https://eye-staff.app/api/staff/live-locations?t=1782506201572",
            "method": "GET",
            "headers": {
                "accept": "*/*",
                "accept-encoding": "gzip, br",
                "accept-language": "es-ES,es;q=0.9,en;q=0.8",
                "authorization": "REDACTED",
                "cache-control": "no-cache",
                "cf-connecting-ip": "188.86.247.78",
                "cf-ipcountry": "ES",
                "cf-ray": "a11f01705acfc69e",
                "cf-visitor": "{\"scheme\":\"https\"}",
                "connection": "Keep-Alive",
                "content-type": "application/json",
                "host": "eye-staff.app",
                "pragma": "no-cache",
                "priority": "u=1, i",
                "referer": "https://eye-staff.app/",
                "sec-ch-ua": "\"Google Chrome\";v=\"149\", \"Chromium\";v=\"149\", \"Not)A;Brand\";v=\"24\"",
                "sec-ch-ua-mobile": "?0",
                "sec-ch-ua-platform": "\"macOS\"",
                "sec-fetch-dest": "empty",
                "sec-fetch-mode": "cors",
                "sec-fetch-site": "same-origin",
                "user-agent": "Mozilla/5.0 (Macintosh; Intel Mac OS X 10_15_7) AppleWebKit/537.36 (KHTML, like Gecko) Chrome/149.0.0.0 Safari/537.36",
                "x-forwarded-proto": "https",
                "x-real-ip": "188.86.247.78",
                "x-web-session-id": "1778900541741"
            },
            "cf": {
                "httpProtocol": "HTTP/3",
                "clientAcceptEncoding": "gzip, deflate, br",
                "requestPriority": "",
                "edgeRequestKeepAliveStatus": 1,
                "requestHeaderNames": {},
                "clientTcpRtt": 0,
                "clientQuicRtt": 8,
                "colo": "MAD",
                "asn": 12430,
                "asOrganization": "VODAFONE ESPANA, S.A.U",
                "country": "ES",
                "isEUCountry": "1",
                "city": "Madrid",
                "continent": "EU",
                "region": "Madrid",
                "regionCode": "MD",
                "timezone": "Europe/Madrid",
                "longitude": "-3.70256",
                "latitude": "40.4165",
                "postalCode": "28004",
                "tlsVersion": "TLSv1.3",
                "tlsCipher": "AEAD-AES128-GCM-SHA256",
                "tlsClientRandom": "MTR/VrdDTsWwLk6+a6medcGuTgM46+l+PN7QJbUzssY=",
                "tlsClientCiphersSha1": "3HTt3+R/6BL3zeALJDSq0pR1yOQ=",
                "tlsClientExtensionsSha1": "93pnLPs+ozaBzpwu7mDnjA2PRo4=",
                "tlsClientExtensionsSha1Le": "X7qkEoKDVK/pSQ7uCMMewQmugQQ=",
                "tlsClientHelloLength": "1740",
                "tlsClientAuth": {
                    "certPresented": "0",
                    "certVerified": "NONE",
                    "certRevoked": "0",
                    "certIssuerDN": "",
                    "certSubjectDN": "",
                    "certIssuerDNRFC2253": "",
                    "certSubjectDNRFC2253": "",
                    "certIssuerDNLegacy": "",
                    "certSubjectDNLegacy": "",
                    "certSerial": "",
                    "certIssuerSerial": "",
                    "certSKI": "",
                    "certIssuerSKI": "",
                    "certFingerprintSHA1": "",
                    "certFingerprintSHA256": "",
                    "certNotBefore": "",
                    "certNotAfter": "",
                    "certRFC9440": "",
                    "certRFC9440TooLarge": false,
                    "certChainRFC9440": "",
                    "certChainRFC9440TooLarge": false
                },
                "verifiedBotCategory": "",
                "edgeL4": {
                    "deliveryRate": 14516421
                }
            }
        },
        "response": {
            "status": 200
        }
    }
}
{
    "wallTime": 1378,
    "cpuTime": 14,
    "truncated": false,
    "executionModel": "stateless",
    "outcome": "ok",
    "scriptTags": [
        "cf:service=grupo-eye-staff"
    ],
    "scriptVersion": {
        "id": "3c658acb-3c0a-4f6c-999e-21a279335e47"
    },
    "scriptName": "grupo-eye-staff",
    "diagnosticsChannelEvents": [],
    "exceptions": [],
    "logs": [],
    "eventTimestamp": 1782506201658,
    "event": {
        "request": {
            "url": "https://eye-staff.app/api/settings?t=1782506201571",
            "method": "GET",
            "headers": {
                "accept": "*/*",
                "accept-encoding": "gzip, br",
                "accept-language": "es-ES,es;q=0.9,en;q=0.8",
                "authorization": "REDACTED",
                "cache-control": "no-cache",
                "cf-connecting-ip": "188.86.247.78",
                "cf-ipcountry": "ES",
                "cf-ray": "a11f01705acec69e",
                "cf-visitor": "{\"scheme\":\"https\"}",
                "connection": "Keep-Alive",
                "content-type": "application/json",
                "host": "eye-staff.app",
                "pragma": "no-cache",
                "priority": "u=1, i",
                "referer": "https://eye-staff.app/",
                "sec-ch-ua": "\"Google Chrome\";v=\"149\", \"Chromium\";v=\"149\", \"Not)A;Brand\";v=\"24\"",
                "sec-ch-ua-mobile": "?0",
                "sec-ch-ua-platform": "\"macOS\"",
                "sec-fetch-dest": "empty",
                "sec-fetch-mode": "cors",
                "sec-fetch-site": "same-origin",
                "user-agent": "Mozilla/5.0 (Macintosh; Intel Mac OS X 10_15_7) AppleWebKit/537.36 (KHTML, like Gecko) Chrome/149.0.0.0 Safari/537.36",
                "x-forwarded-proto": "https",
                "x-real-ip": "188.86.247.78",
                "x-web-session-id": "1778900541741"
            },
            "cf": {
                "httpProtocol": "HTTP/3",
                "clientAcceptEncoding": "gzip, deflate, br",
                "requestPriority": "",
                "edgeRequestKeepAliveStatus": 1,
                "requestHeaderNames": {},
                "clientTcpRtt": 0,
                "clientQuicRtt": 8,
                "colo": "MAD",
                "asn": 12430,
                "asOrganization": "VODAFONE ESPANA, S.A.U",
                "country": "ES",
                "isEUCountry": "1",
                "city": "Madrid",
                "continent": "EU",
                "region": "Madrid",
                "regionCode": "MD",
                "timezone": "Europe/Madrid",
                "longitude": "-3.70256",
                "latitude": "40.4165",
                "postalCode": "28004",
                "tlsVersion": "TLSv1.3",
                "tlsCipher": "AEAD-AES128-GCM-SHA256",
                "tlsClientRandom": "MTR/VrdDTsWwLk6+a6medcGuTgM46+l+PN7QJbUzssY=",
                "tlsClientCiphersSha1": "3HTt3+R/6BL3zeALJDSq0pR1yOQ=",
                "tlsClientExtensionsSha1": "93pnLPs+ozaBzpwu7mDnjA2PRo4=",
                "tlsClientExtensionsSha1Le": "X7qkEoKDVK/pSQ7uCMMewQmugQQ=",
                "tlsClientHelloLength": "1740",
                "tlsClientAuth": {
                    "certPresented": "0",
                    "certVerified": "NONE",
                    "certRevoked": "0",
                    "certIssuerDN": "",
                    "certSubjectDN": "",
                    "certIssuerDNRFC2253": "",
                    "certSubjectDNRFC2253": "",
                    "certIssuerDNLegacy": "",
                    "certSubjectDNLegacy": "",
                    "certSerial": "",
                    "certIssuerSerial": "",
                    "certSKI": "",
                    "certIssuerSKI": "",
                    "certFingerprintSHA1": "",
                    "certFingerprintSHA256": "",
                    "certNotBefore": "",
                    "certNotAfter": "",
                    "certRFC9440": "",
                    "certRFC9440TooLarge": false,
                    "certChainRFC9440": "",
                    "certChainRFC9440TooLarge": false
                },
                "verifiedBotCategory": "",
                "edgeL4": {
                    "deliveryRate": 14516421
                }
            }
        },
        "response": {
            "status": 200
        }
    }
}
{
    "wallTime": 384,
    "cpuTime": 3,
    "truncated": false,
    "executionModel": "stateless",
    "outcome": "ok",
    "scriptTags": [
        "cf:service=grupo-eye-staff"
    ],
    "scriptVersion": {
        "id": "3c658acb-3c0a-4f6c-999e-21a279335e47"
    },
    "scriptName": "grupo-eye-staff",
    "diagnosticsChannelEvents": [],
    "exceptions": [],
    "logs": [],
    "eventTimestamp": 1782506203138,
    "event": {
        "request": {
            "url": "https://eye-staff.app/api/sessions/active?t=1782506203051",
            "method": "GET",
            "headers": {
                "accept": "*/*",
                "accept-encoding": "gzip, br",
                "accept-language": "es-ES,es;q=0.9,en;q=0.8",
                "authorization": "REDACTED",
                "cache-control": "no-cache",
                "cf-connecting-ip": "188.86.247.78",
                "cf-ipcountry": "ES",
                "cf-ray": "a11f01799c1bc69e",
                "cf-visitor": "{\"scheme\":\"https\"}",
                "connection": "Keep-Alive",
                "content-type": "application/json",
                "host": "eye-staff.app",
                "pragma": "no-cache",
                "priority": "u=1, i",
                "referer": "https://eye-staff.app/",
                "sec-ch-ua": "\"Google Chrome\";v=\"149\", \"Chromium\";v=\"149\", \"Not)A;Brand\";v=\"24\"",
                "sec-ch-ua-mobile": "?0",
                "sec-ch-ua-platform": "\"macOS\"",
                "sec-fetch-dest": "empty",
                "sec-fetch-mode": "cors",
                "sec-fetch-site": "same-origin",
                "user-agent": "Mozilla/5.0 (Macintosh; Intel Mac OS X 10_15_7) AppleWebKit/537.36 (KHTML, like Gecko) Chrome/149.0.0.0 Safari/537.36",
                "x-forwarded-proto": "https",
                "x-real-ip": "188.86.247.78",
                "x-web-session-id": "1778900541741"
            },
            "cf": {
                "httpProtocol": "HTTP/3",
                "clientAcceptEncoding": "gzip, deflate, br",
                "requestPriority": "",
                "edgeRequestKeepAliveStatus": 1,
                "requestHeaderNames": {},
                "clientTcpRtt": 0,
                "clientQuicRtt": 12,
                "colo": "MAD",
                "asn": 12430,
                "asOrganization": "VODAFONE ESPANA, S.A.U",
                "country": "ES",
                "isEUCountry": "1",
                "city": "Madrid",
                "continent": "EU",
                "region": "Madrid",
                "regionCode": "MD",
                "timezone": "Europe/Madrid",
                "longitude": "-3.70256",
                "latitude": "40.4165",
                "postalCode": "28004",
                "tlsVersion": "TLSv1.3",
                "tlsCipher": "AEAD-AES128-GCM-SHA256",
                "tlsClientRandom": "MTR/VrdDTsWwLk6+a6medcGuTgM46+l+PN7QJbUzssY=",
                "tlsClientCiphersSha1": "3HTt3+R/6BL3zeALJDSq0pR1yOQ=",
                "tlsClientExtensionsSha1": "93pnLPs+ozaBzpwu7mDnjA2PRo4=",
                "tlsClientExtensionsSha1Le": "X7qkEoKDVK/pSQ7uCMMewQmugQQ=",
                "tlsClientHelloLength": "1740",
                "tlsClientAuth": {
                    "certPresented": "0",
                    "certVerified": "NONE",
                    "certRevoked": "0",
                    "certIssuerDN": "",
                    "certSubjectDN": "",
                    "certIssuerDNRFC2253": "",
                    "certSubjectDNRFC2253": "",
                    "certIssuerDNLegacy": "",
                    "certSubjectDNLegacy": "",
                    "certSerial": "",
                    "certIssuerSerial": "",
                    "certSKI": "",
                    "certIssuerSKI": "",
                    "certFingerprintSHA1": "",
                    "certFingerprintSHA256": "",
                    "certNotBefore": "",
                    "certNotAfter": "",
                    "certRFC9440": "",
                    "certRFC9440TooLarge": false,
                    "certChainRFC9440": "",
                    "certChainRFC9440TooLarge": false
                },
                "verifiedBotCategory": "",
                "edgeL4": {
                    "deliveryRate": 14516421
                }
            }
        },
        "response": {
            "status": 200
        }
    }
}
{
    "wallTime": 1437,
    "cpuTime": 12,
    "truncated": false,
    "executionModel": "stateless",
    "outcome": "ok",
    "scriptTags": [
        "cf:service=grupo-eye-staff"
    ],
    "scriptVersion": {
        "id": "3c658acb-3c0a-4f6c-999e-21a279335e47"
    },
    "scriptName": "grupo-eye-staff",
    "diagnosticsChannelEvents": [],
    "exceptions": [],
    "logs": [],
    "eventTimestamp": 1782506202661,
    "event": {
        "request": {
            "url": "https://eye-staff.app/api/chat/conversations",
            "method": "GET",
            "headers": {
                "accept": "*/*",
                "accept-encoding": "gzip, br",
                "accept-language": "es-ES,es;q=0.9,en;q=0.8",
                "authorization": "REDACTED",
                "cf-connecting-ip": "188.86.247.78",
                "cf-ipcountry": "ES",
                "cf-ray": "a11f01769bb6c69e",
                "cf-visitor": "{\"scheme\":\"https\"}",
                "connection": "Keep-Alive",
                "host": "eye-staff.app",
                "priority": "u=1, i",
                "referer": "https://eye-staff.app/",
                "sec-ch-ua": "\"Google Chrome\";v=\"149\", \"Chromium\";v=\"149\", \"Not)A;Brand\";v=\"24\"",
                "sec-ch-ua-mobile": "?0",
                "sec-ch-ua-platform": "\"macOS\"",
                "sec-fetch-dest": "empty",
                "sec-fetch-mode": "cors",
                "sec-fetch-site": "same-origin",
                "user-agent": "Mozilla/5.0 (Macintosh; Intel Mac OS X 10_15_7) AppleWebKit/537.36 (KHTML, like Gecko) Chrome/149.0.0.0 Safari/537.36",
                "x-forwarded-proto": "https",
                "x-real-ip": "188.86.247.78"
            },
            "cf": {
                "httpProtocol": "HTTP/3",
                "clientAcceptEncoding": "gzip, deflate, br",
                "requestPriority": "",
                "edgeRequestKeepAliveStatus": 1,
                "requestHeaderNames": {},
                "clientTcpRtt": 0,
                "clientQuicRtt": 7,
                "colo": "MAD",
                "asn": 12430,
                "asOrganization": "VODAFONE ESPANA, S.A.U",
                "country": "ES",
                "isEUCountry": "1",
                "city": "Madrid",
                "continent": "EU",
                "region": "Madrid",
                "regionCode": "MD",
                "timezone": "Europe/Madrid",
                "longitude": "-3.70256",
                "latitude": "40.4165",
                "postalCode": "28004",
                "tlsVersion": "TLSv1.3",
                "tlsCipher": "AEAD-AES128-GCM-SHA256",
                "tlsClientRandom": "MTR/VrdDTsWwLk6+a6medcGuTgM46+l+PN7QJbUzssY=",
                "tlsClientCiphersSha1": "3HTt3+R/6BL3zeALJDSq0pR1yOQ=",
                "tlsClientExtensionsSha1": "93pnLPs+ozaBzpwu7mDnjA2PRo4=",
                "tlsClientExtensionsSha1Le": "X7qkEoKDVK/pSQ7uCMMewQmugQQ=",
                "tlsClientHelloLength": "1740",
                "tlsClientAuth": {
                    "certPresented": "0",
                    "certVerified": "NONE",
                    "certRevoked": "0",
                    "certIssuerDN": "",
                    "certSubjectDN": "",
                    "certIssuerDNRFC2253": "",
                    "certSubjectDNRFC2253": "",
                    "certIssuerDNLegacy": "",
                    "certSubjectDNLegacy": "",
                    "certSerial": "",
                    "certIssuerSerial": "",
                    "certSKI": "",
                    "certIssuerSKI": "",
                    "certFingerprintSHA1": "",
                    "certFingerprintSHA256": "",
                    "certNotBefore": "",
                    "certNotAfter": "",
                    "certRFC9440": "",
                    "certRFC9440TooLarge": false,
                    "certChainRFC9440": "",
                    "certChainRFC9440TooLarge": false
                },
                "verifiedBotCategory": "",
                "edgeL4": {
                    "deliveryRate": 14516421
                }
            }
        },
        "response": {
            "status": 200
        }
    }
}
{
    "wallTime": 910,
    "cpuTime": 7,
    "truncated": false,
    "executionModel": "stateless",
    "outcome": "ok",
    "scriptTags": [
        "cf:service=grupo-eye-staff"
    ],
    "scriptVersion": {
        "id": "3c658acb-3c0a-4f6c-999e-21a279335e47"
    },
    "scriptName": "grupo-eye-staff",
    "diagnosticsChannelEvents": [],
    "exceptions": [],
    "logs": [],
    "eventTimestamp": 1782506203655,
    "event": {
        "request": {
            "url": "https://eye-staff.app/api/sessions/concluded?t=1782506203569",
            "method": "GET",
            "headers": {
                "accept": "*/*",
                "accept-encoding": "gzip, br",
                "accept-language": "es-ES,es;q=0.9,en;q=0.8",
                "authorization": "REDACTED",
                "cache-control": "no-cache",
                "cf-connecting-ip": "188.86.247.78",
                "cf-ipcountry": "ES",
                "cf-ray": "a11f017ccc96c69e",
                "cf-visitor": "{\"scheme\":\"https\"}",
                "connection": "Keep-Alive",
                "content-type": "application/json",
                "host": "eye-staff.app",
                "pragma": "no-cache",
                "priority": "u=1, i",
                "referer": "https://eye-staff.app/",
                "sec-ch-ua": "\"Google Chrome\";v=\"149\", \"Chromium\";v=\"149\", \"Not)A;Brand\";v=\"24\"",
                "sec-ch-ua-mobile": "?0",
                "sec-ch-ua-platform": "\"macOS\"",
                "sec-fetch-dest": "empty",
                "sec-fetch-mode": "cors",
                "sec-fetch-site": "same-origin",
                "user-agent": "Mozilla/5.0 (Macintosh; Intel Mac OS X 10_15_7) AppleWebKit/537.36 (KHTML, like Gecko) Chrome/149.0.0.0 Safari/537.36",
                "x-forwarded-proto": "https",
                "x-real-ip": "188.86.247.78",
                "x-web-session-id": "1778900541741"
            },
            "cf": {
                "httpProtocol": "HTTP/3",
                "clientAcceptEncoding": "gzip, deflate, br",
                "requestPriority": "",
                "edgeRequestKeepAliveStatus": 1,
                "requestHeaderNames": {},
                "clientTcpRtt": 0,
                "clientQuicRtt": 17,
                "colo": "MAD",
                "asn": 12430,
                "asOrganization": "VODAFONE ESPANA, S.A.U",
                "country": "ES",
                "isEUCountry": "1",
                "city": "Madrid",
                "continent": "EU",
                "region": "Madrid",
                "regionCode": "MD",
                "timezone": "Europe/Madrid",
                "longitude": "-3.70256",
                "latitude": "40.4165",
                "postalCode": "28004",
                "tlsVersion": "TLSv1.3",
                "tlsCipher": "AEAD-AES128-GCM-SHA256",
                "tlsClientRandom": "MTR/VrdDTsWwLk6+a6medcGuTgM46+l+PN7QJbUzssY=",
                "tlsClientCiphersSha1": "3HTt3+R/6BL3zeALJDSq0pR1yOQ=",
                "tlsClientExtensionsSha1": "93pnLPs+ozaBzpwu7mDnjA2PRo4=",
                "tlsClientExtensionsSha1Le": "X7qkEoKDVK/pSQ7uCMMewQmugQQ=",
                "tlsClientHelloLength": "1740",
                "tlsClientAuth": {
                    "certPresented": "0",
                    "certVerified": "NONE",
                    "certRevoked": "0",
                    "certIssuerDN": "",
                    "certSubjectDN": "",
                    "certIssuerDNRFC2253": "",
                    "certSubjectDNRFC2253": "",
                    "certIssuerDNLegacy": "",
                    "certSubjectDNLegacy": "",
                    "certSerial": "",
                    "certIssuerSerial": "",
                    "certSKI": "",
                    "certIssuerSKI": "",
                    "certFingerprintSHA1": "",
                    "certFingerprintSHA256": "",
                    "certNotBefore": "",
                    "certNotAfter": "",
                    "certRFC9440": "",
                    "certRFC9440TooLarge": false,
                    "certChainRFC9440": "",
                    "certChainRFC9440TooLarge": false
                },
                "verifiedBotCategory": "",
                "edgeL4": {
                    "deliveryRate": 14516421
                }
            }
        },
        "response": {
            "status": 200
        }
    }
}
{
    "wallTime": 37,
    "cpuTime": 0,
    "truncated": false,
    "executionModel": "stateless",
    "outcome": "ok",
    "scriptTags": [
        "cf:service=grupo-eye-staff"
    ],
    "scriptVersion": {
        "id": "3c658acb-3c0a-4f6c-999e-21a279335e47"
    },
    "scriptName": "grupo-eye-staff",
    "diagnosticsChannelEvents": [],
    "exceptions": [],
    "logs": [],
    "eventTimestamp": 1782506204675,
    "event": {
        "request": {
            "url": "https://eye-staff.app/api/presupuestos?t=1782506204589",
            "method": "GET",
            "headers": {
                "accept": "*/*",
                "accept-encoding": "gzip, br",
                "accept-language": "es-ES,es;q=0.9,en;q=0.8",
                "authorization": "REDACTED",
                "cache-control": "no-cache",
                "cf-connecting-ip": "188.86.247.78",
                "cf-ipcountry": "ES",
                "cf-ray": "a11f01833d7ac69e",
                "cf-visitor": "{\"scheme\":\"https\"}",
                "connection": "Keep-Alive",
                "content-type": "application/json",
                "host": "eye-staff.app",
                "pragma": "no-cache",
                "priority": "u=1, i",
                "referer": "https://eye-staff.app/",
                "sec-ch-ua": "\"Google Chrome\";v=\"149\", \"Chromium\";v=\"149\", \"Not)A;Brand\";v=\"24\"",
                "sec-ch-ua-mobile": "?0",
                "sec-ch-ua-platform": "\"macOS\"",
                "sec-fetch-dest": "empty",
                "sec-fetch-mode": "cors",
                "sec-fetch-site": "same-origin",
                "user-agent": "Mozilla/5.0 (Macintosh; Intel Mac OS X 10_15_7) AppleWebKit/537.36 (KHTML, like Gecko) Chrome/149.0.0.0 Safari/537.36",
                "x-forwarded-proto": "https",
                "x-real-ip": "188.86.247.78",
                "x-web-session-id": "1778900541741"
            },
            "cf": {
                "httpProtocol": "HTTP/3",
                "clientAcceptEncoding": "gzip, deflate, br",
                "requestPriority": "",
                "edgeRequestKeepAliveStatus": 1,
                "requestHeaderNames": {},
                "clientTcpRtt": 0,
                "clientQuicRtt": 22,
                "colo": "MAD",
                "asn": 12430,
                "asOrganization": "VODAFONE ESPANA, S.A.U",
                "country": "ES",
                "isEUCountry": "1",
                "city": "Madrid",
                "continent": "EU",
                "region": "Madrid",
                "regionCode": "MD",
                "timezone": "Europe/Madrid",
                "longitude": "-3.70256",
                "latitude": "40.4165",
                "postalCode": "28004",
                "tlsVersion": "TLSv1.3",
                "tlsCipher": "AEAD-AES128-GCM-SHA256",
                "tlsClientRandom": "MTR/VrdDTsWwLk6+a6medcGuTgM46+l+PN7QJbUzssY=",
                "tlsClientCiphersSha1": "3HTt3+R/6BL3zeALJDSq0pR1yOQ=",
                "tlsClientExtensionsSha1": "93pnLPs+ozaBzpwu7mDnjA2PRo4=",
                "tlsClientExtensionsSha1Le": "X7qkEoKDVK/pSQ7uCMMewQmugQQ=",
                "tlsClientHelloLength": "1740",
                "tlsClientAuth": {
                    "certPresented": "0",
                    "certVerified": "NONE",
                    "certRevoked": "0",
                    "certIssuerDN": "",
                    "certSubjectDN": "",
                    "certIssuerDNRFC2253": "",
                    "certSubjectDNRFC2253": "",
                    "certIssuerDNLegacy": "",
                    "certSubjectDNLegacy": "",
                    "certSerial": "",
                    "certIssuerSerial": "",
                    "certSKI": "",
                    "certIssuerSKI": "",
                    "certFingerprintSHA1": "",
                    "certFingerprintSHA256": "",
                    "certNotBefore": "",
                    "certNotAfter": "",
                    "certRFC9440": "",
                    "certRFC9440TooLarge": false,
                    "certChainRFC9440": "",
                    "certChainRFC9440TooLarge": false
                },
                "verifiedBotCategory": "",
                "edgeL4": {
                    "deliveryRate": 14516421
                }
            }
        },
        "response": {
            "status": 200
        }
    }
}
{
    "wallTime": 86,
    "cpuTime": 1,
    "truncated": false,
    "executionModel": "stateless",
    "outcome": "ok",
    "scriptTags": [
        "cf:service=grupo-eye-staff"
    ],
    "scriptVersion": {
        "id": "3c658acb-3c0a-4f6c-999e-21a279335e47"
    },
    "scriptName": "grupo-eye-staff",
    "diagnosticsChannelEvents": [],
    "exceptions": [],
    "logs": [],
    "eventTimestamp": 1782506204738,
    "event": {
        "request": {
            "url": "https://eye-staff.app/api/vehicles/active?session_id=146&t=1782506204647",
            "method": "GET",
            "headers": {
                "accept": "*/*",
                "accept-encoding": "gzip, br",
                "accept-language": "es-ES,es;q=0.9,en;q=0.8",
                "authorization": "REDACTED",
                "cache-control": "no-cache",
                "cf-connecting-ip": "188.86.247.78",
                "cf-ipcountry": "ES",
                "cf-ray": "a11f01838d86c69e",
                "cf-visitor": "{\"scheme\":\"https\"}",
                "connection": "Keep-Alive",
                "content-type": "application/json",
                "host": "eye-staff.app",
                "pragma": "no-cache",
                "priority": "u=1, i",
                "referer": "https://eye-staff.app/",
                "sec-ch-ua": "\"Google Chrome\";v=\"149\", \"Chromium\";v=\"149\", \"Not)A;Brand\";v=\"24\"",
                "sec-ch-ua-mobile": "?0",
                "sec-ch-ua-platform": "\"macOS\"",
                "sec-fetch-dest": "empty",
                "sec-fetch-mode": "cors",
                "sec-fetch-site": "same-origin",
                "user-agent": "Mozilla/5.0 (Macintosh; Intel Mac OS X 10_15_7) AppleWebKit/537.36 (KHTML, like Gecko) Chrome/149.0.0.0 Safari/537.36",
                "x-forwarded-proto": "https",
                "x-real-ip": "188.86.247.78",
                "x-web-session-id": "1778900541741"
            },
            "cf": {
                "httpProtocol": "HTTP/3",
                "clientAcceptEncoding": "gzip, deflate, br",
                "requestPriority": "",
                "edgeRequestKeepAliveStatus": 1,
                "requestHeaderNames": {},
                "clientTcpRtt": 0,
                "clientQuicRtt": 20,
                "colo": "MAD",
                "asn": 12430,
                "asOrganization": "VODAFONE ESPANA, S.A.U",
                "country": "ES",
                "isEUCountry": "1",
                "city": "Madrid",
                "continent": "EU",
                "region": "Madrid",
                "regionCode": "MD",
                "timezone": "Europe/Madrid",
                "longitude": "-3.70256",
                "latitude": "40.4165",
                "postalCode": "28004",
                "tlsVersion": "TLSv1.3",
                "tlsCipher": "AEAD-AES128-GCM-SHA256",
                "tlsClientRandom": "MTR/VrdDTsWwLk6+a6medcGuTgM46+l+PN7QJbUzssY=",
                "tlsClientCiphersSha1": "3HTt3+R/6BL3zeALJDSq0pR1yOQ=",
                "tlsClientExtensionsSha1": "93pnLPs+ozaBzpwu7mDnjA2PRo4=",
                "tlsClientExtensionsSha1Le": "X7qkEoKDVK/pSQ7uCMMewQmugQQ=",
                "tlsClientHelloLength": "1740",
                "tlsClientAuth": {
                    "certPresented": "0",
                    "certVerified": "NONE",
                    "certRevoked": "0",
                    "certIssuerDN": "",
                    "certSubjectDN": "",
                    "certIssuerDNRFC2253": "",
                    "certSubjectDNRFC2253": "",
                    "certIssuerDNLegacy": "",
                    "certSubjectDNLegacy": "",
                    "certSerial": "",
                    "certIssuerSerial": "",
                    "certSKI": "",
                    "certIssuerSKI": "",
                    "certFingerprintSHA1": "",
                    "certFingerprintSHA256": "",
                    "certNotBefore": "",
                    "certNotAfter": "",
                    "certRFC9440": "",
                    "certRFC9440TooLarge": false,
                    "certChainRFC9440": "",
                    "certChainRFC9440TooLarge": false
                },
                "verifiedBotCategory": "",
                "edgeL4": {
                    "deliveryRate": 14516421
                }
            }
        },
        "response": {
            "status": 200
        }
    }
}
{
    "wallTime": 0,
    "cpuTime": 0,
    "truncated": false,
    "executionModel": "stateless",
    "outcome": "ok",
    "scriptTags": [
        "cf:service=grupo-eye-staff"
    ],
    "scriptVersion": {
        "id": "3c658acb-3c0a-4f6c-999e-21a279335e47"
    },
    "scriptName": "grupo-eye-staff",
    "diagnosticsChannelEvents": [],
    "exceptions": [],
    "logs": [],
    "eventTimestamp": 1782506214695,
    "event": {
        "request": {
            "url": "https://eye-staff.app/api/chat/conversations",
            "method": "GET",
            "headers": {
                "accept": "*/*",
                "accept-encoding": "gzip, br",
                "accept-language": "es-ES,es;q=0.9,en;q=0.8",
                "authorization": "REDACTED",
                "cf-connecting-ip": "188.86.247.78",
                "cf-ipcountry": "ES",
                "cf-ray": "a11f01c1cf30cfe6",
                "cf-visitor": "{\"scheme\":\"https\"}",
                "connection": "Keep-Alive",
                "host": "eye-staff.app",
                "priority": "u=1, i",
                "referer": "https://eye-staff.app/",
                "sec-ch-ua": "\"Google Chrome\";v=\"149\", \"Chromium\";v=\"149\", \"Not)A;Brand\";v=\"24\"",
                "sec-ch-ua-mobile": "?0",
                "sec-ch-ua-platform": "\"macOS\"",
                "sec-fetch-dest": "empty",
                "sec-fetch-mode": "cors",
                "sec-fetch-site": "same-origin",
                "user-agent": "Mozilla/5.0 (Macintosh; Intel Mac OS X 10_15_7) AppleWebKit/537.36 (KHTML, like Gecko) Chrome/149.0.0.0 Safari/537.36",
                "x-forwarded-proto": "https",
                "x-real-ip": "188.86.247.78"
            },
            "cf": {
                "httpProtocol": "HTTP/3",
                "clientAcceptEncoding": "gzip, deflate, br",
                "requestPriority": "",
                "edgeRequestKeepAliveStatus": 1,
                "requestHeaderNames": {},
                "clientTcpRtt": 0,
                "clientQuicRtt": 9,
                "colo": "MAD",
                "asn": 12430,
                "asOrganization": "VODAFONE ESPANA, S.A.U",
                "country": "ES",
                "isEUCountry": "1",
                "city": "Madrid",
                "continent": "EU",
                "region": "Madrid",
                "regionCode": "MD",
                "timezone": "Europe/Madrid",
                "longitude": "-3.70256",
                "latitude": "40.4165",
                "postalCode": "28004",
                "tlsVersion": "TLSv1.3",
                "tlsCipher": "AEAD-AES128-GCM-SHA256",
                "tlsClientRandom": "lEhHLkeltTuGatDjbH9Y3td71wjMaZMC0SWJno9sWik=",
                "tlsClientCiphersSha1": "3HTt3+R/6BL3zeALJDSq0pR1yOQ=",
                "tlsClientExtensionsSha1": "PPT2zCLZcxBRujH33uzWORkDak0=",
                "tlsClientExtensionsSha1Le": "9LMMsfeJvXG9KT3BYn5rjd8xyXM=",
                "tlsClientHelloLength": "1722",
                "tlsClientAuth": {
                    "certPresented": "0",
                    "certVerified": "NONE",
                    "certRevoked": "0",
                    "certIssuerDN": "",
                    "certSubjectDN": "",
                    "certIssuerDNRFC2253": "",
                    "certSubjectDNRFC2253": "",
                    "certIssuerDNLegacy": "",
                    "certSubjectDNLegacy": "",
                    "certSerial": "",
                    "certIssuerSerial": "",
                    "certSKI": "",
                    "certIssuerSKI": "",
                    "certFingerprintSHA1": "",
                    "certFingerprintSHA256": "",
                    "certNotBefore": "",
                    "certNotAfter": "",
                    "certRFC9440": "",
                    "certRFC9440TooLarge": false,
                    "certChainRFC9440": "",
                    "certChainRFC9440TooLarge": false
                },
                "verifiedBotCategory": "",
                "edgeL4": {
                    "deliveryRate": 27177812
                }
            }
        },
        "response": {
            "status": 401
        }
    }
}
{
    "wallTime": 276,
    "cpuTime": 7,
    "truncated": false,
    "executionModel": "stateless",
    "outcome": "ok",
    "scriptTags": [
        "cf:service=grupo-eye-staff"
    ],
    "scriptVersion": {
        "id": "3c658acb-3c0a-4f6c-999e-21a279335e47"
    },
    "scriptName": "grupo-eye-staff",
    "diagnosticsChannelEvents": [],
    "exceptions": [],
    "logs": [],
    "eventTimestamp": 1782506214793,
    "event": {
        "request": {
            "url": "https://eye-staff.app/api/staff/login",
            "method": "POST",
            "headers": {
                "accept": "*/*",
                "accept-encoding": "gzip, br",
                "accept-language": "es-ES,es;q=0.9,en;q=0.8",
                "cf-connecting-ip": "188.86.247.78",
                "cf-ipcountry": "ES",
                "cf-ray": "a11f01c26f33cfe6",
                "cf-visitor": "{\"scheme\":\"https\"}",
                "connection": "Keep-Alive",
                "content-length": "40",
                "content-type": "application/json",
                "host": "eye-staff.app",
                "origin": "https://eye-staff.app",
                "priority": "u=1, i",
                "referer": "https://eye-staff.app/",
                "sec-ch-ua": "\"Google Chrome\";v=\"149\", \"Chromium\";v=\"149\", \"Not)A;Brand\";v=\"24\"",
                "sec-ch-ua-mobile": "?0",
                "sec-ch-ua-platform": "\"macOS\"",
                "sec-fetch-dest": "empty",
                "sec-fetch-mode": "cors",
                "sec-fetch-site": "same-origin",
                "user-agent": "Mozilla/5.0 (Macintosh; Intel Mac OS X 10_15_7) AppleWebKit/537.36 (KHTML, like Gecko) Chrome/149.0.0.0 Safari/537.36",
                "x-forwarded-proto": "https",
                "x-real-ip": "188.86.247.78"
            },
            "cf": {
                "httpProtocol": "HTTP/3",
                "clientAcceptEncoding": "gzip, deflate, br",
                "requestPriority": "",
                "edgeRequestKeepAliveStatus": 1,
                "requestHeaderNames": {},
                "clientTcpRtt": 0,
                "clientQuicRtt": 9,
                "colo": "MAD",
                "asn": 12430,
                "asOrganization": "VODAFONE ESPANA, S.A.U",
                "country": "ES",
                "isEUCountry": "1",
                "city": "Madrid",
                "continent": "EU",
                "region": "Madrid",
                "regionCode": "MD",
                "timezone": "Europe/Madrid",
                "longitude": "-3.70256",
                "latitude": "40.4165",
                "postalCode": "28004",
                "tlsVersion": "TLSv1.3",
                "tlsCipher": "AEAD-AES128-GCM-SHA256",
                "tlsClientRandom": "lEhHLkeltTuGatDjbH9Y3td71wjMaZMC0SWJno9sWik=",
                "tlsClientCiphersSha1": "3HTt3+R/6BL3zeALJDSq0pR1yOQ=",
                "tlsClientExtensionsSha1": "PPT2zCLZcxBRujH33uzWORkDak0=",
                "tlsClientExtensionsSha1Le": "9LMMsfeJvXG9KT3BYn5rjd8xyXM=",
                "tlsClientHelloLength": "1722",
                "tlsClientAuth": {
                    "certPresented": "0",
                    "certVerified": "NONE",
                    "certRevoked": "0",
                    "certIssuerDN": "",
                    "certSubjectDN": "",
                    "certIssuerDNRFC2253": "",
                    "certSubjectDNRFC2253": "",
                    "certIssuerDNLegacy": "",
                    "certSubjectDNLegacy": "",
                    "certSerial": "",
                    "certIssuerSerial": "",
                    "certSKI": "",
                    "certIssuerSKI": "",
                    "certFingerprintSHA1": "",
                    "certFingerprintSHA256": "",
                    "certNotBefore": "",
                    "certNotAfter": "",
                    "certRFC9440": "",
                    "certRFC9440TooLarge": false,
                    "certChainRFC9440": "",
                    "certChainRFC9440TooLarge": false
                },
                "verifiedBotCategory": "",
                "edgeL4": {
                    "deliveryRate": 27177812
                }
            }
        },
        "response": {
            "status": 200
        }
    }
}
{
    "wallTime": 95,
    "cpuTime": 1,
    "truncated": false,
    "executionModel": "stateless",
    "outcome": "ok",
    "scriptTags": [
        "cf:service=grupo-eye-staff"
    ],
    "scriptVersion": {
        "id": "3c658acb-3c0a-4f6c-999e-21a279335e47"
    },
    "scriptName": "grupo-eye-staff",
    "diagnosticsChannelEvents": [],
    "exceptions": [],
    "logs": [],
    "eventTimestamp": 1782506216079,
    "event": {
        "request": {
            "url": "https://eye-staff.app/api/my-permissions?t=1782506215990",
            "method": "GET",
            "headers": {
                "accept": "*/*",
                "accept-encoding": "gzip, br",
                "accept-language": "es-ES,es;q=0.9,en;q=0.8",
                "authorization": "REDACTED",
                "cache-control": "no-cache",
                "cf-connecting-ip": "188.86.247.78",
                "cf-ipcountry": "ES",
                "cf-ray": "a11f01ca7f55cfe6",
                "cf-visitor": "{\"scheme\":\"https\"}",
                "connection": "Keep-Alive",
                "content-type": "application/json",
                "host": "eye-staff.app",
                "pragma": "no-cache",
                "priority": "u=1, i",
                "referer": "https://eye-staff.app/",
                "sec-ch-ua": "\"Google Chrome\";v=\"149\", \"Chromium\";v=\"149\", \"Not)A;Brand\";v=\"24\"",
                "sec-ch-ua-mobile": "?0",
                "sec-ch-ua-platform": "\"macOS\"",
                "sec-fetch-dest": "empty",
                "sec-fetch-mode": "cors",
                "sec-fetch-site": "same-origin",
                "user-agent": "Mozilla/5.0 (Macintosh; Intel Mac OS X 10_15_7) AppleWebKit/537.36 (KHTML, like Gecko) Chrome/149.0.0.0 Safari/537.36",
                "x-forwarded-proto": "https",
                "x-real-ip": "188.86.247.78",
                "x-web-session-id": "1778900541742"
            },
            "cf": {
                "httpProtocol": "HTTP/3",
                "clientAcceptEncoding": "gzip, deflate, br",
                "requestPriority": "",
                "edgeRequestKeepAliveStatus": 1,
                "requestHeaderNames": {},
                "clientTcpRtt": 0,
                "clientQuicRtt": 10,
                "colo": "MAD",
                "asn": 12430,
                "asOrganization": "VODAFONE ESPANA, S.A.U",
                "country": "ES",
                "isEUCountry": "1",
                "city": "Madrid",
                "continent": "EU",
                "region": "Madrid",
                "regionCode": "MD",
                "timezone": "Europe/Madrid",
                "longitude": "-3.70256",
                "latitude": "40.4165",
                "postalCode": "28004",
                "tlsVersion": "TLSv1.3",
                "tlsCipher": "AEAD-AES128-GCM-SHA256",
                "tlsClientRandom": "lEhHLkeltTuGatDjbH9Y3td71wjMaZMC0SWJno9sWik=",
                "tlsClientCiphersSha1": "3HTt3+R/6BL3zeALJDSq0pR1yOQ=",
                "tlsClientExtensionsSha1": "PPT2zCLZcxBRujH33uzWORkDak0=",
                "tlsClientExtensionsSha1Le": "9LMMsfeJvXG9KT3BYn5rjd8xyXM=",
                "tlsClientHelloLength": "1722",
                "tlsClientAuth": {
                    "certPresented": "0",
                    "certVerified": "NONE",
                    "certRevoked": "0",
                    "certIssuerDN": "",
                    "certSubjectDN": "",
                    "certIssuerDNRFC2253": "",
                    "certSubjectDNRFC2253": "",
                    "certIssuerDNLegacy": "",
                    "certSubjectDNLegacy": "",
                    "certSerial": "",
                    "certIssuerSerial": "",
                    "certSKI": "",
                    "certIssuerSKI": "",
                    "certFingerprintSHA1": "",
                    "certFingerprintSHA256": "",
                    "certNotBefore": "",
                    "certNotAfter": "",
                    "certRFC9440": "",
                    "certRFC9440TooLarge": false,
                    "certChainRFC9440": "",
                    "certChainRFC9440TooLarge": false
                },
                "verifiedBotCategory": "",
                "edgeL4": {
                    "deliveryRate": 27177812
                }
            }
        },
        "response": {
            "status": 200
        }
    }
}
{
    "wallTime": 100,
    "cpuTime": 3,
    "truncated": false,
    "executionModel": "stateless",
    "outcome": "ok",
    "scriptTags": [
        "cf:service=grupo-eye-staff"
    ],
    "scriptVersion": {
        "id": "3c658acb-3c0a-4f6c-999e-21a279335e47"
    },
    "scriptName": "grupo-eye-staff",
    "diagnosticsChannelEvents": [],
    "exceptions": [],
    "logs": [],
    "eventTimestamp": 1782506216081,
    "event": {
        "request": {
            "url": "https://eye-staff.app/api/staff/live-locations?t=1782506215991",
            "method": "GET",
            "headers": {
                "accept": "*/*",
                "accept-encoding": "gzip, br",
                "accept-language": "es-ES,es;q=0.9,en;q=0.8",
                "authorization": "REDACTED",
                "cache-control": "no-cache",
                "cf-connecting-ip": "188.86.247.78",
                "cf-ipcountry": "ES",
                "cf-ray": "a11f01ca7f57cfe6",
                "cf-visitor": "{\"scheme\":\"https\"}",
                "connection": "Keep-Alive",
                "content-type": "application/json",
                "host": "eye-staff.app",
                "pragma": "no-cache",
                "priority": "u=1, i",
                "referer": "https://eye-staff.app/",
                "sec-ch-ua": "\"Google Chrome\";v=\"149\", \"Chromium\";v=\"149\", \"Not)A;Brand\";v=\"24\"",
                "sec-ch-ua-mobile": "?0",
                "sec-ch-ua-platform": "\"macOS\"",
                "sec-fetch-dest": "empty",
                "sec-fetch-mode": "cors",
                "sec-fetch-site": "same-origin",
                "user-agent": "Mozilla/5.0 (Macintosh; Intel Mac OS X 10_15_7) AppleWebKit/537.36 (KHTML, like Gecko) Chrome/149.0.0.0 Safari/537.36",
                "x-forwarded-proto": "https",
                "x-real-ip": "188.86.247.78",
                "x-web-session-id": "1778900541742"
            },
            "cf": {
                "httpProtocol": "HTTP/3",
                "clientAcceptEncoding": "gzip, deflate, br",
                "requestPriority": "",
                "edgeRequestKeepAliveStatus": 1,
                "requestHeaderNames": {},
                "clientTcpRtt": 0,
                "clientQuicRtt": 10,
                "colo": "MAD",
                "asn": 12430,
                "asOrganization": "VODAFONE ESPANA, S.A.U",
                "country": "ES",
                "isEUCountry": "1",
                "city": "Madrid",
                "continent": "EU",
                "region": "Madrid",
                "regionCode": "MD",
                "timezone": "Europe/Madrid",
                "longitude": "-3.70256",
                "latitude": "40.4165",
                "postalCode": "28004",
                "tlsVersion": "TLSv1.3",
                "tlsCipher": "AEAD-AES128-GCM-SHA256",
                "tlsClientRandom": "lEhHLkeltTuGatDjbH9Y3td71wjMaZMC0SWJno9sWik=",
                "tlsClientCiphersSha1": "3HTt3+R/6BL3zeALJDSq0pR1yOQ=",
                "tlsClientExtensionsSha1": "PPT2zCLZcxBRujH33uzWORkDak0=",
                "tlsClientExtensionsSha1Le": "9LMMsfeJvXG9KT3BYn5rjd8xyXM=",
                "tlsClientHelloLength": "1722",
                "tlsClientAuth": {
                    "certPresented": "0",
                    "certVerified": "NONE",
                    "certRevoked": "0",
                    "certIssuerDN": "",
                    "certSubjectDN": "",
                    "certIssuerDNRFC2253": "",
                    "certSubjectDNRFC2253": "",
                    "certIssuerDNLegacy": "",
                    "certSubjectDNLegacy": "",
                    "certSerial": "",
                    "certIssuerSerial": "",
                    "certSKI": "",
                    "certIssuerSKI": "",
                    "certFingerprintSHA1": "",
                    "certFingerprintSHA256": "",
                    "certNotBefore": "",
                    "certNotAfter": "",
                    "certRFC9440": "",
                    "certRFC9440TooLarge": false,
                    "certChainRFC9440": "",
                    "certChainRFC9440TooLarge": false
                },
                "verifiedBotCategory": "",
                "edgeL4": {
                    "deliveryRate": 27177812
                }
            }
        },
        "response": {
            "status": 200
        }
    }
}
{
    "wallTime": 1435,
    "cpuTime": 12,
    "truncated": false,
    "executionModel": "stateless",
    "outcome": "ok",
    "scriptTags": [
        "cf:service=grupo-eye-staff"
    ],
    "scriptVersion": {
        "id": "3c658acb-3c0a-4f6c-999e-21a279335e47"
    },
    "scriptName": "grupo-eye-staff",
    "diagnosticsChannelEvents": [],
    "exceptions": [],
    "logs": [],
    "eventTimestamp": 1782506216080,
    "event": {
        "request": {
            "url": "https://eye-staff.app/api/settings?t=1782506215990",
            "method": "GET",
            "headers": {
                "accept": "*/*",
                "accept-encoding": "gzip, br",
                "accept-language": "es-ES,es;q=0.9,en;q=0.8",
                "authorization": "REDACTED",
                "cache-control": "no-cache",
                "cf-connecting-ip": "188.86.247.78",
                "cf-ipcountry": "ES",
                "cf-ray": "a11f01ca7f56cfe6",
                "cf-visitor": "{\"scheme\":\"https\"}",
                "connection": "Keep-Alive",
                "content-type": "application/json",
                "host": "eye-staff.app",
                "pragma": "no-cache",
                "priority": "u=1, i",
                "referer": "https://eye-staff.app/",
                "sec-ch-ua": "\"Google Chrome\";v=\"149\", \"Chromium\";v=\"149\", \"Not)A;Brand\";v=\"24\"",
                "sec-ch-ua-mobile": "?0",
                "sec-ch-ua-platform": "\"macOS\"",
                "sec-fetch-dest": "empty",
                "sec-fetch-mode": "cors",
                "sec-fetch-site": "same-origin",
                "user-agent": "Mozilla/5.0 (Macintosh; Intel Mac OS X 10_15_7) AppleWebKit/537.36 (KHTML, like Gecko) Chrome/149.0.0.0 Safari/537.36",
                "x-forwarded-proto": "https",
                "x-real-ip": "188.86.247.78",
                "x-web-session-id": "1778900541742"
            },
            "cf": {
                "httpProtocol": "HTTP/3",
                "clientAcceptEncoding": "gzip, deflate, br",
                "requestPriority": "",
                "edgeRequestKeepAliveStatus": 1,
                "requestHeaderNames": {},
                "clientTcpRtt": 0,
                "clientQuicRtt": 10,
                "colo": "MAD",
                "asn": 12430,
                "asOrganization": "VODAFONE ESPANA, S.A.U",
                "country": "ES",
                "isEUCountry": "1",
                "city": "Madrid",
                "continent": "EU",
                "region": "Madrid",
                "regionCode": "MD",
                "timezone": "Europe/Madrid",
                "longitude": "-3.70256",
                "latitude": "40.4165",
                "postalCode": "28004",
                "tlsVersion": "TLSv1.3",
                "tlsCipher": "AEAD-AES128-GCM-SHA256",
                "tlsClientRandom": "lEhHLkeltTuGatDjbH9Y3td71wjMaZMC0SWJno9sWik=",
                "tlsClientCiphersSha1": "3HTt3+R/6BL3zeALJDSq0pR1yOQ=",
                "tlsClientExtensionsSha1": "PPT2zCLZcxBRujH33uzWORkDak0=",
                "tlsClientExtensionsSha1Le": "9LMMsfeJvXG9KT3BYn5rjd8xyXM=",
                "tlsClientHelloLength": "1722",
                "tlsClientAuth": {
                    "certPresented": "0",
                    "certVerified": "NONE",
                    "certRevoked": "0",
                    "certIssuerDN": "",
                    "certSubjectDN": "",
                    "certIssuerDNRFC2253": "",
                    "certSubjectDNRFC2253": "",
                    "certIssuerDNLegacy": "",
                    "certSubjectDNLegacy": "",
                    "certSerial": "",
                    "certIssuerSerial": "",
                    "certSKI": "",
                    "certIssuerSKI": "",
                    "certFingerprintSHA1": "",
                    "certFingerprintSHA256": "",
                    "certNotBefore": "",
                    "certNotAfter": "",
                    "certRFC9440": "",
                    "certRFC9440TooLarge": false,
                    "certChainRFC9440": "",
                    "certChainRFC9440TooLarge": false
                },
                "verifiedBotCategory": "",
                "edgeL4": {
                    "deliveryRate": 27177812
                }
            }
        },
        "response": {
            "status": 200
        }
    }
}
{
    "wallTime": 387,
    "cpuTime": 3,
    "truncated": false,
    "executionModel": "stateless",
    "outcome": "ok",
    "scriptTags": [
        "cf:service=grupo-eye-staff"
    ],
    "scriptVersion": {
        "id": "3c658acb-3c0a-4f6c-999e-21a279335e47"
    },
    "scriptName": "grupo-eye-staff",
    "diagnosticsChannelEvents": [],
    "exceptions": [],
    "logs": [],
    "eventTimestamp": 1782506217577,
    "event": {
        "request": {
            "url": "https://eye-staff.app/api/sessions/active?t=1782506217489",
            "method": "GET",
            "headers": {
                "accept": "*/*",
                "accept-encoding": "gzip, br",
                "accept-language": "es-ES,es;q=0.9,en;q=0.8",
                "authorization": "REDACTED",
                "cache-control": "no-cache",
                "cf-connecting-ip": "188.86.247.78",
                "cf-ipcountry": "ES",
                "cf-ray": "a11f01d3cf78cfe6",
                "cf-visitor": "{\"scheme\":\"https\"}",
                "connection": "Keep-Alive",
                "content-type": "application/json",
                "host": "eye-staff.app",
                "pragma": "no-cache",
                "priority": "u=1, i",
                "referer": "https://eye-staff.app/",
                "sec-ch-ua": "\"Google Chrome\";v=\"149\", \"Chromium\";v=\"149\", \"Not)A;Brand\";v=\"24\"",
                "sec-ch-ua-mobile": "?0",
                "sec-ch-ua-platform": "\"macOS\"",
                "sec-fetch-dest": "empty",
                "sec-fetch-mode": "cors",
                "sec-fetch-site": "same-origin",
                "user-agent": "Mozilla/5.0 (Macintosh; Intel Mac OS X 10_15_7) AppleWebKit/537.36 (KHTML, like Gecko) Chrome/149.0.0.0 Safari/537.36",
                "x-forwarded-proto": "https",
                "x-real-ip": "188.86.247.78",
                "x-web-session-id": "1778900541742"
            },
            "cf": {
                "httpProtocol": "HTTP/3",
                "clientAcceptEncoding": "gzip, deflate, br",
                "requestPriority": "",
                "edgeRequestKeepAliveStatus": 1,
                "requestHeaderNames": {},
                "clientTcpRtt": 0,
                "clientQuicRtt": 18,
                "colo": "MAD",
                "asn": 12430,
                "asOrganization": "VODAFONE ESPANA, S.A.U",
                "country": "ES",
                "isEUCountry": "1",
                "city": "Madrid",
                "continent": "EU",
                "region": "Madrid",
                "regionCode": "MD",
                "timezone": "Europe/Madrid",
                "longitude": "-3.70256",
                "latitude": "40.4165",
                "postalCode": "28004",
                "tlsVersion": "TLSv1.3",
                "tlsCipher": "AEAD-AES128-GCM-SHA256",
                "tlsClientRandom": "lEhHLkeltTuGatDjbH9Y3td71wjMaZMC0SWJno9sWik=",
                "tlsClientCiphersSha1": "3HTt3+R/6BL3zeALJDSq0pR1yOQ=",
                "tlsClientExtensionsSha1": "PPT2zCLZcxBRujH33uzWORkDak0=",
                "tlsClientExtensionsSha1Le": "9LMMsfeJvXG9KT3BYn5rjd8xyXM=",
                "tlsClientHelloLength": "1722",
                "tlsClientAuth": {
                    "certPresented": "0",
                    "certVerified": "NONE",
                    "certRevoked": "0",
                    "certIssuerDN": "",
                    "certSubjectDN": "",
                    "certIssuerDNRFC2253": "",
                    "certSubjectDNRFC2253": "",
                    "certIssuerDNLegacy": "",
                    "certSubjectDNLegacy": "",
                    "certSerial": "",
                    "certIssuerSerial": "",
                    "certSKI": "",
                    "certIssuerSKI": "",
                    "certFingerprintSHA1": "",
                    "certFingerprintSHA256": "",
                    "certNotBefore": "",
                    "certNotAfter": "",
                    "certRFC9440": "",
                    "certRFC9440TooLarge": false,
                    "certChainRFC9440": "",
                    "certChainRFC9440TooLarge": false
                },
                "verifiedBotCategory": "",
                "edgeL4": {
                    "deliveryRate": 27177812
                }
            }
        },
        "response": {
            "status": 200
        }
    }
}
{
    "wallTime": 1440,
    "cpuTime": 13,
    "truncated": false,
    "executionModel": "stateless",
    "outcome": "ok",
    "scriptTags": [
        "cf:service=grupo-eye-staff"
    ],
    "scriptVersion": {
        "id": "3c658acb-3c0a-4f6c-999e-21a279335e47"
    },
    "scriptName": "grupo-eye-staff",
    "diagnosticsChannelEvents": [],
    "exceptions": [],
    "logs": [],
    "eventTimestamp": 1782506217081,
    "event": {
        "request": {
            "url": "https://eye-staff.app/api/chat/conversations",
            "method": "GET",
            "headers": {
                "accept": "*/*",
                "accept-encoding": "gzip, br",
                "accept-language": "es-ES,es;q=0.9,en;q=0.8",
                "authorization": "REDACTED",
                "cf-connecting-ip": "188.86.247.78",
                "cf-ipcountry": "ES",
                "cf-ray": "a11f01d0bf6ecfe6",
                "cf-visitor": "{\"scheme\":\"https\"}",
                "connection": "Keep-Alive",
                "host": "eye-staff.app",
                "priority": "u=1, i",
                "referer": "https://eye-staff.app/",
                "sec-ch-ua": "\"Google Chrome\";v=\"149\", \"Chromium\";v=\"149\", \"Not)A;Brand\";v=\"24\"",
                "sec-ch-ua-mobile": "?0",
                "sec-ch-ua-platform": "\"macOS\"",
                "sec-fetch-dest": "empty",
                "sec-fetch-mode": "cors",
                "sec-fetch-site": "same-origin",
                "user-agent": "Mozilla/5.0 (Macintosh; Intel Mac OS X 10_15_7) AppleWebKit/537.36 (KHTML, like Gecko) Chrome/149.0.0.0 Safari/537.36",
                "x-forwarded-proto": "https",
                "x-real-ip": "188.86.247.78"
            },
            "cf": {
                "httpProtocol": "HTTP/3",
                "clientAcceptEncoding": "gzip, deflate, br",
                "requestPriority": "",
                "edgeRequestKeepAliveStatus": 1,
                "requestHeaderNames": {},
                "clientTcpRtt": 0,
                "clientQuicRtt": 14,
                "colo": "MAD",
                "asn": 12430,
                "asOrganization": "VODAFONE ESPANA, S.A.U",
                "country": "ES",
                "isEUCountry": "1",
                "city": "Madrid",
                "continent": "EU",
                "region": "Madrid",
                "regionCode": "MD",
                "timezone": "Europe/Madrid",
                "longitude": "-3.70256",
                "latitude": "40.4165",
                "postalCode": "28004",
                "tlsVersion": "TLSv1.3",
                "tlsCipher": "AEAD-AES128-GCM-SHA256",
                "tlsClientRandom": "lEhHLkeltTuGatDjbH9Y3td71wjMaZMC0SWJno9sWik=",
                "tlsClientCiphersSha1": "3HTt3+R/6BL3zeALJDSq0pR1yOQ=",
                "tlsClientExtensionsSha1": "PPT2zCLZcxBRujH33uzWORkDak0=",
                "tlsClientExtensionsSha1Le": "9LMMsfeJvXG9KT3BYn5rjd8xyXM=",
                "tlsClientHelloLength": "1722",
                "tlsClientAuth": {
                    "certPresented": "0",
                    "certVerified": "NONE",
                    "certRevoked": "0",
                    "certIssuerDN": "",
                    "certSubjectDN": "",
                    "certIssuerDNRFC2253": "",
                    "certSubjectDNRFC2253": "",
                    "certIssuerDNLegacy": "",
                    "certSubjectDNLegacy": "",
                    "certSerial": "",
                    "certIssuerSerial": "",
                    "certSKI": "",
                    "certIssuerSKI": "",
                    "certFingerprintSHA1": "",
                    "certFingerprintSHA256": "",
                    "certNotBefore": "",
                    "certNotAfter": "",
                    "certRFC9440": "",
                    "certRFC9440TooLarge": false,
                    "certChainRFC9440": "",
                    "certChainRFC9440TooLarge": false
                },
                "verifiedBotCategory": "",
                "edgeL4": {
                    "deliveryRate": 27177812
                }
            }
        },
        "response": {
            "status": 200
        }
    }
}
{
    "wallTime": 910,
    "cpuTime": 9,
    "truncated": false,
    "executionModel": "stateless",
    "outcome": "ok",
    "scriptTags": [
        "cf:service=grupo-eye-staff"
    ],
    "scriptVersion": {
        "id": "3c658acb-3c0a-4f6c-999e-21a279335e47"
    },
    "scriptName": "grupo-eye-staff",
    "diagnosticsChannelEvents": [],
    "exceptions": [],
    "logs": [],
    "eventTimestamp": 1782506217987,
    "event": {
        "request": {
            "url": "https://eye-staff.app/api/sessions/concluded?t=1782506217898",
            "method": "GET",
            "headers": {
                "accept": "*/*",
                "accept-encoding": "gzip, br",
                "accept-language": "es-ES,es;q=0.9,en;q=0.8",
                "authorization": "REDACTED",
                "cache-control": "no-cache",
                "cf-connecting-ip": "188.86.247.78",
                "cf-ipcountry": "ES",
                "cf-ray": "a11f01d65f82cfe6",
                "cf-visitor": "{\"scheme\":\"https\"}",
                "connection": "Keep-Alive",
                "content-type": "application/json",
                "host": "eye-staff.app",
                "pragma": "no-cache",
                "priority": "u=1, i",
                "referer": "https://eye-staff.app/",
                "sec-ch-ua": "\"Google Chrome\";v=\"149\", \"Chromium\";v=\"149\", \"Not)A;Brand\";v=\"24\"",
                "sec-ch-ua-mobile": "?0",
                "sec-ch-ua-platform": "\"macOS\"",
                "sec-fetch-dest": "empty",
                "sec-fetch-mode": "cors",
                "sec-fetch-site": "same-origin",
                "user-agent": "Mozilla/5.0 (Macintosh; Intel Mac OS X 10_15_7) AppleWebKit/537.36 (KHTML, like Gecko) Chrome/149.0.0.0 Safari/537.36",
                "x-forwarded-proto": "https",
                "x-real-ip": "188.86.247.78",
                "x-web-session-id": "1778900541742"
            },
            "cf": {
                "httpProtocol": "HTTP/3",
                "clientAcceptEncoding": "gzip, deflate, br",
                "requestPriority": "",
                "edgeRequestKeepAliveStatus": 1,
                "requestHeaderNames": {},
                "clientTcpRtt": 0,
                "clientQuicRtt": 15,
                "colo": "MAD",
                "asn": 12430,
                "asOrganization": "VODAFONE ESPANA, S.A.U",
                "country": "ES",
                "isEUCountry": "1",
                "city": "Madrid",
                "continent": "EU",
                "region": "Madrid",
                "regionCode": "MD",
                "timezone": "Europe/Madrid",
                "longitude": "-3.70256",
                "latitude": "40.4165",
                "postalCode": "28004",
                "tlsVersion": "TLSv1.3",
                "tlsCipher": "AEAD-AES128-GCM-SHA256",
                "tlsClientRandom": "lEhHLkeltTuGatDjbH9Y3td71wjMaZMC0SWJno9sWik=",
                "tlsClientCiphersSha1": "3HTt3+R/6BL3zeALJDSq0pR1yOQ=",
                "tlsClientExtensionsSha1": "PPT2zCLZcxBRujH33uzWORkDak0=",
                "tlsClientExtensionsSha1Le": "9LMMsfeJvXG9KT3BYn5rjd8xyXM=",
                "tlsClientHelloLength": "1722",
                "tlsClientAuth": {
                    "certPresented": "0",
                    "certVerified": "NONE",
                    "certRevoked": "0",
                    "certIssuerDN": "",
                    "certSubjectDN": "",
                    "certIssuerDNRFC2253": "",
                    "certSubjectDNRFC2253": "",
                    "certIssuerDNLegacy": "",
                    "certSubjectDNLegacy": "",
                    "certSerial": "",
                    "certIssuerSerial": "",
                    "certSKI": "",
                    "certIssuerSKI": "",
                    "certFingerprintSHA1": "",
                    "certFingerprintSHA256": "",
                    "certNotBefore": "",
                    "certNotAfter": "",
                    "certRFC9440": "",
                    "certRFC9440TooLarge": false,
                    "certChainRFC9440": "",
                    "certChainRFC9440TooLarge": false
                },
                "verifiedBotCategory": "",
                "edgeL4": {
                    "deliveryRate": 27177812
                }
            }
        },
        "response": {
            "status": 200
        }
    }
}
{
    "wallTime": 41,
    "cpuTime": 0,
    "truncated": false,
    "executionModel": "stateless",
    "outcome": "ok",
    "scriptTags": [
        "cf:service=grupo-eye-staff"
    ],
    "scriptVersion": {
        "id": "3c658acb-3c0a-4f6c-999e-21a279335e47"
    },
    "scriptName": "grupo-eye-staff",
    "diagnosticsChannelEvents": [],
    "exceptions": [],
    "logs": [],
    "eventTimestamp": 1782506219008,
    "event": {
        "request": {
            "url": "https://eye-staff.app/api/presupuestos?t=1782506218922",
            "method": "GET",
            "headers": {
                "accept": "*/*",
                "accept-encoding": "gzip, br",
                "accept-language": "es-ES,es;q=0.9,en;q=0.8",
                "authorization": "REDACTED",
                "cache-control": "no-cache",
                "cf-connecting-ip": "188.86.247.78",
                "cf-ipcountry": "ES",
                "cf-ray": "a11f01dccf96cfe6",
                "cf-visitor": "{\"scheme\":\"https\"}",
                "connection": "Keep-Alive",
                "content-type": "application/json",
                "host": "eye-staff.app",
                "pragma": "no-cache",
                "priority": "u=1, i",
                "referer": "https://eye-staff.app/",
                "sec-ch-ua": "\"Google Chrome\";v=\"149\", \"Chromium\";v=\"149\", \"Not)A;Brand\";v=\"24\"",
                "sec-ch-ua-mobile": "?0",
                "sec-ch-ua-platform": "\"macOS\"",
                "sec-fetch-dest": "empty",
                "sec-fetch-mode": "cors",
                "sec-fetch-site": "same-origin",
                "user-agent": "Mozilla/5.0 (Macintosh; Intel Mac OS X 10_15_7) AppleWebKit/537.36 (KHTML, like Gecko) Chrome/149.0.0.0 Safari/537.36",
                "x-forwarded-proto": "https",
                "x-real-ip": "188.86.247.78",
                "x-web-session-id": "1778900541742"
            },
            "cf": {
                "httpProtocol": "HTTP/3",
                "clientAcceptEncoding": "gzip, deflate, br",
                "requestPriority": "",
                "edgeRequestKeepAliveStatus": 1,
                "requestHeaderNames": {},
                "clientTcpRtt": 0,
                "clientQuicRtt": 31,
                "colo": "MAD",
                "asn": 12430,
                "asOrganization": "VODAFONE ESPANA, S.A.U",
                "country": "ES",
                "isEUCountry": "1",
                "city": "Madrid",
                "continent": "EU",
                "region": "Madrid",
                "regionCode": "MD",
                "timezone": "Europe/Madrid",
                "longitude": "-3.70256",
                "latitude": "40.4165",
                "postalCode": "28004",
                "tlsVersion": "TLSv1.3",
                "tlsCipher": "AEAD-AES128-GCM-SHA256",
                "tlsClientRandom": "lEhHLkeltTuGatDjbH9Y3td71wjMaZMC0SWJno9sWik=",
                "tlsClientCiphersSha1": "3HTt3+R/6BL3zeALJDSq0pR1yOQ=",
                "tlsClientExtensionsSha1": "PPT2zCLZcxBRujH33uzWORkDak0=",
                "tlsClientExtensionsSha1Le": "9LMMsfeJvXG9KT3BYn5rjd8xyXM=",
                "tlsClientHelloLength": "1722",
                "tlsClientAuth": {
                    "certPresented": "0",
                    "certVerified": "NONE",
                    "certRevoked": "0",
                    "certIssuerDN": "",
                    "certSubjectDN": "",
                    "certIssuerDNRFC2253": "",
                    "certSubjectDNRFC2253": "",
                    "certIssuerDNLegacy": "",
                    "certSubjectDNLegacy": "",
                    "certSerial": "",
                    "certIssuerSerial": "",
                    "certSKI": "",
                    "certIssuerSKI": "",
                    "certFingerprintSHA1": "",
                    "certFingerprintSHA256": "",
                    "certNotBefore": "",
                    "certNotAfter": "",
                    "certRFC9440": "",
                    "certRFC9440TooLarge": false,
                    "certChainRFC9440": "",
                    "certChainRFC9440TooLarge": false
                },
                "verifiedBotCategory": "",
                "edgeL4": {
                    "deliveryRate": 27177812
                }
            }
        },
        "response": {
            "status": 200
        }
    }
}
{
    "wallTime": 76,
    "cpuTime": 1,
    "truncated": false,
    "executionModel": "stateless",
    "outcome": "ok",
    "scriptTags": [
        "cf:service=grupo-eye-staff"
    ],
    "scriptVersion": {
        "id": "3c658acb-3c0a-4f6c-999e-21a279335e47"
    },
    "scriptName": "grupo-eye-staff",
    "diagnosticsChannelEvents": [],
    "exceptions": [],
    "logs": [],
    "eventTimestamp": 1782506219068,
    "event": {
        "request": {
            "url": "https://eye-staff.app/api/vehicles/active?session_id=146&t=1782506218982",
            "method": "GET",
            "headers": {
                "accept": "*/*",
                "accept-encoding": "gzip, br",
                "accept-language": "es-ES,es;q=0.9,en;q=0.8",
                "authorization": "REDACTED",
                "cache-control": "no-cache",
                "cf-connecting-ip": "188.86.247.78",
                "cf-ipcountry": "ES",
                "cf-ray": "a11f01dd2f98cfe6",
                "cf-visitor": "{\"scheme\":\"https\"}",
                "connection": "Keep-Alive",
                "content-type": "application/json",
                "host": "eye-staff.app",
                "pragma": "no-cache",
                "priority": "u=1, i",
                "referer": "https://eye-staff.app/",
                "sec-ch-ua": "\"Google Chrome\";v=\"149\", \"Chromium\";v=\"149\", \"Not)A;Brand\";v=\"24\"",
                "sec-ch-ua-mobile": "?0",
                "sec-ch-ua-platform": "\"macOS\"",
                "sec-fetch-dest": "empty",
                "sec-fetch-mode": "cors",
                "sec-fetch-site": "same-origin",
                "user-agent": "Mozilla/5.0 (Macintosh; Intel Mac OS X 10_15_7) AppleWebKit/537.36 (KHTML, like Gecko) Chrome/149.0.0.0 Safari/537.36",
                "x-forwarded-proto": "https",
                "x-real-ip": "188.86.247.78",
                "x-web-session-id": "1778900541742"
            },
            "cf": {
                "httpProtocol": "HTTP/3",
                "clientAcceptEncoding": "gzip, deflate, br",
                "requestPriority": "",
                "edgeRequestKeepAliveStatus": 1,
                "requestHeaderNames": {},
                "clientTcpRtt": 0,
                "clientQuicRtt": 28,
                "colo": "MAD",
                "asn": 12430,
                "asOrganization": "VODAFONE ESPANA, S.A.U",
                "country": "ES",
                "isEUCountry": "1",
                "city": "Madrid",
                "continent": "EU",
                "region": "Madrid",
                "regionCode": "MD",
                "timezone": "Europe/Madrid",
                "longitude": "-3.70256",
                "latitude": "40.4165",
                "postalCode": "28004",
                "tlsVersion": "TLSv1.3",
                "tlsCipher": "AEAD-AES128-GCM-SHA256",
                "tlsClientRandom": "lEhHLkeltTuGatDjbH9Y3td71wjMaZMC0SWJno9sWik=",
                "tlsClientCiphersSha1": "3HTt3+R/6BL3zeALJDSq0pR1yOQ=",
                "tlsClientExtensionsSha1": "PPT2zCLZcxBRujH33uzWORkDak0=",
                "tlsClientExtensionsSha1Le": "9LMMsfeJvXG9KT3BYn5rjd8xyXM=",
                "tlsClientHelloLength": "1722",
                "tlsClientAuth": {
                    "certPresented": "0",
                    "certVerified": "NONE",
                    "certRevoked": "0",
                    "certIssuerDN": "",
                    "certSubjectDN": "",
                    "certIssuerDNRFC2253": "",
                    "certSubjectDNRFC2253": "",
                    "certIssuerDNLegacy": "",
                    "certSubjectDNLegacy": "",
                    "certSerial": "",
                    "certIssuerSerial": "",
                    "certSKI": "",
                    "certIssuerSKI": "",
                    "certFingerprintSHA1": "",
                    "certFingerprintSHA256": "",
                    "certNotBefore": "",
                    "certNotAfter": "",
                    "certRFC9440": "",
                    "certRFC9440TooLarge": false,
                    "certChainRFC9440": "",
                    "certChainRFC9440TooLarge": false
                },
                "verifiedBotCategory": "",
                "edgeL4": {
                    "deliveryRate": 27177812
                }
            }
        },
        "response": {
            "status": 200
        }
    }
}
{
    "wallTime": 162,
    "cpuTime": 5,
    "truncated": false,
    "executionModel": "stateless",
    "outcome": "ok",
    "scriptTags": [
        "cf:service=grupo-eye-staff"
    ],
    "scriptVersion": {
        "id": "3c658acb-3c0a-4f6c-999e-21a279335e47"
    },
    "scriptName": "grupo-eye-staff",
    "diagnosticsChannelEvents": [],
    "exceptions": [],
    "logs": [],
    "eventTimestamp": 1782506219268,
    "event": {
        "request": {
            "url": "https://eye-staff.app/api/staff?t=1782506219180",
            "method": "GET",
            "headers": {
                "accept": "*/*",
                "accept-encoding": "gzip, br",
                "accept-language": "es-ES,es;q=0.9,en;q=0.8",
                "authorization": "REDACTED",
                "cache-control": "no-cache",
                "cf-connecting-ip": "188.86.247.78",
                "cf-ipcountry": "ES",
                "cf-ray": "a11f01de6fabcfe6",
                "cf-visitor": "{\"scheme\":\"https\"}",
                "connection": "Keep-Alive",
                "content-type": "application/json",
                "host": "eye-staff.app",
                "pragma": "no-cache",
                "priority": "u=1, i",
                "referer": "https://eye-staff.app/",
                "sec-ch-ua": "\"Google Chrome\";v=\"149\", \"Chromium\";v=\"149\", \"Not)A;Brand\";v=\"24\"",
                "sec-ch-ua-mobile": "?0",
                "sec-ch-ua-platform": "\"macOS\"",
                "sec-fetch-dest": "empty",
                "sec-fetch-mode": "cors",
                "sec-fetch-site": "same-origin",
                "user-agent": "Mozilla/5.0 (Macintosh; Intel Mac OS X 10_15_7) AppleWebKit/537.36 (KHTML, like Gecko) Chrome/149.0.0.0 Safari/537.36",
                "x-forwarded-proto": "https",
                "x-real-ip": "188.86.247.78",
                "x-web-session-id": "1778900541742"
            },
            "cf": {
                "httpProtocol": "HTTP/3",
                "clientAcceptEncoding": "gzip, deflate, br",
                "requestPriority": "",
                "edgeRequestKeepAliveStatus": 1,
                "requestHeaderNames": {},
                "clientTcpRtt": 0,
                "clientQuicRtt": 25,
                "colo": "MAD",
                "asn": 12430,
                "asOrganization": "VODAFONE ESPANA, S.A.U",
                "country": "ES",
                "isEUCountry": "1",
                "city": "Madrid",
                "continent": "EU",
                "region": "Madrid",
                "regionCode": "MD",
                "timezone": "Europe/Madrid",
                "longitude": "-3.70256",
                "latitude": "40.4165",
                "postalCode": "28004",
                "tlsVersion": "TLSv1.3",
                "tlsCipher": "AEAD-AES128-GCM-SHA256",
                "tlsClientRandom": "lEhHLkeltTuGatDjbH9Y3td71wjMaZMC0SWJno9sWik=",
                "tlsClientCiphersSha1": "3HTt3+R/6BL3zeALJDSq0pR1yOQ=",
                "tlsClientExtensionsSha1": "PPT2zCLZcxBRujH33uzWORkDak0=",
                "tlsClientExtensionsSha1Le": "9LMMsfeJvXG9KT3BYn5rjd8xyXM=",
                "tlsClientHelloLength": "1722",
                "tlsClientAuth": {
                    "certPresented": "0",
                    "certVerified": "NONE",
                    "certRevoked": "0",
                    "certIssuerDN": "",
                    "certSubjectDN": "",
                    "certIssuerDNRFC2253": "",
                    "certSubjectDNRFC2253": "",
                    "certIssuerDNLegacy": "",
                    "certSubjectDNLegacy": "",
                    "certSerial": "",
                    "certIssuerSerial": "",
                    "certSKI": "",
                    "certIssuerSKI": "",
                    "certFingerprintSHA1": "",
                    "certFingerprintSHA256": "",
                    "certNotBefore": "",
                    "certNotAfter": "",
                    "certRFC9440": "",
                    "certRFC9440TooLarge": false,
                    "certChainRFC9440": "",
                    "certChainRFC9440TooLarge": false
                },
                "verifiedBotCategory": "",
                "edgeL4": {
                    "deliveryRate": 27177812
                }
            }
        },
        "response": {
            "status": 200
        }
    }
}
{
    "wallTime": 128,
    "cpuTime": 3,
    "truncated": false,
    "executionModel": "stateless",
    "outcome": "ok",
    "scriptTags": [
        "cf:service=grupo-eye-staff"
    ],
    "scriptVersion": {
        "id": "3c658acb-3c0a-4f6c-999e-21a279335e47"
    },
    "scriptName": "grupo-eye-staff",
    "diagnosticsChannelEvents": [],
    "exceptions": [],
    "logs": [],
    "eventTimestamp": 1782506219466,
    "event": {
        "request": {
            "url": "https://eye-staff.app/api/admin/report-subscriptions?t=1782506219378",
            "method": "GET",
            "headers": {
                "accept": "*/*",
                "accept-encoding": "gzip, br",
                "accept-language": "es-ES,es;q=0.9,en;q=0.8",
                "authorization": "REDACTED",
                "cache-control": "no-cache",
                "cf-connecting-ip": "188.86.247.78",
                "cf-ipcountry": "ES",
                "cf-ray": "a11f01df9fb1cfe6",
                "cf-visitor": "{\"scheme\":\"https\"}",
                "connection": "Keep-Alive",
                "content-type": "application/json",
                "host": "eye-staff.app",
                "pragma": "no-cache",
                "priority": "u=1, i",
                "referer": "https://eye-staff.app/",
                "sec-ch-ua": "\"Google Chrome\";v=\"149\", \"Chromium\";v=\"149\", \"Not)A;Brand\";v=\"24\"",
                "sec-ch-ua-mobile": "?0",
                "sec-ch-ua-platform": "\"macOS\"",
                "sec-fetch-dest": "empty",
                "sec-fetch-mode": "cors",
                "sec-fetch-site": "same-origin",
                "user-agent": "Mozilla/5.0 (Macintosh; Intel Mac OS X 10_15_7) AppleWebKit/537.36 (KHTML, like Gecko) Chrome/149.0.0.0 Safari/537.36",
                "x-forwarded-proto": "https",
                "x-real-ip": "188.86.247.78",
                "x-web-session-id": "1778900541742"
            },
            "cf": {
                "httpProtocol": "HTTP/3",
                "clientAcceptEncoding": "gzip, deflate, br",
                "requestPriority": "",
                "edgeRequestKeepAliveStatus": 1,
                "requestHeaderNames": {},
                "clientTcpRtt": 0,
                "clientQuicRtt": 19,
                "colo": "MAD",
                "asn": 12430,
                "asOrganization": "VODAFONE ESPANA, S.A.U",
                "country": "ES",
                "isEUCountry": "1",
                "city": "Madrid",
                "continent": "EU",
                "region": "Madrid",
                "regionCode": "MD",
                "timezone": "Europe/Madrid",
                "longitude": "-3.70256",
                "latitude": "40.4165",
                "postalCode": "28004",
                "tlsVersion": "TLSv1.3",
                "tlsCipher": "AEAD-AES128-GCM-SHA256",
                "tlsClientRandom": "lEhHLkeltTuGatDjbH9Y3td71wjMaZMC0SWJno9sWik=",
                "tlsClientCiphersSha1": "3HTt3+R/6BL3zeALJDSq0pR1yOQ=",
                "tlsClientExtensionsSha1": "PPT2zCLZcxBRujH33uzWORkDak0=",
                "tlsClientExtensionsSha1Le": "9LMMsfeJvXG9KT3BYn5rjd8xyXM=",
                "tlsClientHelloLength": "1722",
                "tlsClientAuth": {
                    "certPresented": "0",
                    "certVerified": "NONE",
                    "certRevoked": "0",
                    "certIssuerDN": "",
                    "certSubjectDN": "",
                    "certIssuerDNRFC2253": "",
                    "certSubjectDNRFC2253": "",
                    "certIssuerDNLegacy": "",
                    "certSubjectDNLegacy": "",
                    "certSerial": "",
                    "certIssuerSerial": "",
                    "certSKI": "",
                    "certIssuerSKI": "",
                    "certFingerprintSHA1": "",
                    "certFingerprintSHA256": "",
                    "certNotBefore": "",
                    "certNotAfter": "",
                    "certRFC9440": "",
                    "certRFC9440TooLarge": false,
                    "certChainRFC9440": "",
                    "certChainRFC9440TooLarge": false
                },
                "verifiedBotCategory": "",
                "edgeL4": {
                    "deliveryRate": 27177812
                }
            }
        },
        "response": {
            "status": 200
        }
    }
}
{
    "wallTime": 1327,
    "cpuTime": 14,
    "truncated": false,
    "executionModel": "stateless",
    "outcome": "ok",
    "scriptTags": [
        "cf:service=grupo-eye-staff"
    ],
    "scriptVersion": {
        "id": "3c658acb-3c0a-4f6c-999e-21a279335e47"
    },
    "scriptName": "grupo-eye-staff",
    "diagnosticsChannelEvents": [],
    "exceptions": [],
    "logs": [],
    "eventTimestamp": 1782506219466,
    "event": {
        "request": {
            "url": "https://eye-staff.app/api/settings?t=1782506219379",
            "method": "GET",
            "headers": {
                "accept": "*/*",
                "accept-encoding": "gzip, br",
                "accept-language": "es-ES,es;q=0.9,en;q=0.8",
                "authorization": "REDACTED",
                "cache-control": "no-cache",
                "cf-connecting-ip": "188.86.247.78",
                "cf-ipcountry": "ES",
                "cf-ray": "a11f01df9fb2cfe6",
                "cf-visitor": "{\"scheme\":\"https\"}",
                "connection": "Keep-Alive",
                "content-type": "application/json",
                "host": "eye-staff.app",
                "pragma": "no-cache",
                "priority": "u=1, i",
                "referer": "https://eye-staff.app/",
                "sec-ch-ua": "\"Google Chrome\";v=\"149\", \"Chromium\";v=\"149\", \"Not)A;Brand\";v=\"24\"",
                "sec-ch-ua-mobile": "?0",
                "sec-ch-ua-platform": "\"macOS\"",
                "sec-fetch-dest": "empty",
                "sec-fetch-mode": "cors",
                "sec-fetch-site": "same-origin",
                "user-agent": "Mozilla/5.0 (Macintosh; Intel Mac OS X 10_15_7) AppleWebKit/537.36 (KHTML, like Gecko) Chrome/149.0.0.0 Safari/537.36",
                "x-forwarded-proto": "https",
                "x-real-ip": "188.86.247.78",
                "x-web-session-id": "1778900541742"
            },
            "cf": {
                "httpProtocol": "HTTP/3",
                "clientAcceptEncoding": "gzip, deflate, br",
                "requestPriority": "",
                "edgeRequestKeepAliveStatus": 1,
                "requestHeaderNames": {},
                "clientTcpRtt": 0,
                "clientQuicRtt": 19,
                "colo": "MAD",
                "asn": 12430,
                "asOrganization": "VODAFONE ESPANA, S.A.U",
                "country": "ES",
                "isEUCountry": "1",
                "city": "Madrid",
                "continent": "EU",
                "region": "Madrid",
                "regionCode": "MD",
                "timezone": "Europe/Madrid",
                "longitude": "-3.70256",
                "latitude": "40.4165",
                "postalCode": "28004",
                "tlsVersion": "TLSv1.3",
                "tlsCipher": "AEAD-AES128-GCM-SHA256",
                "tlsClientRandom": "lEhHLkeltTuGatDjbH9Y3td71wjMaZMC0SWJno9sWik=",
                "tlsClientCiphersSha1": "3HTt3+R/6BL3zeALJDSq0pR1yOQ=",
                "tlsClientExtensionsSha1": "PPT2zCLZcxBRujH33uzWORkDak0=",
                "tlsClientExtensionsSha1Le": "9LMMsfeJvXG9KT3BYn5rjd8xyXM=",
                "tlsClientHelloLength": "1722",
                "tlsClientAuth": {
                    "certPresented": "0",
                    "certVerified": "NONE",
                    "certRevoked": "0",
                    "certIssuerDN": "",
                    "certSubjectDN": "",
                    "certIssuerDNRFC2253": "",
                    "certSubjectDNRFC2253": "",
                    "certIssuerDNLegacy": "",
                    "certSubjectDNLegacy": "",
                    "certSerial": "",
                    "certIssuerSerial": "",
                    "certSKI": "",
                    "certIssuerSKI": "",
                    "certFingerprintSHA1": "",
                    "certFingerprintSHA256": "",
                    "certNotBefore": "",
                    "certNotAfter": "",
                    "certRFC9440": "",
                    "certRFC9440TooLarge": false,
                    "certChainRFC9440": "",
                    "certChainRFC9440TooLarge": false
                },
                "verifiedBotCategory": "",
                "edgeL4": {
                    "deliveryRate": 27177812
                }
            }
        },
        "response": {
            "status": 200
        }
    }
}
{
    "wallTime": 1421,
    "cpuTime": 15,
    "truncated": false,
    "executionModel": "stateless",
    "outcome": "ok",
    "scriptTags": [
        "cf:service=grupo-eye-staff"
    ],
    "scriptVersion": {
        "id": "3c658acb-3c0a-4f6c-999e-21a279335e47"
    },
    "scriptName": "grupo-eye-staff",
    "diagnosticsChannelEvents": [],
    "exceptions": [],
    "logs": [],
    "eventTimestamp": 1782506226084,
    "event": {
        "request": {
            "url": "https://eye-staff.app/api/chat/conversations",
            "method": "GET",
            "headers": {
                "accept": "*/*",
                "accept-encoding": "gzip, br",
                "accept-language": "es-ES,es;q=0.9,en;q=0.8",
                "authorization": "REDACTED",
                "cf-connecting-ip": "188.86.247.78",
                "cf-ipcountry": "ES",
                "cf-ray": "a11f0208f8b6cfe6",
                "cf-visitor": "{\"scheme\":\"https\"}",
                "connection": "Keep-Alive",
                "host": "eye-staff.app",
                "priority": "u=1, i",
                "referer": "https://eye-staff.app/",
                "sec-ch-ua": "\"Google Chrome\";v=\"149\", \"Chromium\";v=\"149\", \"Not)A;Brand\";v=\"24\"",
                "sec-ch-ua-mobile": "?0",
                "sec-ch-ua-platform": "\"macOS\"",
                "sec-fetch-dest": "empty",
                "sec-fetch-mode": "cors",
                "sec-fetch-site": "same-origin",
                "user-agent": "Mozilla/5.0 (Macintosh; Intel Mac OS X 10_15_7) AppleWebKit/537.36 (KHTML, like Gecko) Chrome/149.0.0.0 Safari/537.36",
                "x-forwarded-proto": "https",
                "x-real-ip": "188.86.247.78"
            },
            "cf": {
                "httpProtocol": "HTTP/3",
                "clientAcceptEncoding": "gzip, deflate, br",
                "requestPriority": "",
                "edgeRequestKeepAliveStatus": 1,
                "requestHeaderNames": {},
                "clientTcpRtt": 0,
                "clientQuicRtt": 16,
                "colo": "MAD",
                "asn": 12430,
                "asOrganization": "VODAFONE ESPANA, S.A.U",
                "country": "ES",
                "isEUCountry": "1",
                "city": "Madrid",
                "continent": "EU",
                "region": "Madrid",
                "regionCode": "MD",
                "timezone": "Europe/Madrid",
                "longitude": "-3.70256",
                "latitude": "40.4165",
                "postalCode": "28004",
                "tlsVersion": "TLSv1.3",
                "tlsCipher": "AEAD-AES128-GCM-SHA256",
                "tlsClientRandom": "lEhHLkeltTuGatDjbH9Y3td71wjMaZMC0SWJno9sWik=",
                "tlsClientCiphersSha1": "3HTt3+R/6BL3zeALJDSq0pR1yOQ=",
                "tlsClientExtensionsSha1": "PPT2zCLZcxBRujH33uzWORkDak0=",
                "tlsClientExtensionsSha1Le": "9LMMsfeJvXG9KT3BYn5rjd8xyXM=",
                "tlsClientHelloLength": "1722",
                "tlsClientAuth": {
                    "certPresented": "0",
                    "certVerified": "NONE",
                    "certRevoked": "0",
                    "certIssuerDN": "",
                    "certSubjectDN": "",
                    "certIssuerDNRFC2253": "",
                    "certSubjectDNRFC2253": "",
                    "certIssuerDNLegacy": "",
                    "certSubjectDNLegacy": "",
                    "certSerial": "",
                    "certIssuerSerial": "",
                    "certSKI": "",
                    "certIssuerSKI": "",
                    "certFingerprintSHA1": "",
                    "certFingerprintSHA256": "",
                    "certNotBefore": "",
                    "certNotAfter": "",
                    "certRFC9440": "",
                    "certRFC9440TooLarge": false,
                    "certChainRFC9440": "",
                    "certChainRFC9440TooLarge": false
                },
                "verifiedBotCategory": "",
                "edgeL4": {
                    "deliveryRate": 27177812
                }
            }
        },
        "response": {
            "status": 200
        }
    }
}
{
    "wallTime": 184,
    "cpuTime": 24,
    "truncated": false,
    "executionModel": "stateless",
    "outcome": "ok",
    "scriptTags": [
        "cf:service=grupo-eye-staff"
    ],
    "scriptVersion": {
        "id": "3c658acb-3c0a-4f6c-999e-21a279335e47"
    },
    "scriptName": "grupo-eye-staff",
    "diagnosticsChannelEvents": [],
    "exceptions": [],
    "logs": [],
    "eventTimestamp": 1782506228683,
    "event": {
        "request": {
            "url": "https://eye-staff.app/api/reports/test-request?t=1782506228591",
            "method": "POST",
            "headers": {
                "accept": "*/*",
                "accept-encoding": "gzip, br",
                "accept-language": "es-ES,es;q=0.9,en;q=0.8",
                "authorization": "REDACTED",
                "cache-control": "no-cache",
                "cf-connecting-ip": "188.86.247.78",
                "cf-ipcountry": "ES",
                "cf-ray": "a11f02193919cfe6",
                "cf-visitor": "{\"scheme\":\"https\"}",
                "connection": "Keep-Alive",
                "content-length": "71",
                "content-type": "application/json",
                "host": "eye-staff.app",
                "origin": "https://eye-staff.app",
                "pragma": "no-cache",
                "priority": "u=1, i",
                "referer": "https://eye-staff.app/",
                "sec-ch-ua": "\"Google Chrome\";v=\"149\", \"Chromium\";v=\"149\", \"Not)A;Brand\";v=\"24\"",
                "sec-ch-ua-mobile": "?0",
                "sec-ch-ua-platform": "\"macOS\"",
                "sec-fetch-dest": "empty",
                "sec-fetch-mode": "cors",
                "sec-fetch-site": "same-origin",
                "user-agent": "Mozilla/5.0 (Macintosh; Intel Mac OS X 10_15_7) AppleWebKit/537.36 (KHTML, like Gecko) Chrome/149.0.0.0 Safari/537.36",
                "x-forwarded-proto": "https",
                "x-real-ip": "188.86.247.78",
                "x-web-session-id": "1778900541742"
            },
            "cf": {
                "httpProtocol": "HTTP/3",
                "clientAcceptEncoding": "gzip, deflate, br",
                "requestPriority": "",
                "edgeRequestKeepAliveStatus": 1,
                "requestHeaderNames": {},
                "clientTcpRtt": 0,
                "clientQuicRtt": 26,
                "colo": "MAD",
                "asn": 12430,
                "asOrganization": "VODAFONE ESPANA, S.A.U",
                "country": "ES",
                "isEUCountry": "1",
                "city": "Madrid",
                "continent": "EU",
                "region": "Madrid",
                "regionCode": "MD",
                "timezone": "Europe/Madrid",
                "longitude": "-3.70256",
                "latitude": "40.4165",
                "postalCode": "28004",
                "tlsVersion": "TLSv1.3",
                "tlsCipher": "AEAD-AES128-GCM-SHA256",
                "tlsClientRandom": "lEhHLkeltTuGatDjbH9Y3td71wjMaZMC0SWJno9sWik=",
                "tlsClientCiphersSha1": "3HTt3+R/6BL3zeALJDSq0pR1yOQ=",
                "tlsClientExtensionsSha1": "PPT2zCLZcxBRujH33uzWORkDak0=",
                "tlsClientExtensionsSha1Le": "9LMMsfeJvXG9KT3BYn5rjd8xyXM=",
                "tlsClientHelloLength": "1722",
                "tlsClientAuth": {
                    "certPresented": "0",
                    "certVerified": "NONE",
                    "certRevoked": "0",
                    "certIssuerDN": "",
                    "certSubjectDN": "",
                    "certIssuerDNRFC2253": "",
                    "certSubjectDNRFC2253": "",
                    "certIssuerDNLegacy": "",
                    "certSubjectDNLegacy": "",
                    "certSerial": "",
                    "certIssuerSerial": "",
                    "certSKI": "",
                    "certIssuerSKI": "",
                    "certFingerprintSHA1": "",
                    "certFingerprintSHA256": "",
                    "certNotBefore": "",
                    "certNotAfter": "",
                    "certRFC9440": "",
                    "certRFC9440TooLarge": false,
                    "certChainRFC9440": "",
                    "certChainRFC9440TooLarge": false
                },
                "verifiedBotCategory": "",
                "edgeL4": {
                    "deliveryRate": 27177812
                }
            }
        },
        "response": {
            "status": 200
        }
    }
}
{
    "wallTime": 83,
    "cpuTime": 1,
    "truncated": false,
    "executionModel": "stateless",
    "outcome": "ok",
    "scriptTags": [
        "cf:service=grupo-eye-staff"
    ],
    "scriptVersion": {
        "id": "3c658acb-3c0a-4f6c-999e-21a279335e47"
    },
    "scriptName": "grupo-eye-staff",
    "diagnosticsChannelEvents": [],
    "exceptions": [],
    "logs": [],
    "eventTimestamp": 1782506231081,
    "event": {
        "request": {
            "url": "https://eye-staff.app/api/staff/live-locations?t=1782506230992",
            "method": "GET",
            "headers": {
                "accept": "*/*",
                "accept-encoding": "gzip, br",
                "accept-language": "es-ES,es;q=0.9,en;q=0.8",
                "authorization": "REDACTED",
                "cache-control": "no-cache",
                "cf-connecting-ip": "188.86.247.78",
                "cf-ipcountry": "ES",
                "cf-ray": "a11f022839cecfe6",
                "cf-visitor": "{\"scheme\":\"https\"}",
                "connection": "Keep-Alive",
                "content-type": "application/json",
                "host": "eye-staff.app",
                "pragma": "no-cache",
                "priority": "u=1, i",
                "referer": "https://eye-staff.app/",
                "sec-ch-ua": "\"Google Chrome\";v=\"149\", \"Chromium\";v=\"149\", \"Not)A;Brand\";v=\"24\"",
                "sec-ch-ua-mobile": "?0",
                "sec-ch-ua-platform": "\"macOS\"",
                "sec-fetch-dest": "empty",
                "sec-fetch-mode": "cors",
                "sec-fetch-site": "same-origin",
                "user-agent": "Mozilla/5.0 (Macintosh; Intel Mac OS X 10_15_7) AppleWebKit/537.36 (KHTML, like Gecko) Chrome/149.0.0.0 Safari/537.36",
                "x-forwarded-proto": "https",
                "x-real-ip": "188.86.247.78",
                "x-web-session-id": "1778900541742"
            },
            "cf": {
                "httpProtocol": "HTTP/3",
                "clientAcceptEncoding": "gzip, deflate, br",
                "requestPriority": "",
                "edgeRequestKeepAliveStatus": 1,
                "requestHeaderNames": {},
                "clientTcpRtt": 0,
                "clientQuicRtt": 23,
                "colo": "MAD",
                "asn": 12430,
                "asOrganization": "VODAFONE ESPANA, S.A.U",
                "country": "ES",
                "isEUCountry": "1",
                "city": "Madrid",
                "continent": "EU",
                "region": "Madrid",
                "regionCode": "MD",
                "timezone": "Europe/Madrid",
                "longitude": "-3.70256",
                "latitude": "40.4165",
                "postalCode": "28004",
                "tlsVersion": "TLSv1.3",
                "tlsCipher": "AEAD-AES128-GCM-SHA256",
                "tlsClientRandom": "lEhHLkeltTuGatDjbH9Y3td71wjMaZMC0SWJno9sWik=",
                "tlsClientCiphersSha1": "3HTt3+R/6BL3zeALJDSq0pR1yOQ=",
                "tlsClientExtensionsSha1": "PPT2zCLZcxBRujH33uzWORkDak0=",
                "tlsClientExtensionsSha1Le": "9LMMsfeJvXG9KT3BYn5rjd8xyXM=",
                "tlsClientHelloLength": "1722",
                "tlsClientAuth": {
                    "certPresented": "0",
                    "certVerified": "NONE",
                    "certRevoked": "0",
                    "certIssuerDN": "",
                    "certSubjectDN": "",
                    "certIssuerDNRFC2253": "",
                    "certSubjectDNRFC2253": "",
                    "certIssuerDNLegacy": "",
                    "certSubjectDNLegacy": "",
                    "certSerial": "",
                    "certIssuerSerial": "",
                    "certSKI": "",
                    "certIssuerSKI": "",
                    "certFingerprintSHA1": "",
                    "certFingerprintSHA256": "",
                    "certNotBefore": "",
                    "certNotAfter": "",
                    "certRFC9440": "",
                    "certRFC9440TooLarge": false,
                    "certChainRFC9440": "",
                    "certChainRFC9440TooLarge": false
                },
                "verifiedBotCategory": "",
                "edgeL4": {
                    "deliveryRate": 27177812
                }
            }
        },
        "response": {
            "status": 200
        }
    }
}
{
    "wallTime": 205,
    "cpuTime": 1,
    "truncated": false,
    "executionModel": "stateless",
    "outcome": "ok",
    "scriptTags": [
        "cf:service=grupo-eye-staff"
    ],
    "scriptVersion": {
        "id": "3c658acb-3c0a-4f6c-999e-21a279335e47"
    },
    "scriptName": "grupo-eye-staff",
    "diagnosticsChannelEvents": [],
    "exceptions": [],
    "logs": [
        {
            "message": [
                "[CRON] Revisando notificaciones para 2026-06-26 16:37..."
            ],
            "level": "log",
            "timestamp": 1782506235015
        }
    ],
    "eventTimestamp": 1782506235015,
    "event": {
        "cron": "* * * * *",
        "scheduledTime": 1782506234000
    }
}
{
    "wallTime": 1424,
    "cpuTime": 14,
    "truncated": false,
    "executionModel": "stateless",
    "outcome": "ok",
    "scriptTags": [
        "cf:service=grupo-eye-staff"
    ],
    "scriptVersion": {
        "id": "3c658acb-3c0a-4f6c-999e-21a279335e47"
    },
    "scriptName": "grupo-eye-staff",
    "diagnosticsChannelEvents": [],
    "exceptions": [],
    "logs": [],
    "eventTimestamp": 1782506236080,
    "event": {
        "request": {
            "url": "https://eye-staff.app/api/chat/conversations",
            "method": "GET",
            "headers": {
                "accept": "*/*",
                "accept-encoding": "gzip, br",
                "accept-language": "es-ES,es;q=0.9,en;q=0.8",
                "authorization": "REDACTED",
                "cf-connecting-ip": "188.86.247.78",
                "cf-ipcountry": "ES",
                "cf-ray": "a11f02477aa1cfe6",
                "cf-visitor": "{\"scheme\":\"https\"}",
                "connection": "Keep-Alive",
                "host": "eye-staff.app",
                "priority": "u=1, i",
                "referer": "https://eye-staff.app/",
                "sec-ch-ua": "\"Google Chrome\";v=\"149\", \"Chromium\";v=\"149\", \"Not)A;Brand\";v=\"24\"",
                "sec-ch-ua-mobile": "?0",
                "sec-ch-ua-platform": "\"macOS\"",
                "sec-fetch-dest": "empty",
                "sec-fetch-mode": "cors",
                "sec-fetch-site": "same-origin",
                "user-agent": "Mozilla/5.0 (Macintosh; Intel Mac OS X 10_15_7) AppleWebKit/537.36 (KHTML, like Gecko) Chrome/149.0.0.0 Safari/537.36",
                "x-forwarded-proto": "https",
                "x-real-ip": "188.86.247.78"
            },
            "cf": {
                "httpProtocol": "HTTP/3",
                "clientAcceptEncoding": "gzip, deflate, br",
                "requestPriority": "",
                "edgeRequestKeepAliveStatus": 1,
                "requestHeaderNames": {},
                "clientTcpRtt": 0,
                "clientQuicRtt": 24,
                "colo": "MAD",
                "asn": 12430,
                "asOrganization": "VODAFONE ESPANA, S.A.U",
                "country": "ES",
                "isEUCountry": "1",
                "city": "Madrid",
                "continent": "EU",
                "region": "Madrid",
                "regionCode": "MD",
                "timezone": "Europe/Madrid",
                "longitude": "-3.70256",
                "latitude": "40.4165",
                "postalCode": "28004",
                "tlsVersion": "TLSv1.3",
                "tlsCipher": "AEAD-AES128-GCM-SHA256",
                "tlsClientRandom": "lEhHLkeltTuGatDjbH9Y3td71wjMaZMC0SWJno9sWik=",
                "tlsClientCiphersSha1": "3HTt3+R/6BL3zeALJDSq0pR1yOQ=",
                "tlsClientExtensionsSha1": "PPT2zCLZcxBRujH33uzWORkDak0=",
                "tlsClientExtensionsSha1Le": "9LMMsfeJvXG9KT3BYn5rjd8xyXM=",
                "tlsClientHelloLength": "1722",
                "tlsClientAuth": {
                    "certPresented": "0",
                    "certVerified": "NONE",
                    "certRevoked": "0",
                    "certIssuerDN": "",
                    "certSubjectDN": "",
                    "certIssuerDNRFC2253": "",
                    "certSubjectDNRFC2253": "",
                    "certIssuerDNLegacy": "",
                    "certSubjectDNLegacy": "",
                    "certSerial": "",
                    "certIssuerSerial": "",
                    "certSKI": "",
                    "certIssuerSKI": "",
                    "certFingerprintSHA1": "",
                    "certFingerprintSHA256": "",
                    "certNotBefore": "",
                    "certNotAfter": "",
                    "certRFC9440": "",
                    "certRFC9440TooLarge": false,
                    "certChainRFC9440": "",
                    "certChainRFC9440TooLarge": false
                },
                "verifiedBotCategory": "",
                "edgeL4": {
                    "deliveryRate": 27177812
                }
            }
        },
        "response": {
            "status": 200
        }
    }
}
{
    "wallTime": 164,
    "cpuTime": 12,
    "truncated": false,
    "executionModel": "stateless",
    "outcome": "ok",
    "scriptTags": [
        "cf:service=grupo-eye-staff"
    ],
    "scriptVersion": {
        "id": "3c658acb-3c0a-4f6c-999e-21a279335e47"
    },
    "scriptName": "grupo-eye-staff",
    "diagnosticsChannelEvents": [],
    "exceptions": [],
    "logs": [],
    "eventTimestamp": 1782506241024,
    "event": {
        "request": {
            "url": "https://eye-staff.app/api/reports/test-request?t=1782506240929",
            "method": "POST",
            "headers": {
                "accept": "*/*",
                "accept-encoding": "gzip, br",
                "accept-language": "es-ES,es;q=0.9,en;q=0.8",
                "authorization": "REDACTED",
                "cache-control": "no-cache",
                "cf-connecting-ip": "188.86.247.78",
                "cf-ipcountry": "ES",
                "cf-ray": "a11f02665b8acfe6",
                "cf-visitor": "{\"scheme\":\"https\"}",
                "connection": "Keep-Alive",
                "content-length": "75",
                "content-type": "application/json",
                "host": "eye-staff.app",
                "origin": "https://eye-staff.app",
                "pragma": "no-cache",
                "priority": "u=1, i",
                "referer": "https://eye-staff.app/",
                "sec-ch-ua": "\"Google Chrome\";v=\"149\", \"Chromium\";v=\"149\", \"Not)A;Brand\";v=\"24\"",
                "sec-ch-ua-mobile": "?0",
                "sec-ch-ua-platform": "\"macOS\"",
                "sec-fetch-dest": "empty",
                "sec-fetch-mode": "cors",
                "sec-fetch-site": "same-origin",
                "user-agent": "Mozilla/5.0 (Macintosh; Intel Mac OS X 10_15_7) AppleWebKit/537.36 (KHTML, like Gecko) Chrome/149.0.0.0 Safari/537.36",
                "x-forwarded-proto": "https",
                "x-real-ip": "188.86.247.78",
                "x-web-session-id": "1778900541742"
            },
            "cf": {
                "httpProtocol": "HTTP/3",
                "clientAcceptEncoding": "gzip, deflate, br",
                "requestPriority": "",
                "edgeRequestKeepAliveStatus": 1,
                "requestHeaderNames": {},
                "clientTcpRtt": 0,
                "clientQuicRtt": 24,
                "colo": "MAD",
                "asn": 12430,
                "asOrganization": "VODAFONE ESPANA, S.A.U",
                "country": "ES",
                "isEUCountry": "1",
                "city": "Madrid",
                "continent": "EU",
                "region": "Madrid",
                "regionCode": "MD",
                "timezone": "Europe/Madrid",
                "longitude": "-3.70256",
                "latitude": "40.4165",
                "postalCode": "28004",
                "tlsVersion": "TLSv1.3",
                "tlsCipher": "AEAD-AES128-GCM-SHA256",
                "tlsClientRandom": "lEhHLkeltTuGatDjbH9Y3td71wjMaZMC0SWJno9sWik=",
                "tlsClientCiphersSha1": "3HTt3+R/6BL3zeALJDSq0pR1yOQ=",
                "tlsClientExtensionsSha1": "PPT2zCLZcxBRujH33uzWORkDak0=",
                "tlsClientExtensionsSha1Le": "9LMMsfeJvXG9KT3BYn5rjd8xyXM=",
                "tlsClientHelloLength": "1722",
                "tlsClientAuth": {
                    "certPresented": "0",
                    "certVerified": "NONE",
                    "certRevoked": "0",
                    "certIssuerDN": "",
                    "certSubjectDN": "",
                    "certIssuerDNRFC2253": "",
                    "certSubjectDNRFC2253": "",
                    "certIssuerDNLegacy": "",
                    "certSubjectDNLegacy": "",
                    "certSerial": "",
                    "certIssuerSerial": "",
                    "certSKI": "",
                    "certIssuerSKI": "",
                    "certFingerprintSHA1": "",
                    "certFingerprintSHA256": "",
                    "certNotBefore": "",
                    "certNotAfter": "",
                    "certRFC9440": "",
                    "certRFC9440TooLarge": false,
                    "certChainRFC9440": "",
                    "certChainRFC9440TooLarge": false
                },
                "verifiedBotCategory": "",
                "edgeL4": {
                    "deliveryRate": 27177812
                }
            }
        },
        "response": {
            "status": 200
        }
    }
}
{
    "wallTime": 86,
    "cpuTime": 1,
    "truncated": false,
    "executionModel": "stateless",
    "outcome": "ok",
    "scriptTags": [
        "cf:service=grupo-eye-staff"
    ],
    "scriptVersion": {
        "id": "3c658acb-3c0a-4f6c-999e-21a279335e47"
    },
    "scriptName": "grupo-eye-staff",
    "diagnosticsChannelEvents": [],
    "exceptions": [],
    "logs": [],
    "eventTimestamp": 1782506246084,
    "event": {
        "request": {
            "url": "https://eye-staff.app/api/staff/live-locations?t=1782506245992",
            "method": "GET",
            "headers": {
                "accept": "*/*",
                "accept-encoding": "gzip, br",
                "accept-language": "es-ES,es;q=0.9,en;q=0.8",
                "authorization": "REDACTED",
                "cache-control": "no-cache",
                "cf-connecting-ip": "188.86.247.78",
                "cf-ipcountry": "ES",
                "cf-ray": "a11f0285fc0ccfe6",
                "cf-visitor": "{\"scheme\":\"https\"}",
                "connection": "Keep-Alive",
                "content-type": "application/json",
                "host": "eye-staff.app",
                "pragma": "no-cache",
                "priority": "u=1, i",
                "referer": "https://eye-staff.app/",
                "sec-ch-ua": "\"Google Chrome\";v=\"149\", \"Chromium\";v=\"149\", \"Not)A;Brand\";v=\"24\"",
                "sec-ch-ua-mobile": "?0",
                "sec-ch-ua-platform": "\"macOS\"",
                "sec-fetch-dest": "empty",
                "sec-fetch-mode": "cors",
                "sec-fetch-site": "same-origin",
                "user-agent": "Mozilla/5.0 (Macintosh; Intel Mac OS X 10_15_7) AppleWebKit/537.36 (KHTML, like Gecko) Chrome/149.0.0.0 Safari/537.36",
                "x-forwarded-proto": "https",
                "x-real-ip": "188.86.247.78",
                "x-web-session-id": "1778900541742"
            },
            "cf": {
                "httpProtocol": "HTTP/3",
                "clientAcceptEncoding": "gzip, deflate, br",
                "requestPriority": "",
                "edgeRequestKeepAliveStatus": 1,
                "requestHeaderNames": {},
                "clientTcpRtt": 0,
                "clientQuicRtt": 22,
                "colo": "MAD",
                "asn": 12430,
                "asOrganization": "VODAFONE ESPANA, S.A.U",
                "country": "ES",
                "isEUCountry": "1",
                "city": "Madrid",
                "continent": "EU",
                "region": "Madrid",
                "regionCode": "MD",
                "timezone": "Europe/Madrid",
                "longitude": "-3.70256",
                "latitude": "40.4165",
                "postalCode": "28004",
                "tlsVersion": "TLSv1.3",
                "tlsCipher": "AEAD-AES128-GCM-SHA256",
                "tlsClientRandom": "lEhHLkeltTuGatDjbH9Y3td71wjMaZMC0SWJno9sWik=",
                "tlsClientCiphersSha1": "3HTt3+R/6BL3zeALJDSq0pR1yOQ=",
                "tlsClientExtensionsSha1": "PPT2zCLZcxBRujH33uzWORkDak0=",
                "tlsClientExtensionsSha1Le": "9LMMsfeJvXG9KT3BYn5rjd8xyXM=",
                "tlsClientHelloLength": "1722",
                "tlsClientAuth": {
                    "certPresented": "0",
                    "certVerified": "NONE",
                    "certRevoked": "0",
                    "certIssuerDN": "",
                    "certSubjectDN": "",
                    "certIssuerDNRFC2253": "",
                    "certSubjectDNRFC2253": "",
                    "certIssuerDNLegacy": "",
                    "certSubjectDNLegacy": "",
                    "certSerial": "",
                    "certIssuerSerial": "",
                    "certSKI": "",
                    "certIssuerSKI": "",
                    "certFingerprintSHA1": "",
                    "certFingerprintSHA256": "",
                    "certNotBefore": "",
                    "certNotAfter": "",
                    "certRFC9440": "",
                    "certRFC9440TooLarge": false,
                    "certChainRFC9440": "",
                    "certChainRFC9440TooLarge": false
                },
                "verifiedBotCategory": "",
                "edgeL4": {
                    "deliveryRate": 27177812
                }
            }
        },
        "response": {
            "status": 200
        }
    }
}
{
    "wallTime": 1434,
    "cpuTime": 15,
    "truncated": false,
    "executionModel": "stateless",
    "outcome": "ok",
    "scriptTags": [
        "cf:service=grupo-eye-staff"
    ],
    "scriptVersion": {
        "id": "3c658acb-3c0a-4f6c-999e-21a279335e47"
    },
    "scriptName": "grupo-eye-staff",
    "diagnosticsChannelEvents": [],
    "exceptions": [],
    "logs": [],
    "eventTimestamp": 1782506246083,
    "event": {
        "request": {
            "url": "https://eye-staff.app/api/chat/conversations",
            "method": "GET",
            "headers": {
                "accept": "*/*",
                "accept-encoding": "gzip, br",
                "accept-language": "es-ES,es;q=0.9,en;q=0.8",
                "authorization": "REDACTED",
                "cf-connecting-ip": "188.86.247.78",
                "cf-ipcountry": "ES",
                "cf-ray": "a11f0285fc0bcfe6",
                "cf-visitor": "{\"scheme\":\"https\"}",
                "connection": "Keep-Alive",
                "host": "eye-staff.app",
                "priority": "u=1, i",
                "referer": "https://eye-staff.app/",
                "sec-ch-ua": "\"Google Chrome\";v=\"149\", \"Chromium\";v=\"149\", \"Not)A;Brand\";v=\"24\"",
                "sec-ch-ua-mobile": "?0",
                "sec-ch-ua-platform": "\"macOS\"",
                "sec-fetch-dest": "empty",
                "sec-fetch-mode": "cors",
                "sec-fetch-site": "same-origin",
                "user-agent": "Mozilla/5.0 (Macintosh; Intel Mac OS X 10_15_7) AppleWebKit/537.36 (KHTML, like Gecko) Chrome/149.0.0.0 Safari/537.36",
                "x-forwarded-proto": "https",
                "x-real-ip": "188.86.247.78"
            },
            "cf": {
                "httpProtocol": "HTTP/3",
                "clientAcceptEncoding": "gzip, deflate, br",
                "requestPriority": "",
                "edgeRequestKeepAliveStatus": 1,
                "requestHeaderNames": {},
                "clientTcpRtt": 0,
                "clientQuicRtt": 22,
                "colo": "MAD",
                "asn": 12430,
                "asOrganization": "VODAFONE ESPANA, S.A.U",
                "country": "ES",
                "isEUCountry": "1",
                "city": "Madrid",
                "continent": "EU",
                "region": "Madrid",
                "regionCode": "MD",
                "timezone": "Europe/Madrid",
                "longitude": "-3.70256",
                "latitude": "40.4165",
                "postalCode": "28004",
                "tlsVersion": "TLSv1.3",
                "tlsCipher": "AEAD-AES128-GCM-SHA256",
                "tlsClientRandom": "lEhHLkeltTuGatDjbH9Y3td71wjMaZMC0SWJno9sWik=",
                "tlsClientCiphersSha1": "3HTt3+R/6BL3zeALJDSq0pR1yOQ=",
                "tlsClientExtensionsSha1": "PPT2zCLZcxBRujH33uzWORkDak0=",
                "tlsClientExtensionsSha1Le": "9LMMsfeJvXG9KT3BYn5rjd8xyXM=",
                "tlsClientHelloLength": "1722",
                "tlsClientAuth": {
                    "certPresented": "0",
                    "certVerified": "NONE",
                    "certRevoked": "0",
                    "certIssuerDN": "",
                    "certSubjectDN": "",
                    "certIssuerDNRFC2253": "",
                    "certSubjectDNRFC2253": "",
                    "certIssuerDNLegacy": "",
                    "certSubjectDNLegacy": "",
                    "certSerial": "",
                    "certIssuerSerial": "",
                    "certSKI": "",
                    "certIssuerSKI": "",
                    "certFingerprintSHA1": "",
                    "certFingerprintSHA256": "",
                    "certNotBefore": "",
                    "certNotAfter": "",
                    "certRFC9440": "",
                    "certRFC9440TooLarge": false,
                    "certChainRFC9440": "",
                    "certChainRFC9440TooLarge": false
                },
                "verifiedBotCategory": "",
                "edgeL4": {
                    "deliveryRate": 27177812
                }
            }
        },
        "response": {
            "status": 200
        }
    }
}
